customer_id,latitude,longitude,volume
C00001,12.8984117,77.6753647,5
C00002,12.8853599,77.6417564,3
C00003,13.0092018,77.5835956,5
C00004,12.908844,77.5410977,10
C00005,13.0000077,77.552163,3
C00006,12.9074619,77.5950566,3
C00007,13.100742,77.4861734,10
C00008,12.9775705,77.5312574,6
C00009,12.9998962,77.5693762,2
C00010,13.155488,77.52295,5
C00011,12.8559982,77.5703537,2
C00012,13.0028459,77.620199,2
C00013,13.0027344,77.6283176,4
C00014,12.9566622,77.5333202,1
C00015,12.9401016,77.5643797,1
C00016,12.9993193,77.6157833,2
C00017,13.0577588,77.595066,2
C00018,13.0126344,77.761099,4
C00019,12.9862525,77.615515,2
C00020,12.9451318,77.5965522,1
C00021,12.9368483,77.7496436,9
C00022,12.9914643,77.5712116,3
C00023,13.1011193,77.6349963,3
C00024,12.9496216,77.6997317,1
C00025,12.9683009,77.5377378,2
C00026,12.9721073,77.4604407,4
C00027,12.9780533,77.6330968,1
C00028,12.9526492,77.5773228,4
C00029,13.0207823,77.636101,2
C00030,12.9995426,77.6107599,3
C00031,12.9458038,77.5884207,2
C00032,12.9658588,77.5924927,12
C00033,12.9779357,77.6332748,3
C00034,12.9168805,77.5800258,2
C00035,12.960753,77.575626,6
C00036,12.8440173,77.7758454,1
C00037,13.0436723,77.5674972,4
C00038,12.9585492,77.5620042,1
C00039,12.9133572,77.5859308,1
C00040,13.0460325,77.6019944,4
C00041,12.9703096,77.5761097,6
C00042,12.9866784,77.7446635,4
C00043,12.9189105,77.6493579,3
C00044,13.0636337,77.5888045,3
C00045,12.9039299,77.5094821,1
C00046,12.9982515,77.5489122,2
C00047,12.9467794,77.67533,2
C00048,12.9845494,77.5118053,7
C00049,12.901075,77.6509734,4
C00050,13.1326124,77.4035472,1
C00051,12.9877647,77.5558484,4
C00052,12.9585512,77.5253725,3
C00053,12.8994971,77.5613308,2
C00054,13.0409904,77.5636179,5
C00055,12.9381919,77.556125,7
C00056,12.9598498,77.7173096,6
C00057,12.9077814,77.4765263,2
C00058,12.9964417,77.695743,3
C00059,12.9704514,77.6530301,4
C00060,13.0115445,77.5548961,7
C00061,12.9492318,77.5829608,2
C00062,12.9264043,77.4942917,3
C00063,13.1024731,77.6284623,2
C00064,12.835602,77.6906797,1
C00065,12.9419235,77.5712377,6
C00066,12.9825032,77.6016498,9
C00067,12.8788511,77.6370793,3
C00068,13.0563555,77.6022113,7
C00069,12.9657866,77.6417312,4
C00070,12.883542,77.5662616,2
C00071,13.0639031,77.5883845,4
C00072,12.8764914,77.5746366,10
C00073,13.0243374,77.5862759,3
C00074,13.00032,77.6160306,10
C00075,12.9842579,77.6793484,1
C00076,12.9398518,77.6257018,6
C00077,12.9588435,77.6597215,4
C00078,12.9610487,77.5261786,3
C00079,13.0006526,77.6755508,4
C00080,12.9600613,77.6451094,1
C00081,12.9721584,77.5830647,3
C00082,12.9701437,77.5762001,4
C00083,12.939797,77.7471995,9
C00084,13.0470848,77.5735469,2
C00085,13.0233107,77.6373863,2
C00086,12.9772008,77.5733371,2
C00087,12.9517821,77.7001004,6
C00088,12.9857306,77.6145196,4
C00089,12.9958696,77.5025178,2
C00090,12.9095608,77.6043781,5
C00091,12.915413,77.6357011,4
C00092,12.9408887,77.6957776,7
C00093,13.0116759,77.5548264,2
C00094,12.9141965,77.6098793,3
C00095,12.9895619,77.7327219,3
C00096,12.9201628,77.6846279,1
C00097,12.9720276,77.6803329,4
C00098,12.9608058,77.7201818,4
C00099,12.86652,77.5993069,3
C00100,12.9793925,77.7512601,3
C00101,12.9583212,77.659636,1
C00102,13.0491569,77.4874879,2
C00103,12.8677963,77.5769733,3
C00104,13.0706821,77.5901444,2
C00105,13.095608,77.4040855,3
C00106,12.9561059,77.728155,4
C00107,12.8057638,77.6993057,12
C00108,13.1261778,77.5665048,4
C00109,13.1917707,77.6449996,4
C00110,12.9808177,77.535785,3
C00111,12.991706,77.6893145,1
C00112,12.9893109,77.7284525,3
C00113,13.0859294,77.5554179,3
C00114,12.9583367,77.7154806,19
C00115,12.9835508,77.602996,3
C00116,13.1993319,77.7088604,4
C00117,12.840586,77.6512633,3
C00118,12.9463287,77.6815209,1
C00119,12.9853462,77.5708101,7
C00120,12.9524904,77.5773248,6
C00121,12.9360247,77.7211769,6
C00122,12.9787862,77.6406827,2
C00123,13.0793576,77.607557,9
C00124,12.9466331,77.6186349,1
C00125,12.920006,77.6208506,5
C00126,13.0479002,77.5137672,15
C00127,12.9721449,77.6518743,2
C00128,12.9587374,77.5635594,2
C00129,12.999958,77.5526294,4
C00130,13.0191154,77.5851502,2
C00131,12.9167139,77.6214094,1
C00132,13.0848432,77.6406397,3
C00133,12.9915545,77.5710486,2
C00134,12.9698194,77.6317472,5
C00135,13.0295035,77.6379716,2
C00136,13.0813561,77.5597829,10
C00137,12.9827024,77.6346767,2
C00138,13.0018848,77.5944286,3
C00139,13.0553751,77.6322956,6
C00140,12.976856,77.5930816,1
C00141,13.0013412,77.6149976,4
C00142,12.8983182,77.6198745,8
C00143,12.9366068,77.5176248,1
C00144,12.9827236,77.5871529,4
C00145,12.9794855,77.6950527,4
C00146,12.9540038,77.5801262,6
C00147,12.931257,77.7418047,1
C00148,13.1284262,77.5725129,1
C00149,12.961826,77.6388929,5
C00150,12.9416715,77.5251166,4
C00151,12.9736956,77.6536931,4
C00152,13.0108586,77.5069287,4
C00153,12.9371376,77.6241392,2
C00154,13.0258423,77.585423,4
C00155,12.9423428,77.6947814,4
C00156,13.0666217,77.5961004,2
C00157,13.1259046,77.5917583,12
C00158,12.9348122,77.612678,5
C00159,12.8914399,77.577242,1
C00160,12.9151456,77.6325028,5
C00161,13.1038383,77.5742273,2
C00162,12.9713557,77.6063804,6
C00163,12.920717,77.6868756,7
C00164,12.981279,77.7088355,2
C00165,12.9492162,77.585193,7
C00166,12.9338175,77.6201615,4
C00167,12.8379839,77.6027762,6
C00168,13.1179122,77.6887357,13
C00169,12.9496369,77.5769836,3
C00170,12.9582751,77.5866433,2
C00171,12.9212407,77.5721232,2
C00172,12.8775861,77.5445791,2
C00173,13.0510007,77.5077223,3
C00174,12.9586058,77.5649032,4
C00175,12.9691447,77.6244445,4
C00176,12.9728225,77.537934,6
C00177,12.9409367,77.6958029,3
C00178,12.9743165,77.6076285,9
C00179,12.9481356,77.5999766,3
C00180,12.9916949,77.5710365,22
C00181,12.8976252,77.5994818,5
C00182,12.8807559,77.6455534,2
C00183,12.9249266,77.6890972,2
C00184,13.1998005,77.7106771,5
C00185,12.9028697,77.5214198,3
C00186,13.040877,77.6183731,5
C00187,12.9556699,77.5402492,5
C00188,12.9733973,77.5781068,3
C00189,13.0978039,77.5811889,2
C00190,12.9531464,77.652966,1
C00191,13.0453792,77.6267297,2
C00192,13.0186697,77.6596016,6
C00193,12.9889735,77.5468723,4
C00194,13.024502,77.6033331,1
C00195,12.9063347,77.4691479,4
C00196,12.882941,77.5831498,4
C00197,12.9558441,77.6928214,2
C00198,13.002768,77.5536287,4
C00199,12.9284272,77.5365559,3
C00200,13.0401523,77.6794578,1
C00201,12.9034398,77.5161114,4
C00202,13.03553,77.5027084,5
C00203,12.9100981,77.5921837,7
C00204,12.8349928,77.695376,7
C00205,12.8914742,77.5816905,1
C00206,13.0670424,77.5539093,2
C00207,12.9089414,77.6517168,5
C00208,12.9713351,77.6068689,5
C00209,12.9288673,77.5850418,5
C00210,12.9611063,77.5089279,49
C00211,12.9284692,77.5839834,5
C00212,12.9899192,77.5718369,7
C00213,12.9334096,77.5622345,6
C00214,12.919989,77.5139568,5
C00215,12.933081,77.7426334,3
C00216,12.9622462,77.6189542,6
C00217,13.0363059,77.5748837,2
C00218,12.9049503,77.6958191,3
C00219,12.9143691,77.600264,2
C00220,12.93132,77.6088007,4
C00221,12.9965158,77.6684619,17
C00222,13.0691775,77.6154768,1
C00223,12.9733,77.6074809,5
C00224,13.0481669,77.6288875,1
C00225,12.9875238,77.7469566,2
C00226,12.9975851,77.6136744,7
C00227,12.9222167,77.5893947,3
C00228,12.9386194,77.6968704,2
C00229,12.9334666,77.6208718,2
C00230,12.952795,77.6402944,5
C00231,12.9375675,77.7476451,2
C00232,13.073014,77.7921381,4
C00233,13.1045677,77.4344668,3
C00234,12.8932294,77.6199699,2
C00235,12.980827,77.6397762,15
C00236,12.9603157,77.5930493,5
C00237,12.9365433,77.6067081,1
C00238,12.9738764,77.609241,4
C00239,12.8655685,77.6001278,2
C00240,12.9702558,77.6281889,6
C00241,12.9048732,77.7251308,2
C00242,13.0420275,77.6196581,3
C00243,13.0753537,77.5676271,5
C00244,12.9641353,77.5513024,6
C00245,12.9167282,77.5997303,1
C00246,12.9786029,77.6310756,3
C00247,12.9208893,77.5971712,2
C00248,12.9491329,77.6213403,2
C00249,12.9652692,77.6393889,11
C00250,12.9110517,77.6517239,4
C00251,12.9366448,77.612113,1
C00252,12.9156309,77.6468534,6
C00253,13.1050815,77.5928726,15
C00254,13.0287464,77.6638996,7
C00255,13.0056502,77.5485621,1
C00256,13.0296128,77.5607646,2
C00257,12.9829836,77.5856052,8
C00258,13.0350701,77.5276471,2
C00259,12.9708565,77.6067087,5
C00260,12.9251926,77.6803632,6
C00261,12.9314394,77.6913134,2
C00262,12.8482581,77.6625319,3
C00263,12.9227496,77.5839284,1
C00264,12.9179468,77.6493572,2
C00265,12.9977968,77.6959728,3
C00266,12.9672774,77.7163372,1
C00267,12.9698067,77.6383793,10
C00268,12.9989861,77.550271,1
C00269,12.8897698,77.5941264,2
C00270,12.9435401,77.5618941,4
C00271,13.0320546,77.5698106,9
C00272,13.0308448,77.6686663,1
C00273,13.0040144,77.568516,7
C00274,13.057495,77.5902182,3
C00275,12.9789434,77.6331909,2
C00276,12.9858992,77.5557672,5
C00277,12.9899286,77.7285916,4
C00278,12.9696041,77.6243903,2
C00279,12.991464,77.6151865,3
C00280,12.9737687,77.643565,3
C00281,12.8763595,77.6026806,4
C00282,12.9164462,77.6072593,5
C00283,13.023763,77.6029395,10
C00284,12.8916707,77.6195466,1
C00285,12.9826459,77.5374853,15
C00286,12.9017004,77.5823794,1
C00287,12.9898377,77.5550568,3
C00288,12.9796156,77.6413767,5
C00289,12.9973063,77.6138674,4
C00290,13.0520168,77.6460806,2
C00291,13.0383902,77.6640554,3
C00292,12.9385446,77.6261803,2
C00293,12.9082067,77.6516183,2
C00294,12.9749863,77.6066026,6
C00295,13.0987887,77.5728817,4
C00296,13.0078677,77.5795899,2
C00297,13.0662346,77.5972173,6
C00298,13.1412357,77.5260412,4
C00299,12.9174473,77.5777675,6
C00300,12.9322826,77.5836572,5
C00301,12.9635616,77.7493148,2
C00302,12.9365891,77.7503139,2
C00303,12.9636734,77.5740355,6
C00304,12.951206,77.5916371,5
C00305,12.935039,77.5859186,3
C00306,12.9375291,77.6176417,4
C00307,12.9557182,77.7243611,8
C00308,13.0367319,77.5237031,2
C00309,13.0575391,77.6439643,5
C00310,12.9147654,77.6383124,3
C00311,12.9812894,77.610261,3
C00312,13.0287107,77.5193387,7
C00313,12.9784564,77.708794,6
C00314,13.0483167,77.574566,6
C00315,13.1095538,77.6344905,8
C00316,12.9870531,77.5946559,3
C00317,13.0582022,77.6437419,5
C00318,12.9766767,77.5761455,3
C00319,12.8920902,77.5815631,4
C00320,13.0032862,77.5499273,3
C00321,13.086031,77.6862593,4
C00322,12.8975618,77.5464399,5
C00323,13.0283661,77.5863827,2
C00324,12.9943339,77.6155865,14
C00325,12.9875385,77.7461558,2
C00326,12.966924,77.5745737,1
C00327,12.9730408,77.6154753,7
C00328,13.0554499,77.6002759,6
C00329,12.9785564,77.6294684,5
C00330,12.9824433,77.5927509,5
C00331,12.910925,77.6098697,3
C00332,12.9564476,77.6963172,2
C00333,13.0146244,77.5852695,4
C00334,12.9390389,77.6259421,2
C00335,13.0380621,77.6261302,7
C00336,12.9945193,77.7578103,3
C00337,12.9709404,77.6402441,2
C00338,12.9884188,77.5378231,3
C00339,12.9511633,77.6402859,4
C00340,13.0610952,77.5065467,2
C00341,12.9276696,77.5150909,2
C00342,12.9444948,77.6297409,4
C00343,12.8929425,77.6077625,4
C00344,12.9919093,77.5705987,2
C00345,13.016181,77.5726554,2
C00346,12.8620669,77.5639299,4
C00347,12.8843474,77.596172,1
C00348,12.9684464,77.6371542,1
C00349,12.973471,77.6064612,2
C00350,12.9262096,77.6868139,3
C00351,13.0240558,77.6240521,4
C00352,12.9588832,77.7192399,9
C00353,12.9798339,77.6361209,6
C00354,13.0833428,77.6435579,3
C00355,13.0247172,77.5483657,3
C00356,12.9860932,77.7466835,2
C00357,13.0276245,77.6324005,3
C00358,13.0142084,77.6362576,3
C00359,12.971597,77.5941126,4
C00360,12.9296699,77.58844,2
C00361,12.983068,77.5959854,5
C00362,12.9702309,77.7308598,10
C00363,12.913824,77.6325155,3
C00364,13.011218,77.5554078,4
C00365,12.913213,77.6445226,5
C00366,12.996409,77.6289225,3
C00367,12.9917517,77.5576615,4
C00368,12.9423878,77.7474336,3
C00369,12.8664201,77.5354575,4
C00370,13.0096891,77.644262,2
C00371,13.0408816,77.5892901,3
C00372,12.9827478,77.5940108,5
C00373,12.9773082,77.5750587,9
C00374,12.9210453,77.5835608,6
C00375,12.8922252,77.6247786,15
C00376,13.0339935,77.5688182,2
C00377,12.9727753,77.606803,6
C00378,12.9591346,77.6565349,4
C00379,12.9595569,77.5142941,15
C00380,12.9519348,77.7027723,2
C00381,12.9876923,77.6769799,2
C00382,12.973415,77.6164258,2
C00383,13.0005913,77.5634317,1
C00384,13.1308842,77.4190932,2
C00385,13.0748888,77.6189885,2
C00386,12.8919438,77.5801537,4
C00387,12.934111,77.7448542,4
C00388,12.95223,77.6526779,12
C00389,12.8026883,77.5088247,6
C00390,13.0318378,77.6124561,2
C00391,12.9976869,77.5511653,2
C00392,12.987562,77.726836,5
C00393,12.9750833,77.6517316,1
C00394,12.910813,77.6403798,12
C00395,12.9724001,77.6510384,8
C00396,12.9273325,77.5182504,2
C00397,12.9865466,77.5950151,1
C00398,12.9179144,77.5967581,9
C00399,12.9898189,77.6540261,3
C00400,12.9320659,77.6182289,8
C00401,12.9172731,77.6450753,1
C00402,13.0363508,77.5980075,2
C00403,12.9207274,77.5835381,3
C00404,13.0036418,77.5700467,3
C00405,12.9528642,77.5289366,2
C00406,12.9748728,77.6065328,5
C00407,13.0034433,77.6323983,2
C00408,12.8478047,77.7648328,3
C00409,12.9482393,77.6988082,4
C00410,12.9602743,77.7199662,5
C00411,12.9386698,77.5524175,5
C00412,13.0024232,77.6613912,2
C00413,12.9588096,77.6177216,1
C00414,12.9393275,77.7294836,8
C00415,12.9701199,77.5762439,4
C00416,12.9723374,77.6187616,2
C00417,12.9355699,77.6142407,10
C00418,12.9522605,77.7002399,4
C00419,12.9294386,77.6325022,8
C00420,12.9983605,77.5491093,3
C00421,12.9797866,77.6211119,14
C00422,12.965423,77.6419072,11
C00423,13.0074466,77.5488708,3
C00424,12.8814903,77.4633765,7
C00425,13.0230217,77.6431387,5
C00426,13.0238806,77.643224,9
C00427,12.876884,77.6392801,2
C00428,13.0639147,77.589641,5
C00429,12.9570283,77.5694518,7
C00430,13.0056248,77.5622366,1
C00431,12.8297065,77.6818318,1
C00432,13.0687676,77.5547451,1
C00433,12.8896776,77.5820164,3
C00434,12.8998618,77.6085502,5
C00435,12.9747199,77.584898,10
C00436,12.9622109,77.5954049,3
C00437,12.8984265,77.6107309,10
C00438,12.9512344,77.5870455,1
C00439,12.9015042,77.5441292,1
C00440,13.0035647,77.5127828,3
C00441,12.9586983,77.5356684,4
C00442,12.9626393,77.5857113,3
C00443,12.9329962,77.5850947,1
C00444,12.9191813,77.6381379,3
C00445,12.9700452,77.6407993,1
C00446,13.0164088,77.5682496,5
C00447,12.8759894,77.5955735,4
C00448,12.9757596,77.5975294,2
C00449,12.8488383,77.6575738,2
C00450,13.129855,77.5870592,2
C00451,12.9604853,77.5680425,3
C00452,13.0579806,77.5942266,6
C00453,13.0038285,77.6154682,2
C00454,12.9675719,77.5746436,5
C00455,13.0770012,77.5581038,2
C00456,12.9447294,77.4964669,2
C00457,12.8645386,77.5982045,3
C00458,12.9444702,77.5847747,2
C00459,12.9152752,77.5394034,2
C00460,12.9239802,77.5837211,1
C00461,12.9745173,77.6074333,13
C00462,13.0011064,77.5969579,3
C00463,12.928997,77.5861425,2
C00464,13.0146472,77.5782943,4
C00465,12.9432666,77.5585119,3
C00466,12.9751276,77.6472097,3
C00467,12.9895972,77.7280808,5
C00468,12.967291,77.5429164,6
C00469,12.9756151,77.6411895,2
C00470,12.9752011,77.6041985,2
C00471,12.9528447,77.571206,3
C00472,12.9510527,77.5911638,1
C00473,12.9785778,77.5720175,1
C00474,12.9690294,77.7500256,9
C00475,12.908221,77.6403396,11
C00476,12.9656927,77.6001774,3
C00477,13.0052576,77.5715263,5
C00478,13.0397397,77.5640747,4
C00479,12.9047743,77.6919057,29
C00480,12.934246,77.6157354,7
C00481,13.0185287,77.6549166,3
C00482,12.9776695,77.5553656,2
C00483,13.0069903,77.7543365,1
C00484,12.953323,77.6498665,4
C00485,13.0412578,77.5902846,2
C00486,12.9401156,77.5839124,1
C00487,12.9712331,77.5373405,2
C00488,13.0370746,77.5656715,2
C00489,12.81802,77.4928871,11
C00490,13.0544797,77.6710295,6
C00491,13.0020607,77.6324471,3
C00492,12.9734934,77.6078611,9
C00493,13.0222667,77.6470832,4
C00494,12.9375545,77.6281177,2
C00495,12.8720023,77.5701117,10
C00496,12.9491696,77.5853015,5
C00497,12.9720123,77.6409807,2
C00498,12.9595272,77.6564161,3
C00499,13.0395699,77.6073304,2
C00500,13.0639378,77.5899559,1
C00501,12.8846435,77.5527546,6
C00502,12.9043117,77.568727,13
C00503,13.0090515,77.5807017,1
C00504,12.9720694,77.6089097,5
C00505,12.9757691,77.6228178,2
C00506,12.9443543,77.6945749,2
C00507,12.9607836,77.6003789,2
C00508,12.9479149,77.5794869,2
C00509,13.0303875,77.6079607,3
C00510,13.0007109,77.6239498,2
C00511,13.020096,77.6929133,4
C00512,12.9188259,77.6701594,3
C00513,12.9714816,77.7064422,3
C00514,12.9945449,77.6084153,2
C00515,12.9555907,77.7253412,2
C00516,12.91268,77.679947,6
C00517,12.9479011,77.6993831,5
C00518,12.8966309,77.5862714,2
C00519,12.9369135,77.6905688,4
C00520,12.9548407,77.6491037,6
C00521,12.9791558,77.6355262,1
C00522,13.0882301,77.5560431,5
C00523,12.9140448,77.6383391,2
C00524,12.9721987,77.6976091,5
C00525,12.9745034,77.7212365,2
C00526,12.984305,77.7515099,1
C00527,12.9271045,77.5763095,1
C00528,12.9560863,77.5771714,3
C00529,13.0068743,77.6125185,4
C00530,13.0217392,77.6397872,2
C00531,12.9200698,77.667263,5
C00532,12.8466888,77.6715401,1
C00533,12.937648,77.6267717,3
C00534,12.9118578,77.6517238,1
C00535,12.8376225,77.6581721,2
C00536,12.910803,77.5787134,3
C00537,12.9810472,77.6371441,2
C00538,12.9964948,77.5632993,3
C00539,12.953493,77.7180598,7
C00540,13.0197834,77.673589,2
C00541,13.0276331,77.63229,6
C00542,13.0147187,77.5539779,2
C00543,12.9894159,77.556053,5
C00544,12.832975,77.5891537,9
C00545,13.0860793,77.5556803,1
C00546,12.9176041,77.5927545,2
C00547,12.8564021,77.6634179,5
C00548,13.0257924,77.6037965,3
C00549,12.9978986,77.4895384,4
C00550,12.9079064,77.640438,2
C00551,12.9592729,77.5360288,4
C00552,12.9706111,77.6447314,3
C00553,12.906053,77.5897421,8
C00554,12.8749691,77.5950421,4
C00555,12.9879742,77.5764499,4
C00556,13.1677718,77.6250708,2
C00557,12.9642449,77.5923432,2
C00558,12.9231939,77.5851987,2
C00559,13.0018028,77.5712157,4
C00560,12.9610494,77.5124747,2
C00561,12.8906819,77.5819411,4
C00562,12.9675529,77.6109517,14
C00563,12.9689388,77.5950441,6
C00564,12.9752206,77.6221318,3
C00565,12.9680925,77.5700945,8
C00566,13.0014935,77.5694596,2
C00567,13.0387546,77.6415959,1
C00568,12.992784,77.5742564,2
C00569,12.9755955,77.6164167,1
C00570,13.0021998,77.6251814,3
C00571,12.8991373,77.7131919,3
C00572,13.0334391,77.5557171,11
C00573,12.9109842,77.6001833,4
C00574,13.0627726,77.5872356,3
C00575,13.0682587,77.5566819,6
C00576,13.0230704,77.6508206,1
C00577,12.973528,77.6203608,4
C00578,13.0285112,77.5835663,6
C00579,13.0342601,77.574479,1
C00580,12.9140082,77.607945,7
C00581,12.9688815,77.5791931,4
C00582,12.9701273,77.6445989,2
C00583,13.0085545,77.5635455,5
C00584,12.9565025,77.7455903,16
C00585,12.9155206,77.6449606,4
C00586,13.0765293,77.5937558,4
C00587,13.0082237,77.6952052,2
C00588,12.8662453,77.7683221,2
C00589,13.0636881,77.5905633,6
C00590,13.0011065,77.624216,2
C00591,12.9093844,77.6378877,3
C00592,12.9378029,77.5755637,2
C00593,12.9858618,77.5877734,5
C00594,12.9505504,77.5934449,4
C00595,12.9862367,77.5707724,7
C00596,12.9188186,77.6097984,2
C00597,12.9693009,77.6317545,3
C00598,12.9368587,77.6200385,2
C00599,12.9623762,77.7165261,2
C00600,12.9269593,77.5454463,4
C00601,12.9719543,77.6409398,6
C00602,12.9243833,77.4867217,2
C00603,12.8889433,77.6027595,6
C00604,12.9012706,77.7079872,9
C00605,12.9841703,77.5869736,4
C00606,13.1025916,77.6292752,12
C00607,12.9485561,77.5806108,2
C00608,13.0370574,77.5896455,1
C00609,13.0006319,77.663217,1
C00610,12.9681189,77.54325,9
C00611,12.9100655,77.5921205,5
C00612,12.9036309,77.5440956,3
C00613,12.9061152,77.5887159,4
C00614,12.9166545,77.5942339,2
C00615,12.9456627,77.570339,18
C00616,12.9659365,77.7138374,4
C00617,12.9510578,77.5829803,4
C00618,13.0012808,77.5783329,6
C00619,12.8794525,77.7615986,5
C00620,13.0687552,77.6034879,4
C00621,13.0068461,77.5691003,2
C00622,12.9503659,77.6151518,5
C00623,12.9126891,77.6325502,12
C00624,12.97241,77.6511337,9
C00625,13.0636616,77.5899684,10
C00626,12.9105841,77.6008291,2
C00627,12.9607841,77.7148673,2
C00628,12.9396495,77.5853022,3
C00629,12.9564551,77.709996,3
C00630,12.9785713,77.4778584,7
C00631,13.0282177,77.6207124,1
C00632,12.9757481,77.5373265,10
C00633,12.9350476,77.613283,3
C00634,12.9738188,77.5910912,2
C00635,13.0065349,77.6237528,2
C00636,12.965757,77.5904035,1
C00637,12.9562633,77.7295136,6
C00638,12.8801983,77.5144615,3
C00639,13.0242739,77.5981924,1
C00640,12.967716,77.5054094,1
C00641,12.9149968,77.6449862,3
C00642,13.0811411,77.5879745,11
C00643,12.9856882,77.5565229,3
C00644,12.980087,77.6461181,1
C00645,13.0014995,77.6308859,3
C00646,12.9196523,77.6114056,3
C00647,12.9572056,77.7371941,1
C00648,13.0039619,77.6273052,3
C00649,12.9635773,77.7481446,3
C00650,13.0708682,77.5895852,5
C00651,13.0958449,77.7353505,12
C00652,13.0113593,77.5566723,7
C00653,12.9946468,77.6092321,3
C00654,12.976722,77.5933363,2
C00655,12.9857143,77.6462187,20
C00656,13.0374105,77.6082063,3
C00657,12.9739057,77.7530511,3
C00658,12.9642138,77.5776413,3
C00659,12.9368847,77.6246206,4
C00660,12.9617515,77.7302214,3
C00661,12.9677987,77.654435,2
C00662,12.9692952,77.5766217,2
C00663,12.931392,77.5683011,3
C00664,12.8899259,77.6392156,2
C00665,12.9607436,77.6389824,2
C00666,13.0238561,77.7469162,4
C00667,12.9607301,77.527248,3
C00668,13.0474129,77.628536,10
C00669,13.005019,77.6239403,1
C00670,12.9646524,77.6602981,7
C00671,13.0062108,77.5712536,8
C00672,12.9700441,77.5764584,1
C00673,13.0198088,77.5837552,3
C00674,12.9592212,77.7182084,3
C00675,12.9872074,77.7538642,1
C00676,12.9945667,77.5691333,2
C00677,13.0541756,77.6019547,2
C00678,12.975719,77.606009,11
C00679,13.033163,77.5691004,6
C00680,12.8593715,77.5703418,8
C00681,13.0489302,77.5977161,6
C00682,12.9099986,77.5928725,2
C00683,12.9723773,77.6165146,2
C00684,12.9228872,77.6174916,5
C00685,12.912102,77.4916924,1
C00686,13.0296603,77.5805059,5
C00687,12.9688306,77.7999412,3
C00688,12.9394985,77.7230174,3
C00689,12.9086939,77.6037357,5
C00690,13.0674903,77.5754418,5
C00691,13.0752074,77.5576357,3
C00692,13.0053362,77.5715593,7
C00693,12.9987069,77.5699054,2
C00694,12.9701239,77.6357946,5
C00695,13.0553344,77.6002401,5
C00696,12.9261578,77.6761827,3
C00697,12.9986872,77.5531093,4
C00698,12.841845,77.6770949,1
C00699,12.9106109,77.6520674,6
C00700,12.9783733,77.576356,3
C00701,12.9383901,77.7469296,2
C00702,12.9582555,77.7031243,7
C00703,12.9592189,77.6550673,2
C00704,12.9811714,77.6059779,1
C00705,13.0605758,77.5939077,1
C00706,13.0684459,77.5543868,5
C00707,13.0933683,77.5939798,1
C00708,12.9558306,77.7137275,11
C00709,12.9288251,77.6303011,1
C00710,13.0076533,77.5483261,11
C00711,12.9737489,77.590017,4
C00712,12.9567487,77.700455,3
C00713,12.9891269,77.7184682,2
C00714,12.970121,77.6368712,4
C00715,12.9627703,77.6424953,3
C00716,12.9812254,77.5637346,7
C00717,12.9287251,77.5911273,4
C00718,12.9568252,77.7408435,4
C00719,12.9809794,77.5975758,3
C00720,12.9621375,77.6365672,3
C00721,13.0219084,77.6577437,4
C00722,12.9778265,77.5935704,1
C00723,12.9893211,77.7320373,1
C00724,12.9437494,77.5716777,6
C00725,13.0206859,77.5521442,4
C00726,12.852801,77.5880283,3
C00727,13.0155071,77.702372,3
C00728,13.0411886,77.623837,4
C00729,12.9331051,77.62526,2
C00730,12.9700592,77.5763455,2
C00731,12.9928196,77.5306777,4
C00732,13.028586,77.5406946,2
C00733,12.9975224,77.6148206,4
C00734,12.9496114,77.5790786,1
C00735,12.9989809,77.5694952,7
C00736,12.9700003,77.6410842,5
C00737,12.9694309,77.6829853,4
C00738,12.914082,77.6105925,7
C00739,12.9736663,77.642755,11
C00740,12.9568108,77.7365507,7
C00741,12.808615,77.699385,1
C00742,12.9752086,77.6068423,1
C00743,13.1036863,77.5769869,2
C00744,12.9992771,77.4961909,3
C00745,13.0572301,77.6441366,5
C00746,13.0478429,77.6446325,2
C00747,12.9836112,77.752016,4
C00748,12.978349,77.6315072,2
C00749,12.9240063,77.6545058,2
C00750,13.120648,77.6114683,1
C00751,12.9834422,77.5958308,2
C00752,12.9881698,77.6897409,1
C00753,12.8872184,77.4533279,2
C00754,12.8761282,77.5956939,7
C00755,13.0638418,77.5872695,2
C00756,13.0116624,77.5549201,21
C00757,12.9796282,77.7243891,5
C00758,12.9445779,77.6949987,4
C00759,12.9285179,77.5843951,2
C00760,12.9633811,77.606725,5
C00761,13.0174886,77.5919026,2
C00762,12.9153637,77.6448637,4
C00763,12.9594016,77.7184562,20
C00764,12.9413253,77.5212118,3
C00765,12.9824116,77.7163129,7
C00766,13.0556069,77.6449111,2
C00767,12.9137354,77.6063863,3
C00768,12.9782761,77.587084,11
C00769,12.9138278,77.6068639,2
C00770,12.989817,77.5558289,12
C00771,12.9843577,77.7496932,5
C00772,13.0219543,77.5534496,2
C00773,12.910721,77.6491129,5
C00774,12.874452,77.5383926,7
C00775,12.9547472,77.6982166,5
C00776,12.9782427,77.6303751,1
C00777,12.9559991,77.5806662,2
C00778,13.1925241,77.6456434,3
C00779,13.06084,77.5756311,3
C00780,13.1037228,77.5755565,5
C00781,12.9219633,77.5896562,4
C00782,12.9782811,77.6609695,1
C00783,12.9591813,77.6382984,4
C00784,12.8747315,77.7663458,5
C00785,13.0712519,77.5900659,5
C00786,12.9446296,77.594531,7
C00787,12.8739896,77.650836,6
C00788,12.9124512,77.6396711,5
C00789,12.9631181,77.7082171,3
C00790,12.9134456,77.6051098,1
C00791,13.1439953,77.6177894,4
C00792,12.9296701,77.5764082,4
C00793,12.9391987,77.5517587,4
C00794,12.9368859,77.5826318,1
C00795,13.024278,77.6587297,2
C00796,12.942076,77.553598,7
C00797,12.8606762,77.5427075,3
C00798,12.9487476,77.7084681,5
C00799,13.0278814,77.5750376,3
C00800,13.0009067,77.6326824,3
C00801,13.036062,77.5317247,6
C00802,12.9539457,77.5919233,2
C00803,12.9682255,77.6516302,4
C00804,12.9592695,77.482792,2
C00805,12.9626268,77.5485405,2
C00806,12.9665205,77.6131355,3
C00807,12.915785,77.6194045,4
C00808,12.8744383,77.5579029,2
C00809,12.9898484,77.5553153,8
C00810,13.1458556,77.4173425,2
C00811,12.8124032,77.4497321,3
C00812,12.8423131,77.6768099,2
C00813,13.0648236,77.7401255,9
C00814,13.0758896,77.4364795,4
C00815,12.9792318,77.7513063,7
C00816,13.0590516,77.5927236,1
C00817,13.0267058,77.7686139,4
C00818,12.972494,77.6489639,6
C00819,13.1446528,77.6033988,4
C00820,12.9757755,77.6023797,7
C00821,12.9850504,77.5532533,2
C00822,12.9653458,77.6380532,9
C00823,13.0675402,77.5541164,17
C00824,12.9608573,77.508791,3
C00825,12.985767,77.5885816,2
C00826,12.9634823,77.5523641,9
C00827,12.9293093,77.4837912,10
C00828,12.9731233,77.5403966,2
C00829,12.9720668,77.7093105,2
C00830,12.9577573,77.7218296,3
C00831,12.9097581,77.7555189,1
C00832,12.9937126,77.5731581,2
C00833,13.01174,77.5516172,2
C00834,12.9222084,77.6695754,2
C00835,12.9747473,77.6077169,3
C00836,12.9603654,77.7204849,4
C00837,13.0529429,77.661465,10
C00838,13.0397318,77.4939859,2
C00839,12.918758,77.6699518,7
C00840,13.0336923,77.5274119,3
C00841,12.9986585,77.5508011,3
C00842,12.9811159,77.5768709,5
C00843,13.0058128,77.7567846,2
C00844,13.0214839,77.6408994,4
C00845,12.9811313,77.5637347,4
C00846,12.9915773,77.5706234,5
C00847,12.9345711,77.4710678,4
C00848,12.9126034,77.4852906,19
C00849,12.9209404,77.6527729,2
C00850,12.9126681,77.6284933,2
C00851,13.0268786,77.5719356,2
C00852,12.9726805,77.535704,2
C00853,13.0858951,77.5557916,2
C00854,12.9282918,77.583689,8
C00855,12.9684633,77.5405727,9
C00856,12.874969,77.5423699,2
C00857,13.0225104,77.6395484,2
C00858,12.8738696,77.6424281,5
C00859,13.0626717,77.740183,2
C00860,13.0070927,77.5693166,5
C00861,12.9038372,77.5106478,4
C00862,13.0005324,77.581877,1
C00863,13.1927408,77.6432911,10
C00864,12.9697341,77.6361247,12
C00865,12.9699243,77.6393627,2
C00866,12.9918233,77.5377992,3
C00867,13.0948564,77.5800486,4
C00868,12.9511623,77.5940154,4
C00869,12.9580712,77.5186179,5
C00870,13.0368052,77.4960405,14
C00871,13.045261,77.5564492,3
C00872,12.9162291,77.5405845,2
C00873,12.9253087,77.5821648,1
C00874,13.0472069,77.5758354,2
C00875,13.0077336,77.6942547,3
C00876,13.0400138,77.555146,12
C00877,13.032069,77.5593775,2
C00878,12.9480519,77.5329047,4
C00879,12.9163226,77.6104868,3
C00880,12.937055,77.5784773,8
C00881,13.0014386,77.5714353,19
C00882,13.0085779,77.499708,2
C00883,12.9450272,77.6807331,2
C00884,12.9745112,77.6016775,7
C00885,12.9240283,77.5002596,5
C00886,12.9698116,77.6415504,12
C00887,13.0795041,77.5592368,5
C00888,12.9071627,77.5988768,3
C00889,12.91064,77.6238263,5
C00890,13.0071365,77.5484884,7
C00891,12.8388068,77.6606721,6
C00892,12.9356186,77.6252806,5
C00893,12.9649995,77.7172428,7
C00894,13.0815389,77.5475289,8
C00895,13.1728266,77.5710643,9
C00896,13.0083615,77.5491026,5
C00897,12.9949208,77.6694503,3
C00898,12.9334046,77.6968406,4
C00899,13.0338733,77.5678459,8
C00900,13.1331985,77.6874906,2
C00901,12.9884317,77.5377873,4
C00902,12.9690693,77.7391248,3
C00903,13.0610953,77.5540677,3
C00904,12.9727776,77.5353774,8
C00905,12.9567418,77.7425311,4
C00906,12.9613347,77.6382044,3
C00907,12.9723934,77.6520605,1
C00908,12.9725273,77.6506916,6
C00909,12.9686175,77.6489441,5
C00910,12.9653566,77.5897586,15
C00911,12.9713945,77.7063241,3
C00912,12.8797542,77.6039308,4
C00913,12.933546,77.5421397,4
C00914,12.9765018,77.590991,10
C00915,13.0522469,77.551486,3
C00916,13.0292301,77.5711275,4
C00917,12.8879987,77.5818506,5
C00918,13.0089647,77.580665,4
C00919,12.9136612,77.6076138,2
C00920,12.93794,77.7001931,4
C00921,12.9850752,77.4826274,7
C00922,12.9847156,77.5868649,2
C00923,12.9568134,77.6545474,4
C00924,12.8019084,77.5759716,2
C00925,12.8580771,77.4291287,8
C00926,13.0042884,77.7099467,1
C00927,13.0206063,77.6445361,2
C00928,12.9140842,77.6130655,4
C00929,12.9828069,77.5683807,10
C00930,13.0133459,77.5544125,3
C00931,12.9057896,77.5426217,2
C00932,12.9715104,77.5983259,12
C00933,12.9795534,77.5106479,1
C00934,12.9661279,77.7178132,1
C00935,12.8900746,77.5976753,5
C00936,12.9437347,77.5799634,2
C00937,12.9702072,77.6448025,2
C00938,12.9833614,77.6033233,5
C00939,12.9529841,77.6175394,4
C00940,12.9786231,77.6405512,2
C00941,12.8001292,77.5083207,1
C00942,12.8920259,77.5791107,6
C00943,13.0416622,77.5948393,5
C00944,12.8365529,77.6848329,3
C00945,13.0668152,77.5539754,12
C00946,12.9567763,77.6549886,2
C00947,12.911002,77.639716,1
C00948,12.9244378,77.7860585,2
C00949,12.9978791,77.5825963,3
C00950,12.9473142,77.6812773,4
C00951,13.0187332,77.5627893,3
C00952,12.903547,77.6499433,4
C00953,12.9589566,77.6553832,1
C00954,12.9156187,77.5859244,9
C00955,13.0135799,77.5836905,3
C00956,12.9290157,77.5912224,7
C00957,13.0243179,77.586385,4
C00958,12.9204015,77.6067432,5
C00959,12.936417,77.4284629,5
C00960,12.972753,77.570233,5
C00961,12.929764,77.6851805,5
C00962,13.0002142,77.6229186,8
C00963,12.8422071,77.6768415,4
C00964,12.9722194,77.6520425,5
C00965,12.9731359,77.6144747,3
C00966,12.9580752,77.6613137,9
C00967,13.0233826,77.5508348,2
C00968,12.9637093,77.5064206,12
C00969,12.9822565,77.6295796,3
C00970,12.9762717,77.5756226,1
C00971,13.0636455,77.5895433,4
C00972,13.1284562,77.5872771,2
C00973,12.9602509,77.6493985,6
C00974,12.9144825,77.6354985,2
C00975,12.9997198,77.569202,2
C00976,12.9754271,77.6075562,1
C00977,12.9275876,77.5947124,2
C00978,12.975626,77.5703293,1
C00979,13.0596498,77.5927922,1
C00980,13.0495397,77.6452383,6
C00981,12.9054692,77.6055683,6
C00982,12.9065058,77.5918414,4
C00983,12.9670978,77.6809662,2
C00984,12.9819526,77.6103232,3
C00985,12.9337223,77.5623383,3
C00986,13.055118,77.6010506,1
C00987,12.9952675,77.6083164,10
C00988,12.9678746,77.53859,6
C00989,12.9189801,77.5956678,3
C00990,12.8774364,77.5466045,3
C00991,12.9771406,77.5933953,4
C00992,12.973051,77.6110437,1
C00993,12.9813699,77.6376935,3
C00994,13.0000437,77.550093,2
C00995,13.0450201,77.5076896,2
C00996,12.8001711,77.5775225,3
C00997,12.9669946,77.591066,12
C00998,12.9719699,77.5964178,5
C00999,12.9901802,77.5721599,2
C01000,12.9711284,77.5959911,5
C01001,13.0106546,77.6151919,9
C01002,13.0284821,77.5199844,6
C01003,12.9640334,77.5065815,3
C01004,12.9158171,77.6240368,2
C01005,12.9615933,77.7163006,5
C01006,13.050419,77.6302917,4
C01007,12.9672769,77.765051,6
C01008,12.9461993,77.5815966,5
C01009,12.9380952,77.687157,7
C01010,12.9756536,77.6014723,2
C01011,12.9110205,77.578656,8
C01012,13.0960676,77.5782046,4
C01013,12.938804,77.5529925,14
C01014,12.9762412,77.5287549,2
C01015,12.9049595,77.5607273,11
C01016,12.8866375,77.6344577,4
C01017,13.1454447,77.678766,2
C01018,13.1133093,77.5748035,2
C01019,12.9786575,77.6453982,3
C01020,12.8440684,77.679462,4
C01021,13.001646,77.6316638,5
C01022,12.9108209,77.4501754,2
C01023,13.0695337,77.6187638,3
C01024,12.98774,77.5781892,15
C01025,13.0292958,77.6013165,11
C01026,13.0507717,77.6213655,5
C01027,12.9058635,77.5428556,3
C01028,12.9764317,77.600996,4
C01029,12.9888754,77.5378467,5
C01030,12.9838269,77.7513513,2
C01031,12.8856849,77.555324,3
C01032,12.9729751,77.61396,1
C01033,13.0117593,77.5548097,4
C01034,13.1038321,77.5768311,5
C01035,12.9259398,77.617142,2
C01036,12.9603151,77.6458853,10
C01037,12.9166467,77.5947595,1
C01038,13.00691,77.5693026,1
C01039,12.9084945,77.6794413,4
C01040,12.9285597,77.581973,7
C01041,12.9585825,77.5319394,11
C01042,12.9575721,77.6001983,2
C01043,12.9650035,77.6001039,7
C01044,12.9156099,77.5873571,3
C01045,12.9981241,77.5715661,3
C01046,13.026494,77.5933758,6
C01047,12.9716631,77.6067862,5
C01048,12.9329058,77.6134662,1
C01049,13.0280696,77.5585824,9
C01050,12.8746877,77.5372256,9
C01051,12.9371426,77.6329739,2
C01052,12.9576071,77.5336372,4
C01053,12.9010699,77.5858542,5
C01054,12.9168855,77.6450023,4
C01055,13.0606761,77.5875176,2
C01056,12.9822462,77.699052,2
C01057,12.9697196,77.64666,3
C01058,12.9947733,77.5892958,8
C01059,12.9753531,77.6019106,5
C01060,12.9832366,77.5492541,3
C01061,13.0250126,77.4866168,6
C01062,12.9039952,77.6018922,1
C01063,12.9218307,77.586046,7
C01064,13.041054,77.624476,1
C01065,13.003513,77.6295457,3
C01066,12.9888224,77.6885716,2
C01067,12.9321765,77.623039,1
C01068,13.030763,77.6350379,7
C01069,12.8353468,77.6922314,2
C01070,12.9735849,77.6019274,4
C01071,12.9180492,77.6318764,3
C01072,12.8001885,77.5084551,5
C01073,12.8500655,77.6624706,4
C01074,12.8993766,77.5968829,1
C01075,13.1454452,77.6788305,7
C01076,13.125673,77.5914377,2
C01077,12.9619507,77.6500879,1
C01078,12.9721108,77.6066343,2
C01079,12.8598964,77.7904734,9
C01080,12.9364437,77.7501833,6
C01081,12.9397235,77.5424829,3
C01082,13.0615759,77.6341447,3
C01083,12.9882463,77.5584271,3
C01084,12.9727738,77.5371175,14
C01085,12.9268106,77.6227986,4
C01086,12.9729346,77.6357245,4
C01087,12.9950231,77.5552222,7
C01088,12.9573821,77.569714,4
C01089,12.9729659,77.6374812,3
C01090,13.0833957,77.643219,3
C01091,12.9804675,77.6940181,3
C01092,12.8780028,77.638532,3
C01093,13.0324962,77.5694874,6
C01094,13.0706866,77.5915311,3
C01095,12.9716971,77.6056664,6
C01096,13.0711582,77.5807044,3
C01097,12.8812243,77.5988207,4
C01098,13.0216491,77.7955269,1
C01099,13.1018277,77.7779014,6
C01100,12.9073363,77.6405702,4
C01101,12.9682545,77.6648221,7
C01102,12.9151274,77.6516323,1
C01103,12.9070872,77.5461078,14
C01104,12.9107034,77.6002334,3
C01105,12.9503234,77.6162619,7
C01106,12.9560746,77.7167824,2
C01107,12.9462397,77.5801928,5
C01108,12.8920786,77.5983413,2
C01109,12.9013834,77.510892,2
C01110,12.9351887,77.6135481,13
C01111,13.0516461,77.6304983,3
C01112,12.9358102,77.5801653,4
C01113,13.0322135,77.5698943,6
C01114,13.0242654,77.5627497,5
C01115,12.897113,77.5963941,4
C01116,12.9471494,77.6773048,4
C01117,12.9504123,77.6445772,18
C01118,12.9846381,77.5915512,3
C01119,12.9194664,77.6098979,4
C01120,13.1410616,77.6325203,7
C01121,12.9207294,77.620094,7
C01122,12.9220265,77.6955226,8
C01123,13.0098716,77.7581979,5
C01124,12.9726403,77.648343,1
C01125,13.0117965,77.5567415,10
C01126,12.997606,77.6148607,1
C01127,12.9590164,77.6570285,4
C01128,12.9921267,77.5507937,2
C01129,12.9214381,77.483471,3
C01130,12.910727,77.6520664,4
C01131,12.9160185,77.5738355,4
C01132,12.9348545,77.6348279,4
C01133,12.8476007,77.670661,10
C01134,13.0670502,77.6079925,5
C01135,12.9965335,77.6190505,3
C01136,12.9496465,77.6265836,7
C01137,12.980832,77.5483476,8
C01138,12.9755872,77.7497714,1
C01139,12.9177582,77.5729056,5
C01140,12.8760205,77.6705852,5
C01141,12.9558272,77.7130454,3
C01142,13.0232425,77.5502535,9
C01143,13.0035483,77.6606248,3
C01144,12.9171866,77.586079,4
C01145,13.0002257,77.6185259,3
C01146,12.8567838,77.541725,3
C01147,12.9855196,77.5556874,2
C01148,12.96777,77.536697,1
C01149,12.9334928,77.6157175,10
C01150,13.0340079,77.5755465,2
C01151,12.9075581,77.4911578,2
C01152,12.9995579,77.5692846,1
C01153,12.9580859,77.6595455,2
C01154,12.9264042,77.5646605,1
C01155,12.9817311,77.5333714,10
C01156,12.8538911,77.5889038,7
C01157,12.9715582,77.5704057,2
C01158,12.8820137,77.6247555,16
C01159,12.9279957,77.5861533,7
C01160,12.924153,77.565797,3
C01161,12.9800513,77.6680088,1
C01162,12.9515979,77.5835711,17
C01163,12.9322341,77.5354777,1
C01164,12.9358801,77.6214605,1
C01165,12.9959856,77.5685352,7
C01166,13.0559749,77.5578439,18
C01167,13.1218601,77.6226174,9
C01168,13.0342363,77.5692585,5
C01169,13.0198429,77.5839399,5
C01170,12.974683,77.6067111,6
C01171,12.9550933,77.5339403,6
C01172,12.9358062,77.5480552,4
C01173,12.9274405,77.5802437,4
C01174,12.954963,77.7252993,3
C01175,12.9368818,77.5820785,2
C01176,12.9192616,77.668534,3
C01177,13.0068432,77.5484589,1
C01178,12.9802702,77.7902352,3
C01179,12.9625369,77.6422561,2
C01180,13.0526173,77.6456095,2
C01181,12.9138593,77.6153672,4
C01182,12.9824103,77.6074845,9
C01183,12.9374106,77.6027513,6
C01184,13.0199181,77.5840113,1
C01185,12.9620241,77.7013733,2
C01186,12.9198044,77.6493324,6
C01187,13.0312594,77.6358425,2
C01188,12.9912991,77.6878913,3
C01189,12.8825682,77.5466598,5
C01190,12.985994,77.5874287,2
C01191,13.1155339,77.5770221,4
C01192,13.1008901,77.6437751,1
C01193,12.9386733,77.5526257,2
C01194,13.0005949,77.6173368,4
C01195,13.043986,77.6006984,1
C01196,12.9104906,77.4815428,5
C01197,12.9435002,77.5677379,3
C01198,12.9063288,77.5965004,5
C01199,12.9410881,77.5244316,4
C01200,12.9288924,77.5623711,9
C01201,13.0708506,77.5914191,4
C01202,12.9201662,77.5204049,2
C01203,12.9907716,77.6525114,4
C01204,13.0008435,77.623967,5
C01205,13.0030548,77.619863,3
C01206,13.1215236,77.6126106,3
C01207,12.9595766,77.535977,2
C01208,12.9584755,77.5919279,2
C01209,12.9377198,77.5493212,1
C01210,12.9780004,77.5508566,11
C01211,12.9676052,77.5996495,1
C01212,13.0782386,77.5377059,2
C01213,12.9416428,77.5842724,2
C01214,12.9553684,77.6751852,6
C01215,12.9668201,77.6091407,3
C01216,12.914221,77.6099694,8
C01217,12.9232383,77.6498021,2
C01218,12.9118648,77.6389566,4
C01219,12.916627,77.5962281,2
C01220,12.8920803,77.5817326,15
C01221,12.9029457,77.497285,1
C01222,12.8866579,77.605946,4
C01223,12.9121238,77.6509657,5
C01224,12.9702033,77.57617,4
C01225,13.0333661,77.5541308,3
C01226,13.0381927,77.6416174,3
C01227,12.943229,77.6091984,3
C01228,13.178691,77.5209407,3
C01229,12.9714531,77.6942959,7
C01230,12.9230018,77.5972171,16
C01231,13.0623983,77.5182099,2
C01232,12.8915823,77.5769612,1
C01233,12.9995086,77.5790032,3
C01234,12.9706228,77.5553763,20
C01235,12.9989122,77.6180182,2
C01236,12.9680027,77.578642,10
C01237,12.9105272,77.6395327,11
C01238,12.9539396,77.5688104,2
C01239,13.0070488,77.5790404,5
C01240,13.0571707,77.6482304,10
C01241,12.9915868,77.5703571,3
C01242,12.9494216,77.5848413,3
C01243,13.003564,77.571349,2
C01244,12.9336499,77.6301205,2
C01245,12.948786,77.5857283,2
C01246,13.0803293,77.5591419,1
C01247,12.9780941,77.6345877,3
C01248,12.9824741,77.6381006,2
C01249,12.9914521,77.7205954,4
C01250,12.9178308,77.7957687,1
C01251,13.0359742,77.5734048,4
C01252,12.9675021,77.6045937,6
C01253,12.976658,77.6023847,1
C01254,12.9416198,77.5573584,4
C01255,13.0070245,77.5544693,8
C01256,12.9761842,77.602631,1
C01257,12.969159,77.749515,11
C01258,12.9155396,77.6987271,4
C01259,13.0107206,77.5549405,2
C01260,12.9614661,77.6364411,3
C01261,12.874822,77.7661681,5
C01262,12.9254097,77.4986469,4
C01263,12.9689844,77.6415777,5
C01264,12.9408878,77.747285,2
C01265,12.957147,77.7458386,4
C01266,12.9455201,77.6192189,1
C01267,12.9646163,77.5517803,3
C01268,13.010028,77.5906928,2
C01269,13.0180713,77.5026372,2
C01270,12.9235417,77.6185557,8
C01271,12.958245,77.5336169,7
C01272,13.0237231,77.5850442,5
C01273,13.0834286,77.6434208,2
C01274,13.0982845,77.5847103,3
C01275,12.9411907,77.5802295,8
C01276,12.9565128,77.6537159,4
C01277,12.9859752,77.5885464,17
C01278,12.9691501,77.5364636,4
C01279,12.966328,77.6371955,4
C01280,12.9982005,77.5406416,3
C01281,12.9510567,77.6441587,4
C01282,12.9238253,77.6094141,3
C01283,12.9627581,77.5845588,5
C01284,12.9236989,77.5734586,6
C01285,13.0374079,77.5654203,2
C01286,13.1037916,77.5750766,1
C01287,12.9243812,77.5644144,1
C01288,12.8240253,77.6847849,5
C01289,12.8405575,77.6628485,2
C01290,12.9289928,77.6165832,1
C01291,12.9303018,77.5666608,4
C01292,12.9752333,77.6258831,19
C01293,12.9955696,77.6017708,3
C01294,12.997125,77.5868347,6
C01295,12.9313454,77.6912033,4
C01296,12.9363554,77.6905489,3
C01297,12.8760524,77.5955732,6
C01298,12.9734188,77.6395345,3
C01299,12.9802453,77.5955632,4
C01300,12.9742298,77.6377772,4
C01301,12.909578,77.5641601,2
C01302,12.997554,77.546095,7
C01303,12.9598805,77.6018473,3
C01304,12.9604713,77.5652214,2
C01305,12.9670027,77.6126508,5
C01306,12.9386426,77.5527913,2
C01307,12.9783618,77.5870781,3
C01308,12.9476738,77.5990277,3
C01309,12.9138844,77.4870121,7
C01310,12.9189484,77.6098587,5
C01311,13.0056735,77.548329,3
C01312,12.9883655,77.59376,6
C01313,13.0107089,77.5579056,9
C01314,12.9730415,77.6480221,5
C01315,12.9072688,77.7053533,3
C01316,12.9711887,77.6143701,1
C01317,12.9651046,77.5345131,2
C01318,12.9936933,77.5304186,3
C01319,12.9857221,77.5879276,2
C01320,12.8940827,77.5679951,3
C01321,12.9742184,77.5456182,3
C01322,12.9710489,77.6475289,5
C01323,12.9288721,77.5073755,3
C01324,13.0044531,77.5783579,5
C01325,12.98516,77.6016342,3
C01326,12.8621839,77.6126508,1
C01327,12.8877544,77.5628468,2
C01328,12.9912368,77.6577482,3
C01329,13.1113607,77.5569963,1
C01330,12.977223,77.5899909,5
C01331,13.0179551,77.5537308,10
C01332,12.9963776,77.5514093,8
C01333,12.9556751,77.7124115,3
C01334,13.0307866,77.6354955,9
C01335,12.9920694,77.570822,4
C01336,12.9708195,77.600727,3
C01337,13.1273816,77.5878558,2
C01338,13.0632419,77.6422176,3
C01339,13.0241366,77.5861819,3
C01340,13.0051033,77.5696356,4
C01341,12.9966912,77.6967126,4
C01342,13.0578543,77.5462761,3
C01343,13.0148018,77.5681432,5
C01344,12.9232698,77.5810327,8
C01345,13.0632285,77.6068687,6
C01346,12.9168619,77.5882013,1
C01347,12.9752095,77.7713656,1
C01348,13.0338628,77.5687072,6
C01349,12.9995361,77.7197386,1
C01350,12.9755715,77.6413378,3
C01351,12.9595347,77.5120035,1
C01352,12.9431459,77.5893564,1
C01353,12.9287644,77.5858624,5
C01354,13.02454,77.5950447,6
C01355,12.9946147,77.6986687,2
C01356,12.9872062,77.7368076,1
C01357,12.9580728,77.6594492,2
C01358,12.9792461,77.6952137,4
C01359,12.9061458,77.5968786,1
C01360,12.9217521,77.6638083,4
C01361,12.9750033,77.6077818,3
C01362,12.9639584,77.6413395,5
C01363,13.0493747,77.5557397,4
C01364,13.0418729,77.5304892,2
C01365,12.9751861,77.5451895,8
C01366,12.9884699,77.5769743,3
C01367,12.9799577,77.5966461,3
C01368,12.9329465,77.5918045,2
C01369,12.905666,77.6012072,2
C01370,12.9855905,77.5599798,2
C01371,12.9567804,77.7148696,3
C01372,12.9229116,77.5650055,11
C01373,13.0633964,77.5057075,1
C01374,12.9189208,77.6165159,1
C01375,13.0079648,77.5562786,9
C01376,12.9698751,77.6392046,3
C01377,12.9811352,77.6476672,2
C01378,12.9730027,77.6124148,7
C01379,12.9122107,77.6377107,2
C01380,12.9722083,77.6538788,12
C01381,12.9489406,77.5949925,5
C01382,12.8426053,77.5178602,2
C01383,13.0242126,77.5865363,15
C01384,12.9167733,77.6110998,2
C01385,12.9741253,77.561823,6
C01386,13.0998523,77.5873859,4
C01387,13.1990189,77.7082921,8
C01388,13.0240459,77.5864593,10
C01389,12.9810398,77.6104463,3
C01390,12.9582966,77.7156081,2
C01391,13.0006977,77.6328058,5
C01392,12.9580498,77.6594456,2
C01393,12.8014433,77.5749742,14
C01394,12.9568266,77.7404078,4
C01395,12.9243736,77.4981352,3
C01396,12.9784737,77.6394515,4
C01397,13.0758637,77.5594245,1
C01398,12.9734836,77.6357281,2
C01399,12.9236001,77.5879513,8
C01400,12.8327806,77.6809399,2
C01401,12.9675654,77.7187047,2
C01402,12.9513838,77.6994322,5
C01403,12.9712747,77.6919326,8
C01404,12.9385924,77.5410571,5
C01405,12.9077002,77.6405153,7
C01406,12.972711,77.5360097,2
C01407,12.9612937,77.5753891,1
C01408,13.1048382,77.575315,9
C01409,12.9824199,77.6078755,3
C01410,12.883362,77.5831729,3
C01411,13.0530851,77.6457541,8
C01412,12.9750407,77.6199867,5
C01413,12.9658931,77.6370702,5
C01414,13.1170818,77.635595,15
C01415,12.9578343,77.5342179,2
C01416,12.9117415,77.6442736,6
C01417,12.9558995,77.6411692,3
C01418,12.9119718,77.6260111,4
C01419,12.9793166,77.7120686,10
C01420,12.8775041,77.6031664,5
C01421,12.9355455,77.5351518,5
C01422,12.9659706,77.6744108,7
C01423,12.9163673,77.6082005,3
C01424,12.870872,77.5935324,2
C01425,12.9337369,77.6176108,2
C01426,12.9783325,77.6386612,1
C01427,12.996375,77.5503418,14
C01428,13.0188203,77.5686314,2
C01429,12.9344559,77.6159732,3
C01430,12.9542695,77.5757643,3
C01431,12.9427251,77.5712748,4
C01432,12.978547,77.5872153,6
C01433,13.0139138,77.5706714,6
C01434,12.9249909,77.5440968,2
C01435,13.0261502,77.5776319,3
C01436,12.9005351,77.5583911,4
C01437,12.9330908,77.5814924,3
C01438,12.9505044,77.6243923,10
C01439,13.0221502,77.5534251,5
C01440,12.9677173,77.6003168,6
C01441,13.0091024,77.5912466,5
C01442,12.9032032,77.5697228,8
C01443,13.0532734,77.6044159,4
C01444,12.933379,77.7446356,1
C01445,12.8972303,77.6459233,4
C01446,12.9351187,77.6088557,2
C01447,12.9885512,77.6937025,2
C01448,12.9571564,77.7018603,5
C01449,12.9806921,77.6410053,8
C01450,12.9251568,77.6338744,3
C01451,13.0062044,77.5605179,4
C01452,13.0928999,77.523654,11
C01453,13.0603606,77.5923724,4
C01454,12.9944952,77.6159529,21
C01455,13.1039498,77.5727951,5
C01456,12.9872807,77.5494174,1
C01457,12.9437023,77.5846389,6
C01458,13.0684762,77.5544058,4
C01459,12.9647139,77.6056671,8
C01460,13.064804,77.6521368,5
C01461,13.0049733,77.553767,3
C01462,12.9378288,77.5692035,1
C01463,13.0480353,77.5008879,3
C01464,12.9861656,77.5819255,2
C01465,12.9690223,77.5433246,2
C01466,12.9509992,77.5698534,5
C01467,12.9864322,77.6462463,11
C01468,12.991859,77.5917461,4
C01469,12.912653,77.59021,1
C01470,12.9228875,77.5736719,5
C01471,13.1269751,77.5665678,8
C01472,13.0347696,77.5576937,2
C01473,13.0467217,77.5671136,3
C01474,12.9601636,77.6430082,3
C01475,12.8770641,77.4166514,2
C01476,12.9750886,77.7271395,5
C01477,13.1424106,77.7340989,3
C01478,12.9352294,77.6076048,4
C01479,12.9822815,77.708899,2
C01480,12.9175286,77.6519289,2
C01481,13.0081486,77.7837101,6
C01482,12.9244734,77.6185744,3
C01483,13.0163704,77.6473761,11
C01484,12.9587478,77.6595963,3
C01485,12.9572546,77.6074721,4
C01486,12.9184754,77.6321554,6
C01487,12.9568284,77.7403071,1
C01488,13.0278171,77.5572395,1
C01489,13.0368048,77.6548747,1
C01490,13.0017378,77.630831,8
C01491,12.8819309,77.470935,2
C01492,13.0677887,77.5754934,20
C01493,12.9777094,77.6280218,2
C01494,12.9949231,77.6078993,4
C01495,12.8879571,77.5626885,10
C01496,12.868371,77.6550611,14
C01497,12.9927313,77.6051119,14
C01498,12.9851088,77.7480845,8
C01499,12.9754222,77.636333,7
C01500,12.8407276,77.5972657,5
C01501,12.9675399,77.6703009,6
C01502,12.9643458,77.5433388,2
C01503,12.9158584,77.6989689,2
C01504,12.9612458,77.7162332,3
C01505,12.9720603,77.6044944,3
C01506,12.9170622,77.5786109,2
C01507,12.9489087,77.6872536,5
C01508,12.8717255,77.574927,6
C01509,12.9282084,77.6066821,4
C01510,12.9588104,77.5868782,9
C01511,13.001038,77.6623051,1
C01512,12.9555948,77.6418006,3
C01513,13.0833773,77.640726,2
C01514,13.000323,77.5503429,1
C01515,12.949846,77.715858,3
C01516,12.9640632,77.5509417,3
C01517,12.9401959,77.6253387,10
C01518,12.9726612,77.5353834,5
C01519,13.0100409,77.6674667,2
C01520,12.9582324,77.7098778,12
C01521,12.9641889,77.6055336,8
C01522,12.9882001,77.7311874,5
C01523,13.0221896,77.5509196,3
C01524,12.9094886,77.5499478,2
C01525,12.9680875,77.7487636,3
C01526,12.9693295,77.7496344,7
C01527,12.9255939,77.5861537,12
C01528,12.9085132,77.6515084,10
C01529,12.8434539,77.6443197,2
C01530,13.0575615,77.5898797,2
C01531,12.9230562,77.5934443,4
C01532,12.9162574,77.6148293,1
C01533,12.8616608,77.6014989,4
C01534,12.9121681,77.6495312,3
C01535,13.0061753,77.6408332,2
C01536,12.9126127,77.6328172,1
C01537,12.9692793,77.5895999,5
C01538,13.0241492,77.52766,2
C01539,12.9070866,77.5855025,1
C01540,12.9743213,77.6004186,1
C01541,12.9729726,77.6463407,3
C01542,12.9721976,77.7494321,11
C01543,12.980889,77.7089872,11
C01544,12.9851522,77.6737584,2
C01545,12.9863241,77.5819893,2
C01546,13.0230447,77.6473827,5
C01547,12.9589685,77.7175748,2
C01548,12.9889359,77.574743,4
C01549,12.9226172,77.5932227,6
C01550,12.9144593,77.6355359,8
C01551,13.0010474,77.5499307,3
C01552,13.003328,77.712439,3
C01553,13.0469642,77.501634,2
C01554,13.0015902,77.5633746,2
C01555,12.9867857,77.6905629,3
C01556,13.0607746,77.5009314,4
C01557,12.9966313,77.671863,6
C01558,12.9536152,77.5925145,2
C01559,12.9449679,77.628935,9
C01560,13.0486343,77.6446688,3
C01561,13.1134906,77.6877066,3
C01562,12.9676761,77.7167208,2
C01563,12.8909372,77.6091428,1
C01564,12.9048588,77.5442073,6
C01565,13.0375814,77.6927879,6
C01566,13.0252235,77.603522,3
C01567,12.9177922,77.645042,3
C01568,12.9983978,77.5527249,5
C01569,12.9197662,77.6493372,1
C01570,12.9642551,77.585456,2
C01571,12.9352797,77.6157628,6
C01572,12.9592241,77.7462486,1
C01573,12.8889424,77.6257834,4
C01574,13.0592214,77.5903843,1
C01575,12.9447935,77.6199116,5
C01576,12.9270964,77.5924045,3
C01577,12.941643,77.5934988,1
C01578,12.9672282,77.5412711,8
C01579,12.8599691,77.5424109,2
C01580,12.9703117,77.6094111,2
C01581,12.8911059,77.5794158,4
C01582,12.957471,77.6551567,7
C01583,13.0428978,77.5914477,2
C01584,12.8965444,77.4622237,3
C01585,12.9282791,77.5162838,4
C01586,13.019548,77.6435611,5
C01587,12.9692948,77.6401698,4
C01588,12.8866506,77.5822279,3
C01589,12.9694407,77.6829323,2
C01590,12.9658,77.4001418,4
C01591,12.9837933,77.7036676,2
C01592,12.9546676,77.5918156,1
C01593,12.9003214,77.6751463,5
C01594,12.9832736,77.5913894,6
C01595,13.0204243,77.6439492,1
C01596,12.9596781,77.6492376,2
C01597,13.0600088,77.5926696,5
C01598,12.9456667,77.6289508,14
C01599,12.9778698,77.5161012,3
C01600,12.972756,77.535702,2
C01601,13.0254302,77.6417703,3
C01602,12.9750422,77.5760425,9
C01603,12.9961239,77.6132737,2
C01604,12.9568659,77.7392665,2
C01605,12.9165756,77.6515256,2
C01606,13.0328638,77.671933,2
C01607,13.0218371,77.7621464,4
C01608,12.9482673,77.7463384,10
C01609,13.0589004,77.6431033,4
C01610,12.9546737,77.7152773,3
C01611,12.9899872,77.5720957,3
C01612,12.9306649,77.6760591,1
C01613,12.9641674,77.5819272,6
C01614,12.9634592,77.6016559,3
C01615,13.0744052,77.5671794,3
C01616,12.9722832,77.6492067,31
C01617,12.9048437,77.6445035,4
C01618,12.9041861,77.6778517,2
C01619,13.0007426,77.6234215,2
C01620,12.9205931,77.6330004,7
C01621,12.9509424,77.5845687,4
C01622,13.0016107,77.6236458,1
C01623,13.0064373,77.6720657,6
C01624,13.0222937,77.5847256,2
C01625,12.9733488,77.6136783,12
C01626,12.8954237,77.6012179,7
C01627,13.0736677,77.786977,2
C01628,13.0124349,77.6483353,8
C01629,12.9613496,77.6399618,3
C01630,12.9608263,77.7161067,6
C01631,12.9807471,77.5766813,5
C01632,12.9922759,77.568733,2
C01633,12.9282063,77.7409446,2
C01634,12.9809183,77.6028112,7
C01635,13.0045524,77.5711963,3
C01636,12.8410461,77.6502896,3
C01637,12.9261144,77.5818696,2
C01638,12.8855512,77.5823969,4
C01639,12.9783177,77.6979604,14
C01640,13.0983626,77.5708541,2
C01641,12.8403531,77.6637698,3
C01642,12.9089857,77.6491678,9
C01643,12.934646,77.6125298,3
C01644,12.9965998,77.6141717,5
C01645,12.9341451,77.566062,2
C01646,13.0264438,77.5933686,4
C01647,12.9120609,77.6493739,3
C01648,12.9742399,77.5305116,7
C01649,13.0614636,77.517997,8
C01650,13.0677035,77.5540336,20
C01651,12.9981136,77.6656155,5
C01652,12.9098411,77.5210794,4
C01653,12.9703797,77.6373977,4
C01654,12.9411755,77.6277014,3
C01655,12.9778584,77.4305523,4
C01656,13.026358,77.6354942,3
C01657,12.9595457,77.7476967,4
C01658,13.033656,77.674772,8
C01659,12.9388385,77.5981785,2
C01660,12.988882,77.5754312,7
C01661,12.9934609,77.4022168,8
C01662,13.1068384,77.5708394,3
C01663,12.9783951,77.5875863,1
C01664,12.9108405,77.6244568,2
C01665,12.9353486,77.6249595,8
C01666,12.996754,77.5689626,3
C01667,12.9745356,77.6041724,2
C01668,12.9234527,77.5697585,2
C01669,13.0016248,77.661574,6
C01670,12.9665114,77.6417193,5
C01671,12.9712356,77.6068514,3
C01672,12.9697082,77.5366305,3
C01673,12.9537213,77.6203916,3
C01674,12.9874353,77.6894176,2
C01675,12.9772171,77.5766278,10
C01676,13.0391525,77.5310256,3
C01677,12.973967,77.5479135,8
C01678,12.947,77.5817368,10
C01679,12.935468,77.6172102,7
C01680,12.9901302,77.5722123,2
C01681,12.984291,77.5543158,4
C01682,12.9380674,77.6188279,3
C01683,12.9478186,77.593784,2
C01684,12.9570155,77.5697127,4
C01685,12.8552347,77.6755285,1
C01686,12.959071,77.7214103,8
C01687,13.1110497,77.5797494,2
C01688,12.9573627,77.7366502,4
C01689,12.9709607,77.5370233,4
C01690,12.9061738,77.5825444,3
C01691,12.8870681,77.5929243,5
C01692,12.9974737,77.6202808,2
C01693,12.9771368,77.5758801,6
C01694,12.9717337,77.5963457,1
C01695,13.1716301,77.5580807,4
C01696,12.973936,77.6509982,13
C01697,13.1983834,77.7137963,2
C01698,13.0061199,77.5543676,2
C01699,12.9760932,77.6293447,5
C01700,12.9322145,77.6130714,4
C01701,12.8019333,77.5742779,4
C01702,12.9965586,77.6136291,5
C01703,12.834844,77.6954513,5
C01704,13.0117027,77.5520208,7
C01705,12.8850998,77.5823163,4
C01706,12.9622172,77.5955424,3
C01707,13.0618704,77.5871393,5
C01708,12.9854258,77.6733538,13
C01709,12.9205575,77.6088459,3
C01710,12.9263412,77.5971456,2
C01711,13.0295016,77.5684762,7
C01712,12.9810668,77.6019607,3
C01713,12.9989839,77.6690515,1
C01714,13.0406271,77.6236064,6
C01715,13.0708611,77.5901247,2
C01716,12.9450345,77.6289388,3
C01717,13.040249,77.6241636,4
C01718,12.9061991,77.5794423,4
C01719,13.0210066,77.6290727,5
C01720,13.0056969,77.5721063,2
C01721,12.9649509,77.5739492,5
C01722,12.9359199,77.5127796,3
C01723,12.9858451,77.6686567,6
C01724,12.934866,77.6135893,5
C01725,12.9457759,77.5717284,2
C01726,12.924405,77.5647251,7
C01727,13.0355903,77.5576295,2
C01728,12.938312,77.5843066,6
C01729,13.0081572,77.5712887,4
C01730,12.9453667,77.5709983,12
C01731,12.9982004,77.5715144,3
C01732,13.0131425,77.5544949,3
C01733,12.9551584,77.6512286,3
C01734,12.9737848,77.5498201,3
C01735,12.9854461,77.5111646,6
C01736,12.9646081,77.7148543,1
C01737,12.983332,77.7042603,2
C01738,12.9732601,77.6146209,2
C01739,12.9979947,77.5516305,6
C01740,12.9137798,77.6484692,11
C01741,13.0775521,77.5813643,3
C01742,12.9870759,77.5947417,3
C01743,12.9959683,77.5309876,3
C01744,12.9746281,77.5849104,7
C01745,12.9323585,77.5634884,2
C01746,12.9966847,77.5711946,4
C01747,12.9355492,77.6287026,7
C01748,12.9481186,77.6796811,5
C01749,12.9746134,77.6076807,4
C01750,12.9644592,77.7153356,7
C01751,12.9845377,77.6758162,1
C01752,12.9590374,77.7170519,5
C01753,12.9840786,77.6781324,2
C01754,12.9294166,77.6323832,1
C01755,12.9476395,77.5828504,5
C01756,13.0217981,77.5535633,9
C01757,13.096158,77.5776681,3
C01758,13.0013935,77.5714407,6
C01759,12.9560339,77.7253817,10
C01760,12.9575366,77.6160559,8
C01761,13.0170367,77.5664416,10
C01762,12.9109555,77.6065615,6
C01763,12.9646584,77.6031932,4
C01764,12.9624344,77.635802,1
C01765,12.9202333,77.6510302,3
C01766,12.913853,77.5426932,2
C01767,12.9578411,77.5694747,15
C01768,12.960426,77.7179478,3
C01769,12.9776188,77.5313254,4
C01770,12.9482721,77.5970484,5
C01771,12.9708978,77.6269272,3
C01772,12.9228336,77.6731286,11
C01773,12.9829982,77.6387041,2
C01774,12.9387218,77.584117,4
C01775,12.9768053,77.6322245,2
C01776,12.9458365,77.576673,1
C01777,13.0232546,77.6318732,2
C01778,12.9993708,77.5692875,3
C01779,12.942581,77.6089966,2
C01780,12.9867911,77.7022916,2
C01781,12.9166127,77.6150722,1
C01782,12.9703055,77.6399193,3
C01783,12.8998165,77.6083074,1
C01784,12.9687765,77.6368865,6
C01785,13.0600947,77.5766579,4
C01786,12.9728232,77.6170871,1
C01787,13.0188169,77.7043872,3
C01788,12.9653573,77.5964137,2
C01789,13.0629067,77.5858824,4
C01790,12.8901398,77.6734141,8
C01791,12.9675475,77.7142023,1
C01792,12.974724,77.6071951,4
C01793,12.9572779,77.7094779,3
C01794,12.9744756,77.5334818,5
C01795,13.0711177,77.6519807,4
C01796,12.9687034,77.6935455,2
C01797,12.9965253,77.5631963,3
C01798,12.8911861,77.6064469,2
C01799,12.8461108,77.7768872,7
C01800,13.1991569,77.7079889,3
C01801,13.0066743,77.5551666,13
C01802,13.0723261,77.5859582,3
C01803,12.9598638,77.5334473,2
C01804,12.9737084,77.6204856,1
C01805,12.916731,77.5999663,1
C01806,12.9549791,77.5923186,1
C01807,13.0059324,77.57696,4
C01808,12.9180396,77.631926,5
C01809,12.9923298,77.7131282,1
C01810,13.0179119,77.5680685,6
C01811,12.9065354,77.5898784,2
C01812,13.1283341,77.5879964,4
C01813,12.9953279,77.5712934,10
C01814,12.9813678,77.4851178,6
C01815,13.0359144,77.58924,3
C01816,12.9122707,77.5860983,2
C01817,12.8453804,77.6648625,1
C01818,12.9772434,77.5629482,2
C01819,12.9822892,77.5962827,3
C01820,12.9509129,77.5777399,2
C01821,12.9638523,77.5866348,3
C01822,12.9891533,77.7147134,4
C01823,12.937327,77.6240168,3
C01824,12.9807721,77.5069825,2
C01825,13.0409195,77.518791,4
C01826,12.9746676,77.6362047,5
C01827,12.9897505,77.5560235,2
C01828,12.9355411,77.5131387,9
C01829,12.9122756,77.6462847,3
C01830,13.0707121,77.5912106,3
C01831,13.0640796,77.6424374,5
C01832,12.9489147,77.5678819,4
C01833,12.8694754,77.5651717,6
C01834,12.9648073,77.7143417,4
C01835,12.9070053,77.546138,2
C01836,12.9596795,77.6566533,4
C01837,12.9673099,77.6414861,1
C01838,12.9904629,77.5707293,4
C01839,13.0066698,77.5692947,3
C01840,12.9102517,77.6865068,3
C01841,13.0552092,77.601991,3
C01842,12.9203588,77.6173047,1
C01843,12.9758961,77.6227691,2
C01844,13.0265402,77.5147174,4
C01845,12.9389275,77.5524614,4
C01846,12.9980764,77.5817987,2
C01847,12.9300904,77.5858231,8
C01848,13.0448386,77.620895,2
C01849,13.016705,77.539386,7
C01850,12.9860032,77.7452869,4
C01851,12.8388981,77.6603664,2
C01852,12.9991829,77.5825259,12
C01853,12.9654514,77.5964034,1
C01854,12.9768586,77.5936735,6
C01855,12.9560242,77.5121337,7
C01856,12.9952954,77.5391057,2
C01857,12.9625591,77.6430964,9
C01858,12.9915734,77.5705023,3
C01859,13.1205677,77.6280394,4
C01860,12.8998111,77.6311996,4
C01861,12.8135824,77.5810195,3
C01862,12.9505916,77.6239594,6
C01863,12.9368551,77.7488957,6
C01864,13.0763988,77.5582777,1
C01865,13.0575915,77.5894655,8
C01866,12.9718996,77.6508166,1
C01867,12.9794606,77.6467914,7
C01868,12.997295,77.7615296,7
C01869,12.9641723,77.7124942,2
C01870,12.9831385,77.6079901,2
C01871,12.9810024,77.6029016,2
C01872,12.9664198,77.6371428,3
C01873,12.9824796,77.6078489,3
C01874,13.0297077,77.5584857,6
C01875,12.9194222,77.5783984,8
C01876,12.8927045,77.5216968,9
C01877,12.9795841,77.6055942,2
C01878,12.9079175,77.6760059,3
C01879,12.9589442,77.659719,1
C01880,12.9522688,77.5835284,2
C01881,12.9570057,77.7195724,7
C01882,13.0122579,77.5541209,10
C01883,12.9750466,77.6179321,1
C01884,12.922444,77.6652753,2
C01885,12.9201025,77.6452144,3
C01886,12.9474222,77.5986921,4
C01887,13.1038855,77.5164413,2
C01888,12.9244491,77.6741821,4
C01889,13.1520922,77.6200567,2
C01890,12.9632071,77.6413756,3
C01891,12.9236679,77.5798108,5
C01892,13.065484,77.5652857,3
C01893,13.0149612,77.6438861,2
C01894,13.0555779,77.6050535,3
C01895,12.8439333,77.6061084,3
C01896,12.9837332,77.6064388,3
C01897,13.0791187,77.4969976,3
C01898,12.9509478,77.5948162,10
C01899,13.046636,77.5278438,5
C01900,12.8922252,77.5813723,3
C01901,13.0139019,77.4966426,5
C01902,12.919785,77.5923385,3
C01903,12.9436702,77.6255521,8
C01904,12.9740758,77.5345027,4
C01905,12.931045,77.6098888,3
C01906,12.9739456,77.5361609,5
C01907,12.9692627,77.7122767,1
C01908,12.9844199,77.5885602,2
C01909,12.9927239,77.6155409,1
C01910,12.9334898,77.6184132,4
C01911,12.9702038,77.5462546,11
C01912,12.9423069,77.5705221,16
C01913,12.8378848,77.6897153,5
C01914,13.0720035,77.4995979,5
C01915,13.0068052,77.5645334,1
C01916,13.0325256,77.5409051,2
C01917,13.096802,77.5299114,2
C01918,12.9292972,77.5861487,2
C01919,13.0230791,77.522557,3
C01920,12.991443,77.571173,2
C01921,12.9404194,77.6289278,1
C01922,12.9747335,77.6079408,6
C01923,12.9305734,77.5862262,2
C01924,12.9359738,77.5433996,4
C01925,12.9698492,77.7493496,14
C01926,12.8778149,77.4966267,2
C01927,12.9780722,77.636543,1
C01928,12.9512118,77.5696962,3
C01929,12.9622079,77.5842821,7
C01930,12.9585861,77.7085301,13
C01931,12.95979,77.5339559,1
C01932,12.9165524,77.5974065,5
C01933,13.1090044,77.5802122,2
C01934,12.9095004,77.5499914,3
C01935,12.9597243,77.748301,21
C01936,12.9997425,77.5970015,1
C01937,12.9129175,77.6101638,4
C01938,12.988588,77.590296,5
C01939,12.9945163,77.6989488,7
C01940,12.9069216,77.5998856,4
C01941,12.9640596,77.7133817,4
C01942,13.0708088,77.5903818,3
C01943,13.1252792,77.4835931,4
C01944,12.9892717,77.7266513,3
C01945,12.9157227,77.649014,5
C01946,13.0384368,77.6649063,3
C01947,12.9961189,77.6155543,4
C01948,13.0373116,77.7104943,3
C01949,12.8915279,77.5776152,7
C01950,12.9144392,77.5858525,3
C01951,12.9934739,77.5713892,1
C01952,12.9719179,77.5981991,8
C01953,12.9730244,77.6054162,2
C01954,13.0834599,77.6094604,2
C01955,13.003897,77.5435549,2
C01956,12.9352842,77.567491,9
C01957,12.9956027,77.6947489,1
C01958,12.9345998,77.6239316,30
C01959,12.9462777,77.646374,7
C01960,13.022258,77.6433948,4
C01961,12.9587404,77.7476544,3
C01962,12.9180953,77.5592245,4
C01963,12.9895632,77.5877862,5
C01964,13.0836937,77.6439864,5
C01965,12.9655581,77.7187512,5
C01966,12.9173262,77.5804496,4
C01967,12.9540285,77.5912583,3
C01968,12.97748,77.511541,3
C01969,12.942159,77.551764,3
C01970,12.9670641,77.6089265,7
C01971,12.9926102,77.591676,5
C01972,12.9166871,77.6140512,1
C01973,12.9588046,77.5649867,5
C01974,13.0137061,77.5542545,4
C01975,13.0268329,77.6369701,3
C01976,12.9616829,77.6387497,3
C01977,12.9969083,77.6139947,7
C01978,12.8773772,77.6389141,6
C01979,12.9539993,77.7209651,2
C01980,12.968911,77.7499295,4
C01981,13.1619312,77.6423847,2
C01982,13.133825,77.5147156,1
C01983,12.8876554,77.5524969,2
C01984,12.8197371,77.6879196,6
C01985,12.9812386,77.5766348,6
C01986,12.9761276,77.652898,5
C01987,12.9570936,77.5098485,6
C01988,13.004052,77.5512927,5
C01989,12.964493,77.5968024,2
C01990,13.0335703,77.58797,4
C01991,12.9373617,77.6103293,6
C01992,12.9070216,77.5460891,6
C01993,12.9703247,77.749882,8
C01994,12.9370365,77.6196493,5
C01995,12.9816187,77.6079235,4
C01996,12.9564552,77.6963515,7
C01997,13.0412239,77.6245156,3
C01998,12.9072491,77.5999571,2
C01999,12.9582924,77.6043893,3
C02000,12.944283,77.6983966,2
C02001,13.0466883,77.576477,2
C02002,12.9400467,77.6179642,3
C02003,12.9790327,77.7302971,2
C02004,12.9557262,77.722126,3
C02005,13.0163759,77.5651518,1
C02006,12.9609197,77.5483084,4
C02007,12.9472794,77.583906,3
C02008,12.9917411,77.4591022,2
C02009,12.9961831,77.5642198,5
C02010,12.9790062,77.6428583,6
C02011,13.0183173,77.5645529,1
C02012,12.9358015,77.5801403,2
C02013,12.9809553,77.7116675,2
C02014,12.9995673,77.599394,2
C02015,12.9747363,77.6083147,6
C02016,12.9672282,77.5991731,3
C02017,12.9723862,77.652084,3
C02018,12.9925085,77.680311,1
C02019,12.991344,77.5382423,5
C02020,12.9209009,77.5932917,1
C02021,12.9450146,77.5964937,3
C02022,13.0362608,77.5895195,4
C02023,12.9657401,77.6042277,9
C02024,12.9680004,77.7500178,1
C02025,12.9359441,77.6322911,1
C02026,13.0755514,77.6041885,4
C02027,12.9756888,77.5358028,12
C02028,12.9941909,77.6606796,8
C02029,12.9338627,77.6304381,4
C02030,13.0838334,77.6409514,2
C02031,12.9997263,77.5495669,6
C02032,12.9515154,77.5689092,2
C02033,12.988996,77.4492145,5
C02034,13.0203163,77.6325425,5
C02035,13.048083,77.628791,7
C02036,12.9781865,77.6410876,23
C02037,12.9737843,77.6231744,4
C02038,12.9107538,77.5513427,2
C02039,12.9248167,77.6342492,3
C02040,12.9397035,77.7226865,1
C02041,12.9361617,77.4940345,2
C02042,13.1038518,77.5742208,2
C02043,12.9570576,77.743658,2
C02044,13.1059972,77.5821043,4
C02045,12.9176033,77.5359611,2
C02046,12.9437964,77.5947161,7
C02047,12.9794328,77.6062662,3
C02048,12.9781461,77.6417223,3
C02049,12.9682756,77.578859,3
C02050,13.0087063,77.5714127,4
C02051,12.8213399,77.6874371,6
C02052,12.9191579,77.5838237,2
C02053,13.0708754,77.5901927,2
C02054,12.9406698,77.5644596,3
C02055,13.0168799,77.4372605,1
C02056,12.971294,77.610741,2
C02057,12.9508621,77.5697917,2
C02058,12.943888,77.6517988,6
C02059,13.0056398,77.5693183,4
C02060,12.960813,77.6659653,4
C02061,12.9730133,77.6480111,6
C02062,12.9974074,77.548344,3
C02063,13.0144859,77.6938792,4
C02064,13.0437494,77.5531728,3
C02065,12.8991094,77.6310713,4
C02066,12.9237888,77.6514946,2
C02067,13.0070272,77.5544037,1
C02068,13.0194557,77.6280049,3
C02069,12.940021,77.5651693,9
C02070,12.9492177,77.6114425,6
C02071,12.9735567,77.5372187,7
C02072,12.9736587,77.6935433,8
C02073,13.1209301,77.6164782,4
C02074,12.9648408,77.5990411,4
C02075,13.0967956,77.5868998,2
C02076,12.9750675,77.6063208,3
C02077,12.921587,77.5885957,5
C02078,12.9372836,77.7460263,8
C02079,12.9773593,77.7527343,3
C02080,12.9781291,77.6755345,2
C02081,12.9199404,77.5835609,3
C02082,12.9595322,77.7323946,5
C02083,12.9643262,77.5404059,1
C02084,12.9152682,77.6491349,1
C02085,12.9746722,77.6068015,2
C02086,12.9405431,77.6245299,1
C02087,12.9553102,77.6486592,2
C02088,13.0309414,77.5602591,3
C02089,12.8613977,77.7321829,2
C02090,12.9254608,77.6760002,9
C02091,12.9705879,77.6456995,4
C02092,12.9258733,77.6947064,4
C02093,13.0513621,77.6208589,5
C02094,12.9260154,77.5641098,1
C02095,13.0178271,77.5566758,7
C02096,12.9749878,77.6412398,3
C02097,13.0161627,77.4565858,5
C02098,13.0595303,77.5898758,2
C02099,12.9724387,77.6493046,1
C02100,12.9846048,77.5917008,6
C02101,12.9746467,77.6407912,4
C02102,12.9809557,77.7344522,2
C02103,12.9420509,77.6279318,2
C02104,12.9473435,77.5880273,7
C02105,12.9077471,77.6404352,1
C02106,12.9220988,77.6636844,10
C02107,12.8749338,77.6688773,2
C02108,12.9262618,77.7262089,5
C02109,12.9398026,77.625213,3
C02110,12.9664617,77.6417179,5
C02111,12.9974984,77.5489491,2
C02112,12.93656,77.5804636,3
C02113,12.965702,77.5962731,3
C02114,13.1086111,77.5920466,2
C02115,12.9365256,77.624011,6
C02116,13.0240498,77.5506756,2
C02117,12.9532606,77.5848667,3
C02118,12.9188899,77.6010466,2
C02119,12.9260627,77.6173123,1
C02120,13.0199191,77.421894,3
C02121,12.953839,77.693524,18
C02122,13.0977818,77.5779051,6
C02123,13.0709035,77.5912837,3
C02124,12.978436,77.5753365,3
C02125,13.0562455,77.6115282,3
C02126,13.0039628,77.5507974,5
C02127,12.9463798,77.649199,1
C02128,12.9588581,77.7200381,7
C02129,12.9644573,77.6257739,5
C02130,12.981682,77.6394877,5
C02131,12.98227,77.6393458,5
C02132,12.9249765,77.6338267,3
C02133,12.9867897,77.7385676,5
C02134,13.0499324,77.5980885,5
C02135,13.0202419,77.6516186,3
C02136,12.9205403,77.6207639,2
C02137,12.9347048,77.6167408,4
C02138,12.9483651,77.5685364,10
C02139,12.9800429,77.7270481,1
C02140,13.0989732,77.5768833,1
C02141,12.924326,77.640405,4
C02142,12.9132871,77.636336,3
C02143,12.9843238,77.5984752,4
C02144,12.9835609,77.6064216,4
C02145,12.9575611,77.6550565,3
C02146,13.0007892,77.5264728,9
C02147,12.9594511,77.6860938,1
C02148,12.9354308,77.536173,2
C02149,13.0637236,77.7428976,3
C02150,12.9869297,77.5379432,1
C02151,12.9678926,77.5787208,3
C02152,12.8839233,77.5699167,11
C02153,12.981735,77.5949469,3
C02154,13.0232887,77.6005444,4
C02155,12.9254499,77.5969588,1
C02156,12.9371245,77.7021252,2
C02157,12.9955091,77.5546879,3
C02158,13.0982707,77.5693824,3
C02159,12.9573855,77.7155825,8
C02160,13.0709714,77.5899097,5
C02161,12.9568911,77.6989534,2
C02162,13.0078642,77.6932596,4
C02163,12.9938978,77.7006253,5
C02164,12.9232925,77.6413495,7
C02165,12.9206634,77.5846231,10
C02166,12.9070546,77.5985562,2
C02167,12.9178594,77.6450844,2
C02168,13.0677872,77.5445642,1
C02169,12.8980875,77.6182846,3
C02170,13.0241471,77.5640331,5
C02171,13.0321385,77.5589552,7
C02172,13.0332219,77.5549236,3
C02173,12.8256541,77.5140897,3
C02174,12.9643756,77.6371873,4
C02175,12.8785727,77.5151455,2
C02176,12.9229728,77.4842926,14
C02177,13.1016338,77.7761186,1
C02178,12.9222477,77.6652967,4
C02179,13.0234006,77.6370441,14
C02180,12.9568587,77.7411055,3
C02181,12.9494898,77.5962984,3
C02182,12.917138,77.5834066,3
C02183,12.9674209,77.71461,3
C02184,12.9600641,77.6454368,9
C02185,13.0856034,77.4650694,1
C02186,12.9946266,77.5713267,10
C02187,12.9744657,77.533511,1
C02188,12.9759386,77.7266593,3
C02189,12.9977063,77.5486255,2
C02190,12.921998,77.6496507,5
C02191,12.9532899,77.5841847,1
C02192,13.12372,77.6391095,5
C02193,13.0538903,77.6020598,14
C02194,12.9106208,77.4835688,1
C02195,12.9420196,77.552003,4
C02196,12.9714782,77.7056939,2
C02197,12.8828951,77.5660649,4
C02198,12.9501789,77.5367088,3
C02199,13.0810569,77.5597552,2
C02200,12.9622589,77.6189861,5
C02201,12.941581,77.617208,12
C02202,12.9919338,77.5384148,3
C02203,12.900149,77.5729534,5
C02204,12.9317194,77.4246608,1
C02205,13.0249229,77.5928698,2
C02206,12.919343,77.5915357,5
C02207,12.9813077,77.603053,9
C02208,12.950946,77.6395817,4
C02209,12.8568559,77.5888492,3
C02210,12.9707215,77.6506068,3
C02211,12.8379199,77.6453736,1
C02212,12.8791713,77.6454925,5
C02213,12.9754185,77.5884363,6
C02214,12.9726629,77.5356748,2
C02215,12.9425718,77.747182,2
C02216,12.9654486,77.7181879,4
C02217,12.9070993,77.5825707,2
C02218,12.9644446,77.5552913,3
C02219,12.9567265,77.55459,14
C02220,12.9511843,77.5919036,3
C02221,13.0373232,77.5655573,3
C02222,12.9755765,77.5868641,2
C02223,12.8185575,77.6986146,6
C02224,12.957105,77.7008014,3
C02225,12.9459206,77.5815291,2
C02226,12.9520859,77.4999894,8
C02227,12.8602377,77.7922858,9
C02228,12.9042565,77.6273176,2
C02229,12.9568699,77.5328068,1
C02230,12.972617,77.6266243,7
C02231,12.9717545,77.6470421,2
C02232,13.1631789,77.6289541,6
C02233,12.8571946,77.540965,1
C02234,13.0056657,77.756275,6
C02235,12.9539479,77.584564,1
C02236,12.858608,77.6978656,6
C02237,12.9913189,77.7214827,3
C02238,12.9267912,77.6817432,2
C02239,12.948787,77.708447,2
C02240,13.0084764,77.549127,5
C02241,13.1991186,77.7195388,4
C02242,12.8165755,77.5669138,5
C02243,12.9755345,77.6413688,13
C02244,12.9306927,77.5810167,1
C02245,12.9761778,77.6026564,10
C02246,12.9322647,77.5890953,4
C02247,12.9913781,77.5711009,2
C02248,12.9748177,77.6831756,1
C02249,12.9538673,77.5849624,3
C02250,13.0042893,77.5513853,6
C02251,13.0075282,77.5488826,3
C02252,12.9602381,77.531172,10
C02253,12.9812208,77.7100707,1
C02254,12.9364505,77.5839634,3
C02255,12.9641246,77.7140716,1
C02256,12.8006459,77.5728914,4
C02257,13.1992334,77.7409295,6
C02258,12.9577719,77.6719156,2
C02259,13.0790883,77.5588656,1
C02260,13.0152989,77.6663585,4
C02261,12.9816856,77.6083084,5
C02262,12.922965,77.5893788,4
C02263,12.9443231,77.5044462,8
C02264,12.9133476,77.6101635,2
C02265,13.038839,77.5308674,5
C02266,12.9262764,77.6698353,8
C02267,12.93893,77.6189888,1
C02268,12.9169333,77.5802356,4
C02269,12.8236709,77.6851254,2
C02270,12.9484875,77.6995739,3
C02271,12.8833878,77.5837275,4
C02272,12.9543469,77.5840455,2
C02273,12.9374505,77.5491321,2
C02274,12.9824581,77.6813513,3
C02275,13.0712475,77.651463,2
C02276,12.9030809,77.5855786,2
C02277,13.0564575,77.6591321,5
C02278,12.929597,77.5343709,1
C02279,12.948348,77.5807071,5
C02280,12.9854621,77.5964718,5
C02281,13.1214557,77.6109517,1
C02282,13.0842061,77.486592,2
C02283,12.9690028,77.5766738,8
C02284,12.976618,77.6730321,2
C02285,12.9734181,77.5419268,2
C02286,12.9228555,77.5600873,5
C02287,13.0214757,77.6575717,6
C02288,12.9196735,77.6110805,3
C02289,13.0630591,77.5922004,2
C02290,12.956858,77.6412959,9
C02291,12.9965497,77.4333751,11
C02292,12.9773464,77.574606,7
C02293,12.9118364,77.640586,4
C02294,12.9830778,77.5372068,2
C02295,13.030241,77.5594912,2
C02296,13.0368157,77.5659898,5
C02297,12.9533504,77.6439348,4
C02298,12.9669341,77.5994254,9
C02299,12.9749935,77.7509653,5
C02300,12.9900561,77.5359135,1
C02301,12.9724712,77.5362858,7
C02302,12.9800214,77.6388685,2
C02303,12.9726143,77.6800831,3
C02304,12.9069549,77.4752694,4
C02305,13.0271848,77.571876,13
C02306,12.8924542,77.581717,29
C02307,12.9387478,77.5531514,5
C02308,12.9093522,77.6423653,3
C02309,13.0770798,77.558288,5
C02310,12.9492413,77.7023924,6
C02311,12.9685956,77.7478337,3
C02312,13.091183,77.6194175,12
C02313,12.9086091,77.6496322,4
C02314,13.0803434,77.5592571,5
C02315,12.8355755,77.6918112,5
C02316,12.9108949,77.6367632,4
C02317,12.9096942,77.7859522,6
C02318,12.9714296,77.6410321,2
C02319,12.9847784,77.5808621,2
C02320,13.020964,77.765359,2
C02321,13.0318367,77.5767984,5
C02322,12.9801713,77.6405925,6
C02323,12.9598943,77.7481291,5
C02324,12.9819298,77.7389661,11
C02325,12.9215629,77.5911575,3
C02326,13.0045812,77.4874583,5
C02327,13.0632965,77.5604356,2
C02328,13.0612023,77.642076,3
C02329,12.9850818,77.616241,5
C02330,12.9670968,77.6481231,6
C02331,12.9885553,77.5930653,3
C02332,13.1351236,77.6680091,3
C02333,13.1793227,77.5317087,1
C02334,12.9697027,77.5796625,3
C02335,12.9811097,77.6099,6
C02336,13.0097806,77.5488183,5
C02337,13.0021577,77.5526639,5
C02338,12.8551373,77.5419708,3
C02339,12.9124714,77.606448,3
C02340,12.9748249,77.5994328,2
C02341,13.0106456,77.5591539,5
C02342,12.9877503,77.514997,4
C02343,12.9646924,77.5972974,5
C02344,12.8567499,77.5399564,2
C02345,12.8008108,77.5726831,1
C02346,13.1026048,77.6283041,7
C02347,13.0491797,77.5933878,2
C02348,12.9740919,77.6359693,2
C02349,12.988128,77.5558463,5
C02350,13.0661029,77.5983289,3
C02351,12.8664619,77.5918193,7
C02352,13.0702668,77.783882,5
C02353,12.9749741,77.5366194,5
C02354,13.0184835,77.6543091,1
C02355,12.9489302,77.6883085,8
C02356,12.9471121,77.5986482,4
C02357,13.0526842,77.6456359,3
C02358,13.1040417,77.5712205,4
C02359,12.9671401,77.6094485,1
C02360,12.9387161,77.5534116,4
C02361,13.0738835,77.6336722,2
C02362,12.9767664,77.5858556,1
C02363,12.9369386,77.7504357,1
C02364,12.984782,77.5970286,7
C02365,13.0992483,77.4521473,2
C02366,13.1908778,77.6457522,10
C02367,13.0001102,77.6230401,2
C02368,13.0026676,77.5503083,1
C02369,13.1820919,77.7462091,2
C02370,12.8558523,77.569432,8
C02371,12.9528518,77.5774851,3
C02372,12.9962665,77.6571776,2
C02373,12.9345853,77.6095622,4
C02374,12.9964748,77.6936783,5
C02375,13.0518834,77.6311612,7
C02376,13.0437052,77.5846217,9
C02377,13.008054,77.4847834,3
C02378,12.9237941,77.5798053,1
C02379,13.0574633,77.5903297,2
C02380,13.0233824,77.6905904,4
C02381,13.1025229,77.6278506,2
C02382,12.9755854,77.5313495,2
C02383,12.9063368,77.5745933,4
C02384,12.9451981,77.6289343,3
C02385,13.0056385,77.5558388,3
C02386,12.9381453,77.6993207,2
C02387,12.9172182,77.6736389,3
C02388,12.9353544,77.6210999,2
C02389,12.8830039,77.7525111,6
C02390,12.9532114,77.5838777,7
C02391,12.9722203,77.653811,1
C02392,12.9793662,77.6359375,2
C02393,12.9614533,77.6364776,1
C02394,12.9283317,77.581666,2
C02395,12.9701704,77.7498263,3
C02396,13.0250446,77.5781055,1
C02397,13.0948101,77.5774143,2
C02398,12.9769435,77.7249482,2
C02399,12.9673216,77.7188207,4
C02400,12.9998836,77.5315113,3
C02401,12.9412428,77.5930751,2
C02402,12.939824,77.5641288,4
C02403,12.9783429,77.6330507,2
C02404,12.9432849,77.5258977,3
C02405,12.8787449,77.6465392,11
C02406,12.9672735,77.5609205,8
C02407,12.921552,77.5911015,1
C02408,13.0567383,77.5469649,6
C02409,12.9945917,77.6669317,6
C02410,12.8414259,77.6766054,1
C02411,12.9669535,77.5869415,6
C02412,13.0184625,77.5661136,10
C02413,12.974592,77.606737,2
C02414,13.0835674,77.6436087,2
C02415,12.9543375,77.5755417,7
C02416,12.9296555,77.5147243,4
C02417,12.9612967,77.6372407,5
C02418,13.0002804,77.6174439,4
C02419,13.0151559,77.5704223,4
C02420,12.9163051,77.6145829,1
C02421,13.071541,77.609455,7
C02422,12.9739299,77.6123078,8
C02423,12.9295732,77.631965,3
C02424,12.9853927,77.5383552,3
C02425,12.9677866,77.6002508,1
C02426,12.9720369,77.6496184,5
C02427,13.0039541,77.5047509,5
C02428,12.9498917,77.7005393,3
C02429,12.972369,77.5366352,7
C02430,12.9725416,77.6507552,3
C02431,12.9933949,77.587827,5
C02432,13.0187658,77.5690741,2
C02433,12.9721688,77.6806504,3
C02434,12.925489,77.6050963,3
C02435,12.9240684,77.6493802,4
C02436,12.8872642,77.7396485,3
C02437,12.9954523,77.6138486,3
C02438,12.9064358,77.6978363,6
C02439,12.9580735,77.7008861,2
C02440,12.9476314,77.5814638,1
C02441,12.9979904,77.6178888,11
C02442,12.9541209,77.5686792,9
C02443,12.9519885,77.5191101,1
C02444,13.0234782,77.5643228,5
C02445,13.1028251,77.5972583,2
C02446,12.9931929,77.66213,4
C02447,12.9879645,77.7450803,4
C02448,12.9363517,77.7504623,3
C02449,12.9729752,77.6074708,2
C02450,12.9734388,77.6174109,2
C02451,12.9162428,77.592424,2
C02452,12.9057779,77.6221591,2
C02453,12.9144825,77.6491563,3
C02454,13.064936,77.6407188,2
C02455,12.9828955,77.6083839,5
C02456,12.9600764,77.7253044,9
C02457,12.9702811,77.6097137,2
C02458,12.8444618,77.5838699,4
C02459,13.0701337,77.6329103,5
C02460,12.942727,77.6222852,5
C02461,13.0113519,77.6317639,4
C02462,12.9756229,77.5729254,6
C02463,12.9193402,77.5926135,5
C02464,12.9282475,77.6914779,1
C02465,12.9696235,77.654847,6
C02466,12.9624977,77.5335463,6
C02467,12.8835569,77.5829075,2
C02468,13.0009024,77.5715721,3
C02469,12.9967174,77.6960727,5
C02470,12.9552984,77.5171196,3
C02471,13.1947477,77.7077647,7
C02472,13.0618055,77.6331852,17
C02473,12.913025,77.513696,2
C02474,12.9496896,77.6265998,1
C02475,13.0488198,77.6457641,4
C02476,12.8832508,77.5830061,6
C02477,13.0122346,77.6256728,3
C02478,12.9637962,77.6036581,9
C02479,12.9787241,77.6440375,1
C02480,12.8558367,77.5695069,5
C02481,13.0263997,77.5458384,2
C02482,12.9199955,77.5139433,11
C02483,12.9096977,77.5806118,13
C02484,12.9695875,77.6063601,2
C02485,12.9390091,77.5755401,2
C02486,12.8998099,77.5972501,6
C02487,12.9589965,77.5097599,3
C02488,12.9764149,77.4825255,3
C02489,12.9667597,77.6205357,3
C02490,13.0592427,77.5903262,1
C02491,12.8615644,77.5296769,3
C02492,12.9782881,77.6335861,2
C02493,12.9961953,77.5715924,2
C02494,12.947312,77.6216728,9
C02495,12.9707621,77.6415506,1
C02496,12.8939687,77.5818067,6
C02497,12.9730647,77.6053532,3
C02498,12.9133918,77.6033387,3
C02499,13.0048108,77.6601929,6
C02500,12.9077384,77.5993882,4
C02501,12.9268186,77.69495,5
C02502,12.9858822,77.6687616,7
C02503,13.0437035,77.6051561,3
C02504,12.9754164,77.6665016,2
C02505,12.989193,77.5744736,2
C02506,13.0185344,77.5988368,2
C02507,13.1012708,77.5769276,26
C02508,12.9137929,77.6095504,8
C02509,13.0245541,77.6559134,1
C02510,12.9077495,77.6492278,1
C02511,12.9389789,77.6097002,5
C02512,12.9655798,77.5845651,5
C02513,12.9348864,77.5818097,5
C02514,12.9715215,77.7057003,3
C02515,12.9255829,77.6762661,3
C02516,12.8014838,77.5775481,4
C02517,12.9429859,77.747218,4
C02518,12.9878131,77.7323245,1
C02519,12.8936429,77.6574086,3
C02520,13.0201633,77.6565925,2
C02521,12.9531222,77.6044492,4
C02522,12.9275846,77.5803735,27
C02523,13.030883,77.5774794,4
C02524,13.0467933,77.5951892,3
C02525,12.9276081,77.620616,6
C02526,12.9756614,77.5357586,5
C02527,13.0551582,77.6004529,4
C02528,12.9898097,77.5950218,5
C02529,12.9756803,77.5973941,14
C02530,12.9769937,77.6319211,2
C02531,12.9365501,77.6150659,5
C02532,12.9795429,77.6795549,2
C02533,12.9357187,77.5345513,5
C02534,12.9030993,77.4285758,2
C02535,13.1312245,77.4196234,2
C02536,13.0371439,77.4612522,3
C02537,12.8562795,77.6637352,7
C02538,13.0408775,77.5183749,6
C02539,12.9169667,77.5984499,1
C02540,12.9089453,77.6239038,3
C02541,12.9667841,77.5833158,2
C02542,12.8739338,77.6257894,1
C02543,13.0951352,77.5956765,3
C02544,12.8490031,77.6924747,3
C02545,13.0480673,77.5001764,18
C02546,12.8813047,77.4643502,4
C02547,13.0392606,77.6296949,1
C02548,12.9593539,77.5350094,2
C02549,12.967247,77.5356517,7
C02550,12.9795969,77.6416948,14
C02551,13.068572,77.5783554,1
C02552,12.9146892,77.67611,1
C02553,12.9712776,77.6078832,12
C02554,12.970236,77.609898,4
C02555,13.0954273,77.5780297,2
C02556,12.9600367,77.6452495,5
C02557,12.8774654,77.5464993,1
C02558,13.0604602,77.4065323,3
C02559,13.0667102,77.6094998,4
C02560,12.9797337,77.6360856,6
C02561,12.9758228,77.7266535,2
C02562,12.9810654,77.6368225,4
C02563,12.9004794,77.6311836,2
C02564,12.9500344,77.5965335,4
C02565,12.9424364,77.7475507,2
C02566,13.0571759,77.5887121,2
C02567,12.9270721,77.694891,2
C02568,12.8132888,77.7110736,5
C02569,12.9819768,77.5108275,6
C02570,12.9445394,77.6803282,3
C02571,12.9589828,77.6552673,3
C02572,12.9916942,77.5457901,1
C02573,12.9801857,77.641008,3
C02574,13.0188057,77.5326332,3
C02575,12.9742648,77.5353873,21
C02576,12.9244488,77.6740858,2
C02577,12.8644392,77.5557411,9
C02578,12.9756434,77.5361674,7
C02579,12.925977,77.5504903,4
C02580,13.0632698,77.5912514,11
C02581,12.9654906,77.6417307,4
C02582,12.9190996,77.6711806,4
C02583,12.9187187,77.6491667,3
C02584,13.0381551,77.6658727,8
C02585,12.9244632,77.5535296,7
C02586,12.945944,77.567404,2
C02587,12.8604005,77.6049532,1
C02588,13.0138976,77.4903067,3
C02589,12.8989213,77.5817155,2
C02590,13.0116768,77.5553506,3
C02591,13.0076434,77.5779662,8
C02592,12.9567822,77.6554181,2
C02593,12.9281691,77.671773,3
C02594,12.9809376,77.6405126,3
C02595,13.1141369,77.7819989,6
C02596,12.9784558,77.5871479,1
C02597,12.8827544,77.6503642,2
C02598,12.916454,77.6523184,4
C02599,13.0621296,77.5738356,8
C02600,12.9396498,77.5967825,2
C02601,12.9716349,77.6470757,1
C02602,12.9215104,77.4832503,5
C02603,12.9035518,77.6274068,2
C02604,12.9720721,77.6801874,1
C02605,12.8617386,77.787446,2
C02606,13.0265791,77.543985,3
C02607,12.8625267,77.6598533,2
C02608,13.0083884,77.5712882,1
C02609,12.9723163,77.6516977,6
C02610,12.853228,77.6653506,8
C02611,12.9914911,77.5711143,5
C02612,13.0240517,77.5479481,1
C02613,12.9070854,77.5460136,3
C02614,12.8105131,77.4163524,3
C02615,13.0079864,77.6832947,5
C02616,13.0182036,77.6718331,5
C02617,12.9308439,77.6226408,2
C02618,12.959328,77.5217815,4
C02619,12.918589,77.6705844,5
C02620,12.9464444,77.5712393,9
C02621,12.8960498,77.5701194,5
C02622,12.8456009,77.6626619,6
C02623,13.0526675,77.5125518,4
C02624,12.9514792,77.6215009,9
C02625,12.9752286,77.6409331,4
C02626,12.9356526,77.5345329,2
C02627,13.0174207,77.5916073,9
C02628,13.0976624,77.584437,5
C02629,13.0017229,77.6184011,2
C02630,12.9915044,77.5999408,2
C02631,12.9080953,77.6014897,4
C02632,13.1012792,77.4806781,5
C02633,12.9333646,77.6230728,4
C02634,12.993974,77.6076991,4
C02635,12.9598893,77.5337545,11
C02636,12.8130615,77.5118664,7
C02637,12.9820349,77.7087096,4
C02638,13.0959233,77.5781351,6
C02639,12.9661899,77.7178216,2
C02640,13.020601,77.6431301,4
C02641,13.0044523,77.5670004,12
C02642,13.0152397,77.5061205,3
C02643,12.9389288,77.5525844,2
C02644,12.9724976,77.648926,2
C02645,13.0002178,77.6182102,2
C02646,12.9861643,77.5491935,2
C02647,13.0300838,77.5593527,3
C02648,13.1049101,77.7711674,1
C02649,12.9700781,77.576315,3
C02650,12.9483368,77.4765944,6
C02651,13.1037756,77.5751479,2
C02652,12.9824429,77.7164745,10
C02653,12.9053183,77.5627502,5
C02654,12.9402358,77.6248865,7
C02655,13.0479383,77.5001342,2
C02656,12.9663379,77.4878099,6
C02657,12.9674327,77.5994195,2
C02658,12.9314594,77.7457273,6
C02659,12.8615328,77.7323149,4
C02660,12.9725024,77.6508886,5
C02661,12.9719428,77.6399329,1
C02662,12.9739042,77.5475916,2
C02663,13.0267368,77.5871118,5
C02664,12.9708581,77.7150522,2
C02665,12.9591633,77.7181758,5
C02666,12.9745863,77.6097853,1
C02667,13.0695841,77.6518339,6
C02668,12.9250317,77.6021947,1
C02669,13.1105278,77.5799898,5
C02670,13.063622,77.5909427,5
C02671,13.1906528,77.4326879,2
C02672,12.8729362,77.6181679,5
C02673,12.9723046,77.6067225,4
C02674,13.1169891,77.607992,2
C02675,12.837131,77.6786401,2
C02676,13.0750937,77.6032902,1
C02677,12.9379241,77.5802177,4
C02678,12.9751975,77.7180037,1
C02679,12.9444068,77.5709394,4
C02680,12.9850165,77.6953259,3
C02681,12.9907644,77.5568951,5
C02682,13.0012957,77.5711363,3
C02683,12.974437,77.596864,3
C02684,12.9233888,77.5512272,6
C02685,13.0023294,77.5719173,4
C02686,12.92953,77.757352,4
C02687,12.830073,77.668726,5
C02688,13.0090125,77.5633382,1
C02689,12.9793561,77.5105425,6
C02690,12.8714146,77.5426769,5
C02691,12.825249,77.5147326,2
C02692,12.9769785,77.5788979,3
C02693,12.9720397,77.6527345,3
C02694,12.9672705,77.7163733,3
C02695,12.9572019,77.7001875,4
C02696,13.083068,77.608309,9
C02697,13.0491451,77.593229,7
C02698,12.9833046,77.7519667,1
C02699,13.0686568,77.5582571,5
C02700,12.9062374,77.5762286,8
C02701,12.9993286,77.5408919,4
C02702,13.0525485,77.6462442,7
C02703,12.9707396,77.6070806,14
C02704,12.9665388,77.7141281,7
C02705,12.9306252,77.6924075,4
C02706,12.9285248,77.5829378,7
C02707,12.9586998,77.7211629,4
C02708,13.0031805,77.572704,3
C02709,13.0263622,77.5930491,3
C02710,12.990176,77.6866131,10
C02711,13.0266333,77.77023,2
C02712,12.9167204,77.5864519,10
C02713,12.8745875,77.5414755,5
C02714,12.9803053,77.5753071,1
C02715,12.9820581,77.6396986,4
C02716,12.9362976,77.6213531,1
C02717,12.978669,77.6440415,5
C02718,12.9566279,77.6427434,6
C02719,12.9439846,77.7468939,2
C02720,12.9688819,77.6730004,4
C02721,13.0710481,77.6207888,13
C02722,13.0108103,77.555314,2
C02723,12.9972616,77.5647203,2
C02724,13.0209486,77.5294031,9
C02725,12.9630707,77.4538515,13
C02726,13.1275119,77.5888999,3
C02727,12.9735807,77.5794876,7
C02728,12.9544918,77.6490249,8
C02729,12.9815089,77.7209919,2
C02730,13.029482,77.630649,2
C02731,13.1466529,77.4174183,8
C02732,12.9010779,77.589486,11
C02733,12.9421213,77.747222,5
C02734,12.9336342,77.6176324,2
C02735,12.9991596,77.5698374,13
C02736,12.956604,77.7440853,2
C02737,12.8901178,77.6409735,3
C02738,12.9793318,77.6151279,4
C02739,12.978234,77.6426096,10
C02740,12.9539464,77.4692125,6
C02741,12.9720474,77.6798609,4
C02742,12.9509127,77.6230621,5
C02743,12.9278006,77.6066821,3
C02744,13.008864,77.5633509,5
C02745,13.0146151,77.6358098,1
C02746,12.9747401,77.6052003,3
C02747,13.0237861,77.6373078,4
C02748,12.9784828,77.5729077,1
C02749,12.9582235,77.6415281,4
C02750,12.9602381,77.562114,3
C02751,13.0316687,77.6230459,11
C02752,12.9020188,77.6280837,10
C02753,12.8819747,77.678787,2
C02754,13.0467502,77.6283725,3
C02755,12.9606385,77.7151392,3
C02756,13.0203763,77.5837192,2
C02757,12.9780366,77.6323958,4
C02758,13.0383011,77.6652515,2
C02759,12.9168184,77.5866576,2
C02760,12.9757136,77.5400982,5
C02761,13.007491,77.5488788,5
C02762,12.9874587,77.7461581,2
C02763,12.8162443,77.6916113,6
C02764,12.8751176,77.7662977,2
C02765,12.9441073,77.5265184,4
C02766,12.9962731,77.695027,6
C02767,12.9843805,77.5558016,3
C02768,12.974667,77.6069478,5
C02769,13.0709744,77.5898855,2
C02770,12.9685194,77.5382142,3
C02771,13.1026869,77.7440848,3
C02772,12.9506216,77.623825,2
C02773,13.0265031,77.6372019,3
C02774,12.9987298,77.5692354,1
C02775,12.9469618,77.7223532,2
C02776,12.9107901,77.5822781,3
C02777,12.9306675,77.5474147,3
C02778,12.9655669,77.5347825,3
C02779,12.9282447,77.5025918,3
C02780,12.9218625,77.5849753,5
C02781,12.9724073,77.5368839,6
C02782,12.9810583,77.5630873,2
C02783,12.9847344,77.5971261,1
C02784,13.0413848,77.5572903,2
C02785,12.9681537,77.628893,2
C02786,13.0085601,77.6132761,3
C02787,12.9217823,77.585303,2
C02788,12.9541568,77.7210711,1
C02789,12.9781181,77.6384105,2
C02790,12.9093013,77.614205,4
C02791,12.9724056,77.6520177,5
C02792,12.8759565,77.6397754,2
C02793,12.9307348,77.633114,2
C02794,12.9741174,77.6099271,2
C02795,12.9233773,77.598919,3
C02796,12.9288555,77.5818153,2
C02797,12.9939085,77.6753552,5
C02798,12.9777049,77.5776713,1
C02799,13.0041876,77.6659393,3
C02800,12.9435344,77.5654837,4
C02801,12.8491937,77.5220679,4
C02802,12.9772751,77.641272,22
C02803,12.9272566,77.6828027,4
C02804,13.1989516,77.7182426,2
C02805,12.9285649,77.5848497,3
C02806,13.1006631,77.5769054,1
C02807,12.9590437,77.6555455,3
C02808,13.1921165,77.6470163,2
C02809,12.9171955,77.4905218,6
C02810,13.0684068,77.5603705,2
C02811,12.9003958,77.622738,3
C02812,12.9104422,77.5915328,2
C02813,13.0173685,77.5671271,11
C02814,12.9778838,77.6419526,3
C02815,12.8463388,77.6724425,12
C02816,12.9650621,77.5998831,6
C02817,12.9947434,77.5663773,5
C02818,12.9939515,77.5932056,4
C02819,12.8755953,77.6388735,4
C02820,12.9242835,77.6181188,1
C02821,12.9652036,77.5979164,3
C02822,13.0408171,77.6182622,6
C02823,13.0221707,77.6022429,3
C02824,13.0950433,77.5942125,1
C02825,12.9375522,77.6186183,3
C02826,12.8354782,77.6809917,11
C02827,12.903842,77.5079737,8
C02828,13.0570475,77.5711199,3
C02829,13.0146925,77.5687295,6
C02830,12.9657179,77.7186051,3
C02831,12.9760261,77.5646252,1
C02832,12.9508622,77.7041589,2
C02833,12.9738882,77.5992729,10
C02834,12.996601,77.6968556,3
C02835,12.9663991,77.762046,3
C02836,12.9999497,77.6229731,3
C02837,12.9406714,77.5703714,13
C02838,12.8474773,77.6513663,10
C02839,12.988699,77.5499944,16
C02840,12.924052,77.7626459,3
C02841,12.8790275,77.7627614,4
C02842,13.0709479,77.5899017,1
C02843,12.9886824,77.6933161,9
C02844,12.9723325,77.6414221,1
C02845,12.9169799,77.6338738,4
C02846,13.0607346,77.5070422,2
C02847,12.9622636,77.5951894,2
C02848,12.9235926,77.5813366,2
C02849,13.1015775,77.5717756,2
C02850,13.0566583,77.5601262,2
C02851,12.9780998,77.6347333,2
C02852,13.0920181,77.5936932,6
C02853,13.0145004,77.635717,2
C02854,12.9652093,77.6442295,4
C02855,12.9432604,77.4907297,8
C02856,12.9686873,77.6515092,2
C02857,12.9781394,77.6317739,2
C02858,13.1351506,77.7471989,3
C02859,12.8613276,77.7867733,8
C02860,13.0024248,77.571574,4
C02861,12.9803378,77.6449974,2
C02862,12.9573955,77.5326075,5
C02863,12.9712436,77.6471463,2
C02864,12.9577457,77.7009447,5
C02865,12.9669657,77.6068192,4
C02866,12.9509055,77.6231072,3
C02867,12.9686142,77.6495815,2
C02868,12.9196021,77.6130587,2
C02869,12.9744205,77.6078621,5
C02870,12.970764,77.5870451,8
C02871,13.0011865,77.6239993,2
C02872,12.9934495,77.6070426,5
C02873,12.9221405,77.6479366,1
C02874,12.9982738,77.5526311,2
C02875,12.8517345,77.668652,3
C02876,13.007947,77.5428561,2
C02877,13.0545807,77.5492387,2
C02878,12.9225428,77.6496528,2
C02879,13.0112732,77.6805284,4
C02880,13.0138919,77.7320471,3
C02881,12.9089708,77.649501,1
C02882,13.0273348,77.5765728,1
C02883,12.8215205,77.687234,2
C02884,13.064923,77.4551258,5
C02885,13.0121288,77.6660982,1
C02886,13.083509,77.6347834,2
C02887,13.1819855,77.6717414,2
C02888,12.9699756,77.640079,9
C02889,12.9180673,77.6306713,3
C02890,12.96672,77.7629751,4
C02891,12.9215945,77.6635241,4
C02892,12.9608478,77.5094134,1
C02893,13.0092527,77.5486022,6
C02894,12.9819252,77.6093637,4
C02895,12.9448759,77.5680072,5
C02896,13.0273312,77.6601508,50
C02897,12.8709335,77.5427467,1
C02898,12.9712575,77.5777304,11
C02899,13.0376489,77.6922232,3
C02900,13.0131133,77.5695739,4
C02901,12.9274662,77.6693926,3
C02902,12.9858058,77.5513798,2
C02903,13.0993802,77.6418078,2
C02904,13.1068382,77.6016804,4
C02905,13.0714185,77.5114835,1
C02906,12.9596988,77.5121786,6
C02907,12.8750879,77.5950098,2
C02908,13.0195645,77.6372622,2
C02909,13.0119157,77.5934502,2
C02910,12.9065334,77.598516,8
C02911,13.0018615,77.5506272,2
C02912,12.9055432,77.7471953,4
C02913,12.9809081,77.6374224,2
C02914,13.0143934,77.6509925,6
C02915,12.9715352,77.6562968,5
C02916,12.964736,77.5817243,12
C02917,12.975208,77.6031826,3
C02918,12.9308818,77.6327024,5
C02919,12.9347403,77.6126656,4
C02920,12.9598156,77.7483032,8
C02921,12.9234167,77.5895751,2
C02922,12.8989097,77.6219897,6
C02923,12.9972323,77.5484006,3
C02924,13.0291115,77.5401527,3
C02925,12.9439505,77.6939714,4
C02926,12.9795827,77.6646012,4
C02927,13.0243275,77.5441888,3
C02928,12.9591478,77.7188467,4
C02929,13.1237336,77.4305997,10
C02930,12.9588147,77.565836,7
C02931,12.9012855,77.623539,6
C02932,12.8349187,77.6948374,2
C02933,12.9983224,77.548819,2
C02934,12.971276,77.647133,6
C02935,12.9916367,77.5044787,6
C02936,12.9682729,77.5871886,9
C02937,12.9937229,77.6608029,2
C02938,12.9377397,77.747608,3
C02939,12.8917881,77.583915,1
C02940,12.9778951,77.5164792,3
C02941,12.9733967,77.6357561,7
C02942,12.9045616,77.5057926,2
C02943,12.9764139,77.6012059,5
C02944,12.9348218,77.6304221,3
C02945,12.9499754,77.5831517,4
C02946,13.0345665,77.588793,1
C02947,13.0044271,77.6601481,4
C02948,12.9236497,77.6703278,1
C02949,12.9597759,77.6016028,3
C02950,13.0289052,77.5716135,1
C02951,12.8362065,77.6251288,8
C02952,12.9786044,77.6387723,6
C02953,12.9623406,77.5342853,5
C02954,12.8824999,77.5660055,10
C02955,12.9690647,77.7500197,2
C02956,12.9154233,77.4812331,11
C02957,12.9794206,77.5077376,6
C02958,12.9549547,77.6511081,3
C02959,12.9402744,77.5253631,7
C02960,12.9242813,77.6811116,2
C02961,12.9489409,77.5862685,2
C02962,13.0087731,77.6134348,2
C02963,13.0533535,77.7620152,2
C02964,12.9166146,77.6518995,2
C02965,12.9168623,77.602811,8
C02966,12.948784,77.6988437,3
C02967,12.9782314,77.5843414,4
C02968,13.0692816,77.605767,2
C02969,12.9356984,77.6166336,1
C02970,12.8470967,77.6702848,4
C02971,12.9522948,77.5838394,1
C02972,12.9917551,77.5705993,3
C02973,12.9132176,77.6790163,1
C02974,12.9856724,77.5420617,13
C02975,13.1143086,77.5791243,6
C02976,12.9935528,77.5712961,4
C02977,12.980055,77.6385017,8
C02978,12.9357653,77.6076728,2
C02979,12.8872149,77.5817813,5
C02980,13.061939,77.6489587,4
C02981,12.999291,77.5671481,4
C02982,12.9989923,77.5510234,8
C02983,12.9443266,77.5801203,6
C02984,13.0413867,77.6217785,4
C02985,12.9734222,77.6512089,1
C02986,12.9289467,77.5814326,2
C02987,13.0114288,77.6799489,3
C02988,12.9380741,77.5792676,4
C02989,12.9672288,77.4590501,2
C02990,13.0996273,77.597945,18
C02991,12.9055153,77.6277689,10
C02992,12.9990606,77.5416311,5
C02993,12.8766877,77.584049,3
C02994,12.9339988,77.5355529,3
C02995,12.9328117,77.613835,2
C02996,12.9611744,77.7134635,4
C02997,12.9137001,77.608221,4
C02998,13.0271442,77.578158,1
C02999,12.9630714,77.4538575,4
C03000,12.9059599,77.5963485,3
C03001,12.9460051,77.6247597,1
C03002,13.1597459,77.6407715,2
C03003,12.9049372,77.5434901,2
C03004,13.0554599,77.6031448,12
C03005,12.9238683,77.4973285,5
C03006,12.9939906,77.6154041,1
C03007,12.9569352,77.7322928,5
C03008,13.0628837,77.5920111,1
C03009,12.9327419,77.6269861,7
C03010,12.9871562,77.736278,2
C03011,12.9740803,77.5956811,3
C03012,12.9809,77.7276251,8
C03013,12.9483065,77.6986195,1
C03014,12.9163753,77.6103469,1
C03015,12.8683303,77.5142974,2
C03016,12.9165996,77.5970356,7
C03017,12.8858555,77.5964691,1
C03018,13.0291835,77.5788862,1
C03019,12.9992858,77.5670032,2
C03020,12.9254083,77.5836059,5
C03021,13.0187468,77.5569804,8
C03022,12.9658859,77.5348572,2
C03023,12.930711,77.5430789,2
C03024,13.0110193,77.5808641,7
C03025,12.982224,77.7087599,1
C03026,13.0481957,77.6381656,3
C03027,12.9555858,77.7221034,4
C03028,12.9386147,77.5434317,5
C03029,12.8449776,77.6600659,2
C03030,12.9755648,77.6030218,3
C03031,12.9823799,77.5620597,1
C03032,13.0699145,77.5551314,2
C03033,12.9746923,77.6760806,5
C03034,12.9312966,77.7418272,2
C03035,12.8398679,77.6635054,3
C03036,12.9532918,77.5930251,5
C03037,13.1787359,77.5882085,3
C03038,12.8002919,77.5731276,4
C03039,13.0592399,77.5907809,2
C03040,12.9162563,77.520671,3
C03041,12.9821611,77.6082232,5
C03042,13.1919326,77.6445611,4
C03043,12.9587913,77.6466804,2
C03044,12.9944143,77.6631498,4
C03045,12.9233791,77.618714,5
C03046,12.9915349,77.5709185,1
C03047,13.0263631,77.5996649,7
C03048,12.9807183,77.5068873,3
C03049,12.9900799,77.5719597,4
C03050,12.9506711,77.6410125,8
C03051,13.0346626,77.5267529,1
C03052,12.9000882,77.6215142,2
C03053,12.9635112,77.5848109,3
C03054,12.9855214,77.5387316,2
C03055,13.0300745,77.5870619,11
C03056,13.0416942,77.6194248,2
C03057,12.9266638,77.4896129,2
C03058,13.0756865,77.6037087,4
C03059,12.9389386,77.5517171,1
C03060,12.9090967,77.6121578,3
C03061,12.9809663,77.6962332,4
C03062,13.0553857,77.60315,3
C03063,12.9062825,77.6276456,3
C03064,12.8845329,77.7763889,2
C03065,12.8062067,77.5367792,1
C03066,12.9673469,77.7144604,4
C03067,12.981327,77.5952901,11
C03068,12.9606014,77.5592964,3
C03069,13.0341188,77.57104,4
C03070,12.9716304,77.6444209,5
C03071,13.0231404,77.5504068,1
C03072,12.9730471,77.6374051,11
C03073,13.0057802,77.5485351,4
C03074,12.9422696,77.6253883,10
C03075,12.9400829,77.6255134,2
C03076,12.9766211,77.5725503,12
C03077,12.9703401,77.6087404,6
C03078,12.9089627,77.6326559,5
C03079,12.9687781,77.6491057,4
C03080,12.9738144,77.5517301,3
C03081,12.9746324,77.6063691,8
C03082,12.980602,77.7092104,4
C03083,12.9166825,77.6068604,1
C03084,13.0452903,77.6266198,2
C03085,12.9601779,77.5345169,3
C03086,12.8931908,77.6199692,4
C03087,12.9881515,77.5905722,3
C03088,12.9354259,77.5473967,8
C03089,12.9794442,77.6466519,1
C03090,12.913395,77.6044106,4
C03091,12.9233711,77.499694,1
C03092,13.0313098,77.559531,6
C03093,13.0927841,77.593926,3
C03094,12.9734759,77.6785861,4
C03095,13.0636847,77.5905928,2
C03096,12.9875144,77.4932408,8
C03097,13.0144106,77.6427176,7
C03098,12.8725257,77.5606665,5
C03099,13.0265464,77.5796929,3
C03100,12.8084509,77.590524,5
C03101,12.9683562,77.7013688,2
C03102,13.0227436,77.6194946,6
C03103,12.9813348,77.7275463,11
C03104,12.9851301,77.6740156,7
C03105,12.9682582,77.6517189,2
C03106,13.1104725,77.5215268,4
C03107,12.9095343,77.5808465,1
C03108,12.9583131,77.7067099,5
C03109,12.9922767,77.677326,5
C03110,13.0043424,77.5845323,1
C03111,13.0880852,77.4949031,1
C03112,12.985533,77.5974772,3
C03113,12.9846268,77.5558117,3
C03114,12.972691,77.5356835,1
C03115,12.8787829,77.7619029,4
C03116,12.9619969,77.6459729,4
C03117,12.9693708,77.5669903,3
C03118,12.9724788,77.6518422,2
C03119,12.9696091,77.7500882,7
C03120,12.9508984,77.5944766,11
C03121,12.9840494,77.5578305,2
C03122,12.9571993,77.7002797,2
C03123,12.9014849,77.5734716,5
C03124,12.9989833,77.5802015,3
C03125,12.9753903,77.602846,3
C03126,13.0013864,77.6236852,6
C03127,13.0529667,77.645813,1
C03128,13.0258705,77.588633,8
C03129,12.9118361,77.6388316,3
C03130,12.9714522,77.6562815,2
C03131,13.0147655,77.5706595,3
C03132,13.0183808,77.564656,3
C03133,13.1071415,77.5997797,1
C03134,12.933659,77.5909242,9
C03135,12.9724427,77.6518378,3
C03136,12.8805085,77.4717115,5
C03137,12.9792116,77.6952364,6
C03138,12.9725658,77.6507848,2
C03139,13.0782136,77.5794716,5
C03140,12.8294495,77.664488,3
C03141,13.0117279,77.5553093,6
C03142,12.9721522,77.5127999,1
C03143,12.9998684,77.6768971,3
C03144,13.0084004,77.5631918,2
C03145,12.9730281,77.5692897,4
C03146,13.0736882,77.5667911,5
C03147,13.0708473,77.5903456,2
C03148,12.9813858,77.6360884,2
C03149,12.92478,77.6746246,3
C03150,12.9481605,77.5806613,2
C03151,12.997655,77.6966734,6
C03152,13.0120028,77.6671738,3
C03153,12.9702633,77.6390562,1
C03154,13.0154589,77.5697457,3
C03155,12.8504527,77.6570202,2
C03156,12.8773193,77.5834526,1
C03157,12.9766126,77.7243495,1
C03158,12.9655182,77.541311,4
C03159,12.9834936,77.590649,8
C03160,12.8863615,77.6724601,4
C03161,13.0721805,77.5575839,2
C03162,12.9278196,77.556621,5
C03163,12.9480153,77.5696644,2
C03164,13.0181896,77.5315886,2
C03165,12.9255563,77.5952012,1
C03166,12.9771657,77.5381764,1
C03167,12.8944069,77.5815499,3
C03168,12.9992734,77.5493702,4
C03169,12.9645855,77.6417999,3
C03170,13.0135054,77.6617822,2
C03171,12.9838516,77.748547,2
C03172,12.9095465,77.6520627,5
C03173,12.9592471,77.7462681,1
C03174,12.9055448,77.641275,6
C03175,12.9964403,77.6122016,2
C03176,12.9711603,77.6343125,2
C03177,12.9784829,77.6301651,1
C03178,12.8907824,77.5947264,2
C03179,13.0080777,77.6463481,7
C03180,13.0832219,77.5484278,5
C03181,12.8919437,77.5819892,7
C03182,13.0834683,77.6431893,5
C03183,12.9448371,77.5967768,2
C03184,12.9750273,77.6987639,3
C03185,12.9739071,77.6098541,2
C03186,12.9780265,77.6754957,8
C03187,12.9106932,77.5824245,1
C03188,12.8391739,77.6576321,6
C03189,12.9204346,77.6864612,6
C03190,13.029271,77.5639205,12
C03191,13.0219932,77.6405659,2
C03192,12.9683717,77.5844461,5
C03193,13.005255,77.703108,16
C03194,12.9189825,77.6098607,2
C03195,13.0782791,77.5921065,1
C03196,12.8805619,77.6020723,1
C03197,13.0250934,77.5461198,5
C03198,12.9406228,77.6261245,1
C03199,12.9477595,77.5832855,3
C03200,13.0843481,77.6541567,5
C03201,12.9740103,77.7504051,4
C03202,12.835973,77.6845095,4
C03203,12.9702937,77.6097845,4
C03204,13.0081132,77.5723864,8
C03205,12.9403899,77.5478867,2
C03206,12.9897405,77.5526163,2
C03207,12.9670534,77.6068017,2
C03208,12.8784742,77.5450234,6
C03209,12.9630327,77.6692313,6
C03210,12.8726127,77.566535,5
C03211,13.0865172,77.5936872,8
C03212,13.0030191,77.6353049,1
C03213,12.9945697,77.5716164,11
C03214,12.9497089,77.6128657,10
C03215,12.9218121,77.6761569,6
C03216,12.8330809,77.4009347,12
C03217,12.972545,77.6073523,1
C03218,13.0459413,77.5223395,2
C03219,13.0332222,77.596659,2
C03220,12.998422,77.5532934,6
C03221,12.9257968,77.6873009,2
C03222,13.0280499,77.5715386,6
C03223,13.038559,77.6472476,9
C03224,12.9868232,77.5800176,5
C03225,12.9712807,77.4882809,4
C03226,12.9651237,77.5378104,2
C03227,13.0349433,77.5179665,2
C03228,13.0321082,77.750558,8
C03229,13.0155385,77.5261972,6
C03230,12.9721343,77.6950757,3
C03231,12.9569536,77.7440175,2
C03232,12.985627,77.7245463,1
C03233,12.9776126,77.636686,2
C03234,12.9037635,77.626806,13
C03235,12.9116566,77.6753202,1
C03236,13.1698272,77.5359839,4
C03237,12.9429573,77.6174085,7
C03238,12.9690697,77.6017455,1
C03239,12.9683503,77.6027151,4
C03240,13.055296,77.601208,6
C03241,12.9264576,77.6949779,3
C03242,12.9776998,77.644514,25
C03243,12.989337,77.5543331,1
C03244,13.0476974,77.5758208,7
C03245,12.987854,77.5145347,3
C03246,12.9582214,77.5685411,6
C03247,12.9712095,77.4882468,5
C03248,13.1620286,77.7134711,2
C03249,12.9630918,77.5847915,4
C03250,12.9602851,77.5049897,1
C03251,13.0582011,77.6435954,5
C03252,12.9539425,77.717831,4
C03253,12.9900398,77.5557384,5
C03254,12.9943775,77.608966,7
C03255,12.9497606,77.6991216,4
C03256,12.9748372,77.6056947,4
C03257,12.9505114,77.7180608,2
C03258,13.1042748,77.5933887,2
C03259,12.8391572,77.6773716,8
C03260,12.9785893,77.6754889,9
C03261,12.9718911,77.6066836,3
C03262,13.0362481,77.5747038,3
C03263,12.9387545,77.6260701,2
C03264,12.9566237,77.7013376,8
C03265,12.9625257,77.7014885,5
C03266,13.0201855,77.5783702,13
C03267,13.066906,77.4967968,2
C03268,13.0349227,77.5614892,3
C03269,12.9606799,77.7015963,4
C03270,12.9358758,77.6259621,5
C03271,12.9471553,77.6991682,3
C03272,12.9831083,77.707991,2
C03273,12.8972071,77.5818847,6
C03274,13.0008811,77.5504807,6
C03275,13.0667714,77.5555723,2
C03276,12.9801559,77.6023714,9
C03277,12.9786817,77.6964611,8
C03278,12.980886,77.5636738,4
C03279,12.9769925,77.7252705,4
C03280,12.9574836,77.5030522,5
C03281,12.9342534,77.7447724,2
C03282,13.0105296,77.5548792,3
C03283,12.880853,77.5462315,1
C03284,13.0702566,77.5039621,6
C03285,12.9321449,77.5417724,1
C03286,12.9639276,77.6064804,10
C03287,12.9371421,77.7489027,3
C03288,13.1567867,77.6257432,3
C03289,12.9938307,77.5716694,2
C03290,12.9110766,77.4800451,3
C03291,12.9784414,77.5762946,9
C03292,13.0775849,77.6061759,1
C03293,13.0008022,77.6325501,8
C03294,13.0973741,77.5918803,4
C03295,12.9142524,77.6651948,1
C03296,13.0565227,77.4876666,2
C03297,13.0284,77.5586943,11
C03298,12.9989,77.5811516,2
C03299,13.0313749,77.6131942,1
C03300,12.9537386,77.6529198,7
C03301,12.908584,77.6500091,4
C03302,12.9057066,77.6039088,2
C03303,12.8908183,77.639599,4
C03304,12.9974433,77.7682807,2
C03305,12.9961873,77.5650383,7
C03306,12.9718748,77.6447234,7
C03307,13.0027891,77.5502811,5
C03308,13.0913516,77.4898281,4
C03309,12.984684,77.5824702,11
C03310,12.8981899,77.6181991,3
C03311,12.9039405,77.5106239,1
C03312,12.9751237,77.615012,5
C03313,13.0106061,77.555373,14
C03314,13.0016804,77.5493011,2
C03315,12.9401391,77.5644259,3
C03316,13.1978363,77.7137713,4
C03317,12.9826877,77.5977753,3
C03318,12.8828683,77.4694101,2
C03319,12.9824715,77.6098143,7
C03320,12.9775684,77.6400704,17
C03321,12.8889872,77.5626569,4
C03322,12.965194,77.6417769,2
C03323,12.9568087,77.7423673,1
C03324,12.9427087,77.6307137,4
C03325,13.0589017,77.7430759,7
C03326,12.9341198,77.6169953,5
C03327,12.9854431,77.7489022,3
C03328,13.0823952,77.5880175,2
C03329,12.9725586,77.6177022,2
C03330,12.977562,77.5744205,6
C03331,12.979456,77.6952193,6
C03332,13.0213775,77.636933,1
C03333,12.9766871,77.6000287,10
C03334,12.9753969,77.6195543,5
C03335,13.0010825,77.5714347,9
C03336,12.9067307,77.6311698,1
C03337,12.9507407,77.6233681,1
C03338,13.1005521,77.5717632,3
C03339,12.9167831,77.6184931,5
C03340,12.9912603,77.6142226,12
C03341,13.0687564,77.5547863,5
C03342,12.9586051,77.5653986,3
C03343,12.9372349,77.581058,2
C03344,12.9059948,77.5631587,8
C03345,12.9264128,77.6767516,2
C03346,12.9728948,77.6070991,10
C03347,12.9783532,77.629448,3
C03348,12.9151912,77.5135577,10
C03349,12.9905992,77.5745019,5
C03350,12.909786,77.6325956,3
C03351,12.9563662,77.6603503,2
C03352,12.9951506,77.5925309,3
C03353,12.9812133,77.6359204,4
C03354,12.9004224,77.4871294,4
C03355,13.0679935,77.5593985,2
C03356,12.9870776,77.5191772,3
C03357,12.9724119,77.6800338,4
C03358,13.063618,77.5874401,1
C03359,12.9782284,77.6306448,5
C03360,13.0528989,77.601395,2
C03361,12.9590285,77.6566733,1
C03362,12.9344396,77.6160195,1
C03363,12.9141005,77.6865724,1
C03364,13.075606,77.55955,1
C03365,12.9687466,77.6362013,2
C03366,13.0278653,77.5564664,13
C03367,13.0071308,77.5345214,2
C03368,12.9733738,77.6357554,4
C03369,12.9994304,77.4887857,4
C03370,12.9880617,77.7339646,4
C03371,12.9756865,77.6669815,3
C03372,12.9629034,77.7131569,1
C03373,12.8785294,77.6385091,9
C03374,12.9808721,77.6462154,12
C03375,12.9389135,77.5525787,1
C03376,12.9689238,77.5792294,2
C03377,12.9890498,77.5425333,3
C03378,12.9249672,77.5836058,2
C03379,12.9912698,77.6877454,5
C03380,12.9658096,77.6021506,2
C03381,12.9895041,77.54581,15
C03382,13.0150279,77.4495824,8
C03383,13.0708238,77.590473,4
C03384,12.969536,77.6478283,7
C03385,12.9295981,77.5681912,7
C03386,13.1841872,77.7051708,2
C03387,12.9846134,77.6760139,2
C03388,12.9720251,77.5468274,4
C03389,12.960807,77.5771138,6
C03390,12.9576929,77.6613081,4
C03391,12.9532084,77.585863,1
C03392,12.943275,77.6216701,2
C03393,12.9785211,77.6297221,3
C03394,12.9640883,77.5500287,3
C03395,12.9845356,77.5918416,13
C03396,12.9269294,77.5861832,1
C03397,13.0988814,77.5774223,5
C03398,13.0232981,77.5497052,9
C03399,13.0753105,77.5579778,16
C03400,12.9487043,77.7045923,3
C03401,12.9916252,77.5702927,5
C03402,13.0461708,77.7506815,5
C03403,12.8969554,77.6003119,4
C03404,13.0598624,77.5926701,3
C03405,12.8761382,77.765215,5
C03406,12.9161045,77.6449872,1
C03407,12.8898598,77.4755591,5
C03408,13.06925,77.5562415,4
C03409,13.1436435,77.4122677,3
C03410,12.9164793,77.6051434,14
C03411,13.1991991,77.70813,2
C03412,12.8891417,77.57816,3
C03413,12.8068224,77.5789128,13
C03414,13.055866,77.6326224,2
C03415,12.9660809,77.7178303,2
C03416,12.9211928,77.651389,3
C03417,12.9903609,77.5719554,6
C03418,12.9775746,77.6407167,4
C03419,12.9121363,77.6496658,1
C03420,12.9745369,77.5968251,2
C03421,12.9715076,77.5962518,2
C03422,12.9219058,77.5510032,3
C03423,13.1274479,77.5861976,4
C03424,12.9700883,77.7502482,4
C03425,12.9118878,77.6403914,1
C03426,12.981241,77.6462009,7
C03427,12.9592076,77.6054317,4
C03428,13.1564639,77.791978,9
C03429,12.9348451,77.6128809,5
C03430,12.8814541,77.6674463,7
C03431,12.9567726,77.7003897,5
C03432,12.9687203,77.7446763,9
C03433,12.9108396,77.6397226,5
C03434,13.0401108,77.6798879,3
C03435,13.00966,77.4828739,16
C03436,12.9914832,77.5710526,6
C03437,13.1045782,77.6004842,5
C03438,12.9149937,77.6352099,1
C03439,13.098829,77.5846299,1
C03440,12.8802209,77.4714755,4
C03441,12.9904282,77.5706929,4
C03442,12.9703459,77.5943823,2
C03443,12.941871,77.6081394,4
C03444,13.0041697,77.5822694,10
C03445,12.9212531,77.6635382,5
C03446,12.914091,77.6351827,1
C03447,12.9726825,77.6482692,3
C03448,13.0718794,77.5560732,2
C03449,12.8416614,77.6443024,3
C03450,12.8406178,77.6511117,2
C03451,12.9779413,77.5977431,2
C03452,12.9814012,77.5637326,1
C03453,12.959938,77.7483391,3
C03454,12.9243553,77.5648981,2
C03455,12.8487517,77.6550352,1
C03456,12.939367,77.7307197,14
C03457,12.9222167,77.5893948,7
C03458,12.9808084,77.6367488,3
C03459,12.9568988,77.7319185,3
C03460,12.9785438,77.7111721,1
C03461,12.960855,77.5288144,11
C03462,12.9738342,77.5827644,13
C03463,12.9783687,77.6607806,4
C03464,13.026313,77.5845772,7
C03465,12.9323507,77.6861082,4
C03466,12.8987996,77.6584097,1
C03467,12.9611673,77.7012927,2
C03468,12.9734503,77.5751186,4
C03469,13.0106228,77.5535866,2
C03470,13.0749141,77.5674987,3
C03471,13.000959,77.6325429,3
C03472,13.0400105,77.5551098,3
C03473,12.9240913,77.553374,3
C03474,12.9972226,77.5818843,2
C03475,12.8931572,77.5987475,2
C03476,12.9586687,77.5613008,1
C03477,12.914051,77.6321862,7
C03478,12.9346103,77.7437988,1
C03479,12.9507263,77.594144,7
C03480,12.9686442,77.6291495,9
C03481,13.0079918,77.6184726,3
C03482,12.9628816,77.7131542,1
C03483,12.9738713,77.5866851,3
C03484,12.9336331,77.622557,3
C03485,12.959017,77.7169995,2
C03486,12.8986228,77.656868,2
C03487,12.9701128,77.6564543,10
C03488,12.8821255,77.6559921,5
C03489,13.0189051,77.6567845,2
C03490,13.0062388,77.6479074,1
C03491,12.9806502,77.6115927,3
C03492,12.9728395,77.6413259,3
C03493,13.1040278,77.5726029,5
C03494,12.9661926,77.7178513,2
C03495,12.9320159,77.5891764,5
C03496,12.9313955,77.5179594,13
C03497,12.9799798,77.5997722,6
C03498,12.9513056,77.7174058,3
C03499,12.9380629,77.5338001,3
C03500,13.0958663,77.5785324,3
C03501,12.997828,77.6969269,8
C03502,12.8819899,77.5019592,2
C03503,12.9325193,77.5839611,3
C03504,12.9297191,77.5767555,3
C03505,12.9575422,77.6550504,2
C03506,13.0371838,77.462165,1
C03507,12.8624037,77.5430742,4
C03508,12.8760221,77.639765,3
C03509,13.0635119,77.5904691,5
C03510,13.0949544,77.5730358,2
C03511,12.9780154,77.6334331,8
C03512,13.0354243,77.5753543,2
C03513,12.9872982,77.7481842,11
C03514,13.1006249,77.5992486,1
C03515,12.8605493,77.7809524,5
C03516,13.0044751,77.5711942,5
C03517,12.9337088,77.6214781,2
C03518,13.0685945,77.5636764,4
C03519,12.9992963,77.5494391,8
C03520,12.9029431,77.519837,1
C03521,12.9160112,77.6511084,5
C03522,12.974665,77.6066507,1
C03523,12.9571937,77.7380363,2
C03524,13.1208483,77.6186871,10
C03525,13.0022802,77.6604849,2
C03526,13.0554023,77.6020789,1
C03527,12.9453765,77.59506,3
C03528,12.9137923,77.6374114,14
C03529,12.9686616,77.5875127,1
C03530,12.8419252,77.6440169,2
C03531,12.9138971,77.6781938,9
C03532,13.0465701,77.6021433,12
C03533,12.9653052,77.5346724,3
C03534,13.0229555,77.6032161,1
C03535,13.0554671,77.595573,14
C03536,12.9917025,77.6802757,10
C03537,12.9454151,77.5709801,5
C03538,12.9788682,77.640117,2
C03539,12.9932191,77.5546749,3
C03540,12.9122779,77.6517119,3
C03541,13.1991311,77.7184314,4
C03542,12.9904693,77.6849334,9
C03543,12.8830212,77.7525549,6
C03544,13.0015255,77.6254644,2
C03545,12.9700673,77.5764205,9
C03546,12.9179099,77.6518741,4
C03547,12.9595967,77.7099381,5
C03548,12.9716659,77.6556496,9
C03549,12.975486,77.6009137,2
C03550,12.9895876,77.5932786,3
C03551,12.9598192,77.5830807,2
C03552,12.9044856,77.6654434,1
C03553,12.8430892,77.4229732,4
C03554,12.9387115,77.5937737,19
C03555,12.9361688,77.631568,1
C03556,12.8747613,77.6100893,3
C03557,12.9825938,77.6057981,5
C03558,13.0498196,77.6000149,4
C03559,12.9094275,77.6393304,3
C03560,12.9918166,77.5375888,1
C03561,12.9065042,77.5898768,4
C03562,12.9755964,77.5982864,2
C03563,12.9125011,77.6362476,1
C03564,12.9893245,77.5740161,8
C03565,12.9568026,77.7423896,6
C03566,12.9364646,77.614012,3
C03567,13.116341,77.5781161,4
C03568,13.0264542,77.6363506,7
C03569,12.8855103,77.5824089,4
C03570,12.9523691,77.5697301,6
C03571,13.0569897,77.5936645,3
C03572,12.8160167,77.6918314,8
C03573,12.994438,77.5780216,4
C03574,13.0081078,77.5549568,4
C03575,13.0438902,77.4850998,1
C03576,12.9170447,77.6299095,4
C03577,13.0262488,77.5850757,2
C03578,12.9549456,77.588287,2
C03579,12.9782996,77.628861,2
C03580,12.960575,77.7181435,2
C03581,13.0043685,77.5816097,15
C03582,12.9588744,77.6594639,8
C03583,12.948072,77.5430925,13
C03584,12.9303331,77.6332426,1
C03585,12.9725437,77.5859867,3
C03586,13.029313,77.5608165,1
C03587,12.9782037,77.6384534,2
C03588,13.0085354,77.5694521,2
C03589,12.9479761,77.5325668,8
C03590,12.9850456,77.5450126,3
C03591,13.0002869,77.5718472,7
C03592,12.9572978,77.5644522,5
C03593,13.1255615,77.5912475,17
C03594,12.9997652,77.6173181,1
C03595,12.9151071,77.5624888,8
C03596,13.0053385,77.5695886,7
C03597,13.0594298,77.5904563,2
C03598,13.0543103,77.4806348,7
C03599,12.9257669,77.5787408,4
C03600,12.8896572,77.6490618,3
C03601,12.9760267,77.5925812,2
C03602,12.9584406,77.593372,2
C03603,12.9637812,77.6413411,14
C03604,12.9462204,77.6289455,3
C03605,12.9229702,77.6514315,6
C03606,12.9876571,77.57848,2
C03607,12.9566705,77.6999969,2
C03608,12.9463859,77.6220465,7
C03609,12.9727086,77.6188843,1
C03610,13.1040452,77.5711809,2
C03611,12.9571437,77.7396562,3
C03612,13.1039183,77.5742613,4
C03613,12.9705436,77.5834769,3
C03614,12.9649312,77.718116,4
C03615,12.978323,77.644993,5
C03616,12.9161025,77.6155077,6
C03617,12.965607,77.6418266,2
C03618,12.9052961,77.5858167,3
C03619,12.9268066,77.6332725,8
C03620,13.000224,77.5507146,6
C03621,12.9501128,77.5834673,1
C03622,12.9553004,77.7209048,4
C03623,13.0323908,77.5771592,1
C03624,12.9207261,77.6866034,3
C03625,13.0478883,77.5001335,13
C03626,12.9965785,77.6045552,2
C03627,12.9245212,77.4981445,2
C03628,13.0080001,77.5837482,6
C03629,12.9165695,77.5973579,1
C03630,12.9378068,77.6271846,2
C03631,12.9839612,77.5965133,5
C03632,12.9893282,77.5379751,2
C03633,13.1508314,77.5552642,3
C03634,12.9336119,77.6152238,6
C03635,13.0124427,77.7608184,4
C03636,13.0371728,77.6409543,4
C03637,13.0301347,77.5870419,3
C03638,12.9403953,77.558544,4
C03639,12.9878673,77.6001189,3
C03640,12.9514036,77.5835121,5
C03641,12.9784222,77.5487941,2
C03642,13.0026621,77.634644,3
C03643,12.8902593,77.5979064,2
C03644,12.9385917,77.5545138,3
C03645,12.993211,77.5697205,2
C03646,12.9374907,77.6281009,2
C03647,12.9949687,77.6659804,4
C03648,12.9664558,77.6137032,4
C03649,12.9100629,77.5924585,6
C03650,13.058001,77.6490356,2
C03651,12.9483874,77.5860061,4
C03652,12.9685272,77.6426049,5
C03653,13.0186811,77.5059438,5
C03654,12.9521239,77.4996917,2
C03655,13.0010985,77.6123761,4
C03656,12.9365445,77.6142714,4
C03657,12.9618934,77.7013316,3
C03658,12.8663372,77.54525,1
C03659,12.9569478,77.6015303,4
C03660,12.9754578,77.6059813,16
C03661,12.9977025,77.6217069,3
C03662,12.8027085,77.596433,2
C03663,13.020084,77.654053,4
C03664,12.9700606,77.576438,4
C03665,12.9869518,77.5558249,8
C03666,12.9920289,77.5712576,1
C03667,13.0589662,77.5908384,6
C03668,12.9184352,77.6515166,5
C03669,12.9157092,77.5613686,3
C03670,12.9842346,77.7337626,4
C03671,12.9379263,77.6989643,7
C03672,12.965565,77.5844677,6
C03673,12.9738619,77.6076834,1
C03674,12.9205751,77.6002099,6
C03675,12.9065734,77.5823503,3
C03676,12.9483029,77.5881244,3
C03677,12.9803935,77.6449945,3
C03678,13.0207633,77.6189599,3
C03679,13.0322653,77.7586377,8
C03680,12.9603863,77.5294186,3
C03681,12.998205,77.6731186,2
C03682,12.942863,77.6921234,3
C03683,12.9608027,77.5911717,4
C03684,13.0041631,77.5623488,8
C03685,12.8870224,77.5819791,5
C03686,12.9174716,77.6513649,2
C03687,13.071622,77.6484811,19
C03688,12.9706829,77.6491004,4
C03689,12.9819592,77.5950167,8
C03690,13.045979,77.5222447,3
C03691,12.9835542,77.5963121,5
C03692,13.1499855,77.782041,6
C03693,12.8997376,77.6173368,8
C03694,12.9754287,77.6065055,7
C03695,12.9184781,77.4909157,6
C03696,13.0699263,77.6186603,3
C03697,12.9443883,77.6285671,2
C03698,12.9728204,77.5355779,4
C03699,13.0197743,77.5058424,6
C03700,12.961617,77.7205123,3
C03701,12.979026,77.5776266,7
C03702,12.9754631,77.515267,9
C03703,12.9999597,77.6160948,2
C03704,12.9829855,77.5486383,2
C03705,12.958119,77.6442446,3
C03706,12.9838494,77.6020353,4
C03707,12.9731349,77.7505326,2
C03708,12.8341797,77.5642826,9
C03709,12.9443605,77.6029747,4
C03710,12.8760769,77.5959487,3
C03711,12.9492191,77.5962052,1
C03712,12.9811673,77.63591,1
C03713,12.9509965,77.6231889,4
C03714,12.9230839,77.5853491,1
C03715,13.0247406,77.6369933,7
C03716,12.8926931,77.6112416,3
C03717,13.0044097,77.581653,32
C03718,12.9071,77.6003438,17
C03719,13.1218806,77.623023,3
C03720,12.8889126,77.6555716,3
C03721,12.8156931,77.4074981,7
C03722,13.0628956,77.5920611,11
C03723,12.9728592,77.5354552,1
C03724,13.011915,77.5560717,1
C03725,13.0615669,77.5311976,2
C03726,12.9212952,77.5416399,5
C03727,13.0313399,77.5055985,5
C03728,12.9918202,77.7158094,7
C03729,12.9357375,77.5132714,1
C03730,12.9949147,77.5663946,1
C03731,12.9263049,77.6803137,6
C03732,12.8016497,77.5743196,2
C03733,13.0719065,77.5110496,1
C03734,12.9804586,77.6120274,4
C03735,12.9619868,77.6585404,6
C03736,13.0055404,77.5817277,3
C03737,12.912531,77.6061644,2
C03738,12.9072606,77.5858955,3
C03739,12.9069608,77.418604,3
C03740,12.9106393,77.6855957,1
C03741,13.1090867,77.5802082,2
C03742,13.022875,77.6026975,5
C03743,12.9878013,77.5743237,4
C03744,12.896694,77.7086753,4
C03745,12.9602976,77.655697,2
C03746,12.9627474,77.6655856,3
C03747,13.0116909,77.6702315,1
C03748,12.9532948,77.5851274,4
C03749,12.850377,77.6567056,9
C03750,12.9892878,77.7311303,1
C03751,13.0686995,77.5547263,2
C03752,12.9602685,77.6401315,4
C03753,13.0007693,77.5995113,8
C03754,12.9912735,77.5710821,2
C03755,13.0002443,77.5599809,2
C03756,12.9743818,77.6337669,1
C03757,12.9054349,77.612819,4
C03758,12.9387517,77.5531299,14
C03759,12.9334333,77.6216543,4
C03760,12.9806913,77.6941743,3
C03761,12.9371252,77.7489656,4
C03762,12.9720275,77.600912,3
C03763,13.0571504,77.6483369,2
C03764,13.0466236,77.5379205,6
C03765,12.970245,77.6461947,4
C03766,12.9232963,77.5809088,3
C03767,12.9579281,77.6485471,2
C03768,12.9118329,77.5859133,8
C03769,12.9771534,77.5800313,5
C03770,12.9257017,77.5644655,2
C03771,13.0014619,77.5694651,7
C03772,12.9220228,77.59341,2
C03773,12.9139498,77.4917114,2
C03774,12.9145731,77.6767411,2
C03775,12.9998454,77.6194613,1
C03776,12.9856189,77.5958347,5
C03777,12.9197196,77.6848707,1
C03778,13.0169685,77.5879527,1
C03779,13.0275314,77.6042985,1
C03780,13.0239115,77.6944408,3
C03781,13.0632795,77.6418078,3
C03782,12.9637055,77.6418794,3
C03783,12.9917995,77.5707731,2
C03784,12.9172901,77.5776156,1
C03785,13.0038834,77.5839787,5
C03786,13.0686281,77.5546705,2
C03787,12.9599793,77.7481599,4
C03788,13.0818224,77.5598389,2
C03789,12.8844123,77.5665775,4
C03790,13.0286188,77.6526542,8
C03791,12.9324728,77.6311287,5
C03792,13.0292972,77.555177,2
C03793,12.9713768,77.6474537,4
C03794,12.9755804,77.6053256,3
C03795,12.9703806,77.712242,3
C03796,12.9994184,77.5497993,3
C03797,12.9747188,77.6087556,3
C03798,13.0130286,77.5513816,4
C03799,12.928462,77.5161446,2
C03800,12.9162016,77.6153313,2
C03801,12.9104413,77.4819132,1
C03802,12.9449911,77.618272,1
C03803,12.9180449,77.6018824,1
C03804,12.9163977,77.6342411,4
C03805,12.8876583,77.5507012,2
C03806,13.0957808,77.5792872,5
C03807,12.9698881,77.5367069,3
C03808,12.9594645,77.5122183,1
C03809,13.0661942,77.5973699,5
C03810,12.9176946,77.6895275,6
C03811,13.0097251,77.5834036,2
C03812,12.9592702,77.539807,4
C03813,12.9823244,77.645697,2
C03814,13.0483469,77.6293932,4
C03815,12.9089743,77.5428649,1
C03816,12.9177118,77.5996743,1
C03817,12.8755644,77.5956483,3
C03818,12.9159569,77.4145835,3
C03819,12.9136053,77.6070457,3
C03820,13.0040417,77.5838504,1
C03821,12.980898,77.6405223,3
C03822,12.9727997,77.7489198,4
C03823,13.0278951,77.5411532,3
C03824,12.9762768,77.7286128,4
C03825,12.9207348,77.6863144,2
C03826,13.026273,77.6339392,8
C03827,13.1348178,77.6680648,1
C03828,12.9182664,77.631985,5
C03829,12.9383443,77.4790752,8
C03830,12.8479607,77.6500799,5
C03831,12.9794216,77.6351258,3
C03832,12.9669112,77.7609314,2
C03833,12.9694137,77.7480221,7
C03834,12.9712219,77.6943085,1
C03835,12.9103991,77.686055,2
C03836,13.0000414,77.5330938,3
C03837,13.0553896,77.5943314,8
C03838,12.981906,77.5956848,4
C03839,12.9462885,77.6221055,2
C03840,13.1503834,77.6374474,3
C03841,12.9390995,77.5946074,2
C03842,13.0624433,77.5872737,2
C03843,12.9849585,77.6744639,7
C03844,12.9706019,77.7087048,1
C03845,12.9324379,77.5862539,10
C03846,12.9174014,77.6234675,6
C03847,12.9586777,77.566693,7
C03848,13.0018586,77.5988817,2
C03849,12.9728516,77.6479958,3
C03850,12.9506267,77.6237605,1
C03851,12.9238823,77.6340961,2
C03852,12.9238628,77.5860466,5
C03853,12.914474,77.651684,8
C03854,12.9407272,77.6244407,2
C03855,12.9198758,77.6721007,3
C03856,12.9657419,77.5964045,3
C03857,12.974716,77.7187872,1
C03858,12.9166445,77.5936147,5
C03859,13.0003005,77.6173407,2
C03860,12.9363569,77.554129,3
C03861,12.9499232,77.5831298,2
C03862,12.9110893,77.6395384,2
C03863,12.980823,77.6410716,3
C03864,12.9823449,77.608156,3
C03865,12.949666,77.6991298,3
C03866,12.8896074,77.5824523,2
C03867,12.9600501,77.6451721,4
C03868,12.9424031,77.5802815,11
C03869,12.9417037,77.6085642,4
C03870,12.9121004,77.6485848,7
C03871,12.9590045,77.6567837,1
C03872,12.9812389,77.636547,4
C03873,12.9377048,77.50855,2
C03874,13.0157449,77.4841106,1
C03875,13.0009029,77.5046255,2
C03876,12.9196015,77.5926756,8
C03877,13.0814825,77.5881095,6
C03878,13.0065933,77.6239168,4
C03879,12.9338103,77.6199863,1
C03880,12.9962739,77.6075693,3
C03881,12.925908,77.61691,4
C03882,12.950313,77.6212433,4
C03883,12.8913057,77.5878632,1
C03884,13.0092154,77.5836361,2
C03885,12.8747854,77.766295,3
C03886,13.0719935,77.5561904,5
C03887,12.910501,77.5818478,1
C03888,12.948574,77.5807299,3
C03889,12.8818035,77.5835092,4
C03890,12.9701024,77.6445815,6
C03891,12.9385595,77.707137,5
C03892,12.9195437,77.6000083,5
C03893,12.8984964,77.6203713,2
C03894,13.0268022,77.5794516,1
C03895,13.0232534,77.6374358,3
C03896,12.9115638,77.4433764,7
C03897,12.8882806,77.5161691,9
C03898,13.1386597,77.4746221,5
C03899,12.9207261,77.4305556,4
C03900,13.0273846,77.5388289,4
C03901,12.8156657,77.5832022,2
C03902,13.0180125,77.6525441,3
C03903,13.1041255,77.6023323,11
C03904,12.9370597,77.5731459,2
C03905,12.9754421,77.6032715,10
C03906,13.0005461,77.6754561,3
C03907,12.9867313,77.5797264,8
C03908,12.9062193,77.580682,1
C03909,12.958808,77.6600753,5
C03910,13.0198322,77.6409454,2
C03911,12.9512098,77.5697613,1
C03912,12.9068979,77.6441698,4
C03913,12.9732382,77.5778493,7
C03914,13.0495627,77.4446266,2
C03915,12.9824733,77.7516151,1
C03916,13.0063609,77.6209974,3
C03917,13.0118772,77.6185391,3
C03918,13.0131163,77.5837035,5
C03919,12.923836,77.5678974,6
C03920,13.005882,77.5761593,3
C03921,12.891665,77.5785483,12
C03922,13.0350381,77.5890679,4
C03923,13.0668568,77.5956679,3
C03924,12.9974931,77.6103558,1
C03925,13.1981077,77.7136622,3
C03926,13.0265206,77.6658185,3
C03927,12.9961243,77.6127006,7
C03928,12.9752329,77.6201738,5
C03929,12.9550956,77.5858088,1
C03930,12.9207261,77.6873383,4
C03931,12.9894313,77.554456,5
C03932,12.9230872,77.5005296,10
C03933,12.9989278,77.5743023,6
C03934,13.027107,77.5790867,6
C03935,12.9715903,77.6084985,3
C03936,12.9353206,77.6299347,4
C03937,13.0295006,77.5949717,8
C03938,12.9642757,77.4040765,1
C03939,12.9770105,77.494631,3
C03940,13.0575345,77.6268446,2
C03941,13.0730825,77.6001665,4
C03942,12.8827229,77.5466715,8
C03943,12.9240664,77.6389446,2
C03944,12.9845206,77.6760104,1
C03945,12.938785,77.6300973,2
C03946,12.95639,77.6210339,6
C03947,13.0085962,77.4996007,5
C03948,12.9542596,77.7309743,4
C03949,13.0132449,77.5538218,3
C03950,12.9908134,77.5938003,1
C03951,13.1036021,77.5998838,5
C03952,13.0188854,77.5625933,2
C03953,12.9460501,77.5972605,15
C03954,12.9509894,77.639535,5
C03955,12.9097728,77.4821494,2
C03956,13.12233,77.6296681,2
C03957,13.0834295,77.6437197,3
C03958,12.9916486,77.5711196,3
C03959,12.9978,77.5407596,7
C03960,12.9527146,77.5138394,4
C03961,13.0589975,77.5875951,2
C03962,12.9305873,77.4860082,12
C03963,12.9261618,77.5645588,3
C03964,13.0169587,77.6602146,6
C03965,12.8353455,77.6827978,2
C03966,12.9603346,77.6382904,4
C03967,12.9878049,77.7455693,4
C03968,12.958508,77.5929088,1
C03969,12.9892217,77.591157,14
C03970,12.9806167,77.6410098,8
C03971,13.0237153,77.5508681,3
C03972,12.9567859,77.7432012,2
C03973,12.9556831,77.5676261,4
C03974,12.9982841,77.552708,4
C03975,13.1142743,77.5011419,4
C03976,13.0242473,77.5864838,4
C03977,13.1236389,77.6190497,5
C03978,12.9643196,77.657532,9
C03979,12.936467,77.6909742,5
C03980,12.9524001,77.7060279,2
C03981,12.9609395,77.7135114,9
C03982,12.9490257,77.6001501,10
C03983,12.9957125,77.6109356,30
C03984,12.9985477,77.5510414,2
C03985,12.9827615,77.5622502,4
C03986,12.9191661,77.5511655,1
C03987,13.0007294,77.5692184,5
C03988,12.9821867,77.6268631,2
C03989,12.9168722,77.5834061,13
C03990,12.9824346,77.7483784,2
C03991,12.8757788,77.5956322,1
C03992,12.9783722,77.6358102,2
C03993,12.9812363,77.6059974,1
C03994,13.0028654,77.6201747,6
C03995,13.0119697,77.5559084,1
C03996,12.9693937,77.651729,3
C03997,12.9524717,77.7154209,1
C03998,12.9245891,77.5734439,3
C03999,12.9733227,77.6136783,10
C04000,12.9955482,77.5737403,4
C04001,12.9730722,77.6473007,2
C04002,12.9136778,77.5856582,3
C04003,12.9586133,77.4957742,3
C04004,12.925511,77.5501686,5
C04005,12.9009848,77.5859587,1
C04006,13.1779435,77.4344939,5
C04007,13.0502988,77.7544706,1
C04008,13.0375671,77.6651503,2
C04009,13.0621835,77.6489203,2
C04010,12.9209516,77.6820594,5
C04011,12.9604441,77.6010513,3
C04012,13.0728071,77.6031029,1
C04013,12.8806944,77.6529533,2
C04014,13.0587704,77.5914148,4
C04015,13.0190416,77.5104316,3
C04016,12.8419314,77.6754937,2
C04017,12.9638348,77.5685892,2
C04018,12.9963412,77.6957498,5
C04019,12.9787583,77.5826869,2
C04020,12.9681697,77.5269225,3
C04021,12.9133297,77.678804,15
C04022,13.0265988,77.5066577,1
C04023,12.9166328,77.5952237,1
C04024,13.0112448,77.6459752,6
C04025,13.0070372,77.5484723,2
C04026,12.8474372,77.6908976,3
C04027,12.9781436,77.6317392,2
C04028,12.9970062,77.6095198,3
C04029,12.8999008,77.6213408,10
C04030,12.9149556,77.5949412,6
C04031,13.0117585,77.5549605,6
C04032,12.9103017,77.5937162,1
C04033,13.0528222,77.6459327,1
C04034,12.8918244,77.7513267,1
C04035,12.9865814,77.5558215,2
C04036,12.8787352,77.6367386,6
C04037,13.1036369,77.5756522,5
C04038,12.9733555,77.6097782,3
C04039,13.0692143,77.5549902,3
C04040,12.9494299,77.5848078,2
C04041,12.9880841,77.5523253,4
C04042,12.9735982,77.5518495,6
C04043,12.9225541,77.6685693,1
C04044,12.9853876,77.5862887,4
C04045,13.1979732,77.7136607,6
C04046,12.921083,77.6494,2
C04047,12.977164,77.6392997,5
C04048,13.0665416,77.596517,24
C04049,12.8913808,77.5767986,3
C04050,12.9567962,77.5342277,4
C04051,12.9542482,77.6795005,2
C04052,12.8351099,77.6947162,4
C04053,12.9141742,77.5995886,5
C04054,12.9489617,77.6873872,4
C04055,12.9934767,77.5972227,2
C04056,12.8918219,77.5208883,4
C04057,12.9917339,77.5706166,9
C04058,12.949078,77.5978259,5
C04059,12.9071543,77.5988211,7
C04060,13.0982955,77.5727826,3
C04061,12.9305952,77.6083105,6
C04062,12.9724406,77.6516385,4
C04063,12.934309,77.629689,2
C04064,13.0341967,77.5682745,4
C04065,12.9604284,77.7180829,2
C04066,13.0412727,77.5894782,2
C04067,13.0075627,77.548131,4
C04068,12.9433373,77.5947264,4
C04069,12.9510585,77.5939167,1
C04070,12.9366323,77.5740431,7
C04071,12.9843377,77.7496869,5
C04072,13.0412801,77.5572981,2
C04073,13.0946489,77.5806369,1
C04074,13.0625424,77.4953754,3
C04075,13.0285232,77.5716015,2
C04076,12.9515691,77.7000494,4
C04077,12.933972,77.6134152,3
C04078,12.9479063,77.5880012,1
C04079,12.9647132,77.7156028,3
C04080,13.0664518,77.5967472,3
C04081,12.9786184,77.64187,5
C04082,13.0218301,77.5532723,2
C04083,12.9700372,77.6411107,11
C04084,12.9793481,77.6448841,1
C04085,12.9806527,77.6971827,8
C04086,13.0003553,77.5653984,3
C04087,13.0113635,77.5582777,6
C04088,12.9361931,77.6165834,4
C04089,12.9045073,77.4706865,7
C04090,13.0078062,77.5496417,3
C04091,13.0137953,77.5485642,2
C04092,12.9697834,77.7125025,9
C04093,12.985926,77.6688553,3
C04094,13.0180048,77.5559766,4
C04095,13.0377564,77.5744454,8
C04096,12.9874754,77.7360728,2
C04097,12.9560845,77.7168358,5
C04098,13.0291194,77.5639231,2
C04099,13.0082479,77.6001048,3
C04100,12.9905405,77.5706858,3
C04101,13.0089068,77.656123,1
C04102,12.9245932,77.5648877,2
C04103,13.0980873,77.5676819,9
C04104,12.9727751,77.5358031,6
C04105,12.9951309,77.5921303,3
C04106,12.9815161,77.6020789,4
C04107,12.8739661,77.5731914,3
C04108,12.9222998,77.6497961,9
C04109,13.0021174,77.5694554,3
C04110,12.8571436,77.4655706,4
C04111,12.9034095,77.7039508,7
C04112,13.0436723,77.5915405,2
C04113,13.0256971,77.5931352,10
C04114,12.9144055,77.6247856,1
C04115,12.9709569,77.7094617,10
C04116,13.0268489,77.6041398,3
C04117,12.9716449,77.6574777,3
C04118,13.0972019,77.5834398,1
C04119,12.9126004,77.6329359,2
C04120,12.9785259,77.63308,2
C04121,12.9801263,77.6665968,2
C04122,13.0599809,77.5766833,3
C04123,12.9361583,77.6146013,6
C04124,13.0420008,77.5782619,4
C04125,12.9673986,77.6502082,4
C04126,12.9483194,77.5590235,2
C04127,12.9525546,77.6400289,2
C04128,12.9651246,77.7138239,12
C04129,12.9529679,77.5721005,2
C04130,12.9168408,77.5851479,11
C04131,12.9827061,77.6251679,3
C04132,12.9007289,77.5874648,3
C04133,12.8004439,77.7062826,7
C04134,12.9761424,77.5914393,8
C04135,12.9716229,77.7056171,3
C04136,12.969969,77.5367476,3
C04137,12.9239653,77.5705721,3
C04138,12.9028489,77.6694198,4
C04139,13.0434244,77.6424087,6
C04140,12.9560341,77.7171016,3
C04141,12.9121163,77.649952,5
C04142,12.9575504,77.6551578,10
C04143,13.1675994,77.624521,4
C04144,12.9704893,77.6422204,4
C04145,12.9314962,77.609838,1
C04146,13.0092738,77.5596937,1
C04147,12.9825838,77.6070336,4
C04148,12.9796102,77.5107547,3
C04149,12.9289101,77.5914708,2
C04150,13.0017516,77.6253905,4
C04151,12.9361971,77.5278756,3
C04152,13.0097767,77.4137476,7
C04153,13.0116873,77.6704407,4
C04154,12.9050128,77.648788,2
C04155,12.8756925,77.5958039,7
C04156,12.9570218,77.5659981,3
C04157,13.1939965,77.5017962,5
C04158,12.9641605,77.7142226,2
C04159,12.9763917,77.6296215,2
C04160,12.9158807,77.649347,4
C04161,12.9609648,77.6478475,3
C04162,12.967139,77.7645981,5
C04163,12.9040828,77.5441927,3
C04164,13.00911,77.5382451,1
C04165,12.9718419,77.6358262,2
C04166,12.958286,77.605196,6
C04167,13.0283523,77.650469,3
C04168,12.9549096,77.721061,3
C04169,12.9334937,77.7057784,7
C04170,12.9231342,77.5642974,2
C04171,12.9681925,77.5455125,1
C04172,13.1731008,77.5640868,3
C04173,13.0321716,77.5699911,2
C04174,13.0262272,77.6308389,2
C04175,12.8766211,77.6391908,3
C04176,12.9122576,77.6375965,5
C04177,12.9227202,77.6144323,3
C04178,12.9237259,77.4987199,4
C04179,12.8911686,77.5816939,12
C04180,12.9344924,77.6177435,3
C04181,12.9692595,77.6376972,4
C04182,12.9999811,77.552513,2
C04183,12.990228,77.7129346,2
C04184,12.9287836,77.7569936,2
C04185,12.9248383,77.6674733,2
C04186,12.9373192,77.549336,4
C04187,13.03445,77.5779983,17
C04188,13.0055742,77.5809194,2
C04189,12.9592984,77.7027271,2
C04190,12.9730402,77.6071348,3
C04191,12.897393,77.6209332,4
C04192,12.9707518,77.7077384,4
C04193,13.1039641,77.5739215,8
C04194,13.070951,77.5899653,1
C04195,13.0496616,77.5925984,1
C04196,12.9061539,77.5802618,2
C04197,13.0128664,77.5178149,7
C04198,12.9788461,77.7149222,1
C04199,12.9121757,77.6011666,1
C04200,12.9060961,77.7465615,5
C04201,13.0769735,77.5385696,4
C04202,12.9686524,77.6499541,2
C04203,12.9175302,77.6446851,2
C04204,12.9164394,77.6159496,2
C04205,12.9185253,77.6704998,4
C04206,12.9904292,77.5422438,2
C04207,13.0191702,77.5852802,5
C04208,12.8910987,77.4136404,1
C04209,12.9735123,77.5804885,2
C04210,13.014268,77.5737154,2
C04211,12.99772,77.5416336,3
C04212,12.9434316,77.5260074,2
C04213,13.0463318,77.4990643,6
C04214,12.9187985,77.6695326,1
C04215,13.0643232,77.5784595,3
C04216,12.9201768,77.5838249,5
C04217,13.01763,77.5626229,12
C04218,12.9650438,77.7145181,2
C04219,12.9440384,77.7473129,4
C04220,12.8394263,77.6615551,1
C04221,12.9256865,77.6872884,1
C04222,12.9250848,77.5797933,6
C04223,12.9896556,77.5744213,3
C04224,13.0122119,77.6674544,8
C04225,13.0919148,77.4880629,1
C04226,12.9531282,77.6498692,5
C04227,12.9935502,77.7038859,12
C04228,12.9742859,77.566349,4
C04229,12.9369584,77.5486218,4
C04230,12.9386295,77.6334634,3
C04231,13.1040433,77.5712208,1
C04232,12.9124985,77.5371878,9
C04233,13.1264958,77.5904864,2
C04234,12.9953339,77.5550415,5
C04235,12.8888998,77.5791519,1
C04236,12.989651,77.5377152,1
C04237,12.9321938,77.6860904,9
C04238,12.8616662,77.5299532,3
C04239,12.9897809,77.5880062,9
C04240,12.9754288,77.6072648,3
C04241,12.9738391,77.6022734,1
C04242,12.9006028,77.6201862,6
C04243,12.9852735,77.7483356,2
C04244,12.9044086,77.6913729,5
C04245,12.925784,77.5839491,3
C04246,12.9403595,77.5458556,1
C04247,12.9957008,77.6169041,4
C04248,12.976277,77.6036223,15
C04249,12.9208019,77.5872302,5
C04250,12.9571037,77.7008753,3
C04251,13.0344195,77.5299516,7
C04252,12.9867899,77.5745807,4
C04253,12.9477594,77.5684245,4
C04254,13.066734,77.5537943,2
C04255,12.9458189,77.5707129,4
C04256,12.9834865,77.5515572,7
C04257,12.9380122,77.6265834,2
C04258,12.9215986,77.6084916,9
C04259,12.9205209,77.6850939,3
C04260,12.9680137,77.7065737,2
C04261,12.9073592,77.5982079,7
C04262,12.9053754,77.64933,3
C04263,13.027047,77.5598253,6
C04264,13.0208584,77.5294589,3
C04265,12.8176285,77.6683209,3
C04266,12.9534505,77.5846776,5
C04267,12.874931,77.648874,4
C04268,12.9995804,77.550832,1
C04269,12.9638379,77.6432616,2
C04270,12.8926186,77.4574782,6
C04271,12.9838028,77.7489996,3
C04272,12.9783646,77.6362045,2
C04273,12.9917884,77.5702636,1
C04274,12.9105508,77.4823586,2
C04275,12.8271766,77.6824768,1
C04276,13.0583301,77.5916852,3
C04277,13.0067295,77.5642274,2
C04278,13.0588929,77.5860351,2
C04279,12.9658752,77.6143564,3
C04280,12.9141574,77.6130763,4
C04281,12.978862,77.6354661,14
C04282,12.9217959,77.6337167,1
C04283,12.9643581,77.6417794,7
C04284,12.9897303,77.595106,7
C04285,12.9557846,77.7050853,2
C04286,12.9714762,77.5974347,4
C04287,12.9695714,77.5770767,2
C04288,13.0074887,77.5708352,4
C04289,12.9755262,77.5868996,10
C04290,12.977231,77.6406799,5
C04291,12.9233082,77.4997798,5
C04292,12.9175358,77.5934343,2
C04293,12.9777644,77.5728494,1
C04294,13.0636474,77.5893505,3
C04295,12.9358578,77.5160132,8
C04296,13.0036253,77.6229463,1
C04297,12.9572235,77.655082,2
C04298,12.9758255,77.6447678,4
C04299,12.9598751,77.6384088,2
C04300,12.9593353,77.6385869,2
C04301,12.9566967,77.7028789,2
C04302,12.9583032,77.5191866,1
C04303,12.9359939,77.6151031,2
C04304,13.0424185,77.5893069,5
C04305,13.0101222,77.5825387,1
C04306,12.990654,77.7004421,1
C04307,13.1315378,77.566651,2
C04308,12.9932748,77.569703,6
C04309,12.9978617,77.4894408,3
C04310,12.9105574,77.6395934,2
C04311,12.9725377,77.6067238,3
C04312,12.9250629,77.5453371,1
C04313,13.1982418,77.7137336,5
C04314,12.9500557,77.5843326,4
C04315,12.9362282,77.61472,2
C04316,12.9703746,77.6138732,7
C04317,12.9595527,77.638381,2
C04318,12.9143672,77.6774049,7
C04319,12.9834184,77.7334811,4
C04320,13.0196646,77.6550064,3
C04321,13.0060569,77.5651049,3
C04322,13.0269319,77.579458,3
C04323,13.0358031,77.5255837,8
C04324,12.875302,77.5943821,2
C04325,12.9721734,77.5979993,2
C04326,13.0370143,77.6238732,7
C04327,13.0399458,77.5577474,2
C04328,12.9369895,77.5810697,6
C04329,12.8773486,77.6028031,11
C04330,12.9651861,77.7164438,3
C04331,12.9551639,77.5930683,5
C04332,12.9453248,77.5277688,1
C04333,12.9838763,77.4788534,6
C04334,12.911762,77.637224,4
C04335,12.9271081,77.6226087,5
C04336,13.053787,77.7618285,2
C04337,12.9441289,77.5680437,1
C04338,13.0047163,77.5755228,5
C04339,13.0488156,77.6293638,1
C04340,12.9464594,77.5801001,3
C04341,12.9797207,77.6360198,6
C04342,12.9242932,77.6505566,4
C04343,12.9520466,77.5370399,13
C04344,12.9420124,77.5506918,7
C04345,12.9256138,77.6763208,2
C04346,12.9938242,77.6647112,3
C04347,12.9459132,77.6401558,3
C04348,12.9755682,77.60516,1
C04349,12.997278,77.5676474,2
C04350,12.9048811,77.6759314,2
C04351,13.0117814,77.5439166,1
C04352,12.9837692,77.6083351,3
C04353,12.9966783,77.5728746,3
C04354,12.9109649,77.5792295,1
C04355,12.9679393,77.6074294,4
C04356,12.9813383,77.636401,5
C04357,12.9191848,77.6104644,4
C04358,12.908264,77.5641568,3
C04359,12.9226146,77.6225721,5
C04360,12.9086588,77.6958342,5
C04361,12.9747854,77.6786161,4
C04362,13.0122681,77.6258602,2
C04363,12.9691861,77.7500145,4
C04364,13.0254782,77.6197727,8
C04365,13.0373801,77.491124,2
C04366,12.9236267,77.5936767,14
C04367,13.0161441,77.5633476,2
C04368,12.9625983,77.7132337,3
C04369,12.9162177,77.6153185,2
C04370,12.9686047,77.6490795,4
C04371,12.9548621,77.5821271,1
C04372,13.1946001,77.4228001,2
C04373,12.9811601,77.6102478,2
C04374,13.0705029,77.577765,4
C04375,12.9781479,77.636548,7
C04376,13.1070086,77.5822775,5
C04377,13.0554795,77.6023622,1
C04378,12.9914378,77.5708377,14
C04379,13.0334824,77.6090904,4
C04380,12.978402,77.5721355,2
C04381,12.9719661,77.6045506,4
C04382,13.1930437,77.6416147,4
C04383,12.9870121,77.5802165,2
C04384,12.9472769,77.5799705,4
C04385,12.982522,77.7605253,2
C04386,12.9949154,77.6959375,3
C04387,12.9700819,77.5890809,2
C04388,13.0020076,77.5713914,1
C04389,12.9701931,77.7123561,4
C04390,12.9366134,77.5483683,5
C04391,12.9567461,77.7319525,5
C04392,12.9563227,77.5292473,6
C04393,12.9462926,77.4905969,4
C04394,13.1411507,77.6827651,2
C04395,13.0000834,77.677375,6
C04396,12.9173556,77.5729061,1
C04397,12.9098297,77.5812542,2
C04398,12.9803446,77.6048118,2
C04399,12.9418935,77.6231805,7
C04400,13.0955845,77.4040747,6
C04401,12.9788178,77.6407507,5
C04402,12.9352983,77.6091104,7
C04403,12.9817301,77.6104468,2
C04404,13.0695626,77.6233527,4
C04405,12.8842357,77.5826768,3
C04406,12.9825453,77.6104302,6
C04407,13.0040972,77.6196347,3
C04408,13.0083564,77.5469273,3
C04409,12.9329075,77.5896812,5
C04410,12.9429714,77.5262823,6
C04411,12.9286393,77.7392563,2
C04412,12.9249818,77.5512039,3
C04413,12.989869,77.676589,2
C04414,12.9495262,77.5894202,1
C04415,12.9316906,77.5555034,4
C04416,13.0266999,77.5392993,5
C04417,13.0273271,77.5782409,4
C04418,12.9079957,77.6011627,1
C04419,12.9700505,77.5367565,3
C04420,13.037817,77.6504617,1
C04421,12.9601605,77.5140431,9
C04422,13.0268965,77.5799419,2
C04423,12.9379201,77.746349,8
C04424,12.9402159,77.5848933,6
C04425,12.9593821,77.5217937,2
C04426,12.9052092,77.6491024,2
C04427,12.9342254,77.5344569,4
C04428,13.0624812,77.6333112,2
C04429,12.997569,77.5505796,4
C04430,13.0098235,77.6237272,2
C04431,12.9346877,77.6116748,1
C04432,13.1245955,77.548585,1
C04433,12.8720674,77.5724157,4
C04434,12.9162412,77.5925774,2
C04435,12.9602164,77.7218029,2
C04436,12.9803041,77.589034,5
C04437,13.0313957,77.6359521,8
C04438,12.8735988,77.5837422,3
C04439,13.0111037,77.5789387,3
C04440,13.0010897,77.5714902,5
C04441,12.9437544,77.6987618,1
C04442,12.9186803,77.5482356,4
C04443,13.0635963,77.5884225,5
C04444,12.9749503,77.6362628,5
C04445,12.9586232,77.659583,1
C04446,12.8960361,77.57014,2
C04447,12.9701077,77.5762618,2
C04448,12.863507,77.5980576,4
C04449,13.0115207,77.5565771,5
C04450,13.0056949,77.6598137,9
C04451,12.9559345,77.6511086,2
C04452,12.959163,77.7182265,2
C04453,13.0338561,77.5686963,7
C04454,12.9757173,77.5779843,4
C04455,13.159032,77.7449217,8
C04456,13.0006827,77.5368362,4
C04457,12.916193,77.6053993,1
C04458,12.9454046,77.5712773,1
C04459,12.9399896,77.7470661,1
C04460,13.0571397,77.5932328,5
C04461,12.9064781,77.590043,8
C04462,12.9513197,77.5836359,12
C04463,12.9724038,77.6510675,6
C04464,12.972965,77.6154539,7
C04465,12.8001695,77.5084978,2
C04466,13.0762424,77.5050696,1
C04467,13.1580702,77.6248348,6
C04468,13.0012487,77.6162988,4
C04469,12.9363445,77.5927599,4
C04470,12.9774465,77.5931317,4
C04471,12.9989088,77.6405368,4
C04472,13.1835338,77.6707441,8
C04473,12.9989452,77.5497945,8
C04474,13.0318548,77.5594657,5
C04475,13.00162,77.5846431,6
C04476,12.9787032,77.5734664,5
C04477,12.9760781,77.5525452,2
C04478,13.0007264,77.5494271,6
C04479,12.9808904,77.5968741,1
C04480,12.9814677,77.6084953,7
C04481,13.0524531,77.6355902,1
C04482,12.9167221,77.6682331,4
C04483,12.9484679,77.5811473,2
C04484,12.9699668,77.6398927,5
C04485,12.9967249,77.6616773,3
C04486,12.9067271,77.648918,1
C04487,12.9940705,77.5959367,4
C04488,12.9981215,77.5404836,2
C04489,13.011428,77.6766911,6
C04490,12.9757149,77.6024048,3
C04491,12.9943751,77.5527944,4
C04492,13.0413234,77.5489424,2
C04493,13.1072011,77.5756518,2
C04494,13.0148394,77.5716506,2
C04495,13.0725613,77.6024947,6
C04496,13.002484,77.5669138,11
C04497,12.8844869,77.7771561,2
C04498,12.9751265,77.603973,7
C04499,12.9777076,77.5753452,1
C04500,12.9309944,77.4929837,1
C04501,12.9066349,77.586965,2
C04502,12.9295542,77.5801064,1
C04503,12.8920083,77.5789638,1
C04504,12.9448235,77.6188756,4
C04505,12.9377424,77.7472045,3
C04506,12.9715331,77.6474559,4
C04507,12.8715193,77.5382252,5
C04508,12.9102705,77.6265538,4
C04509,13.0044195,77.6231215,5
C04510,12.8965246,77.5975594,3
C04511,12.8571163,77.5410426,1
C04512,12.8882593,77.5820636,7
C04513,12.926903,77.6699239,2
C04514,12.9446301,77.6949799,2
C04515,12.9751904,77.6422986,3
C04516,12.8876243,77.768004,2
C04517,13.0623962,77.5930084,2
C04518,12.9875473,77.7461837,4
C04519,13.0413777,77.5050224,4
C04520,12.9559516,77.7115294,2
C04521,13.0612215,77.5874562,2
C04522,13.1988142,77.7082325,7
C04523,13.1546895,77.5400233,5
C04524,12.9630258,77.602156,14
C04525,13.093793,77.5712363,8
C04526,13.0554387,77.6027095,7
C04527,12.9700304,77.7502059,1
C04528,12.9592805,77.7462612,6
C04529,12.9250932,77.6947328,3
C04530,12.941634,77.6229948,2
C04531,13.0292314,77.5787817,4
C04532,12.9811543,77.6381219,6
C04533,12.9254221,77.6194529,5
C04534,12.9765061,77.600538,2
C04535,12.9548528,77.6052969,6
C04536,13.0268237,77.5862814,2
C04537,12.9123058,77.6325653,4
C04538,12.8386446,77.6617313,3
C04539,12.9763165,77.5942806,3
C04540,12.9719846,77.6547785,6
C04541,12.9061542,77.5911952,2
C04542,12.9702298,77.6439459,13
C04543,13.0295181,77.5648212,1
C04544,12.9782131,77.6306819,2
C04545,12.9103614,77.5991174,4
C04546,13.0511739,77.6213725,5
C04547,13.020102,77.7090994,3
C04548,12.945542,77.595102,3
C04549,12.9813835,77.5753478,4
C04550,12.9737081,77.5515282,3
C04551,12.9044751,77.4879509,9
C04552,12.8917806,77.5792737,6
C04553,12.9816919,77.6095569,6
C04554,12.9688891,77.6362483,2
C04555,13.0400706,77.6248369,3
C04556,12.9285177,77.741304,3
C04557,13.0695087,77.603545,2
C04558,12.9671898,77.6422595,4
C04559,12.8837021,77.5486217,2
C04560,12.8225183,77.4104631,5
C04561,12.9703156,77.6400317,2
C04562,12.9966984,77.5613324,11
C04563,13.1038287,77.5746321,2
C04564,12.9114094,77.6403473,4
C04565,13.0055316,77.56985,6
C04566,13.0139701,77.5571942,2
C04567,12.9232307,77.5547094,6
C04568,12.9894846,77.6639748,1
C04569,13.0289162,77.5435142,9
C04570,12.9983463,77.6206293,3
C04571,12.925021,77.5508875,2
C04572,12.9948763,77.6282673,3
C04573,12.8718349,77.7664552,6
C04574,12.9457828,77.6289521,2
C04575,12.9748588,77.5312369,2
C04576,12.924639,77.6890415,3
C04577,12.9886601,77.4753487,1
C04578,12.9284785,77.4867183,12
C04579,12.9646268,77.6139096,2
C04580,13.0155992,77.7624041,6
C04581,13.0309274,77.6356152,4
C04582,13.1115398,77.590945,2
C04583,12.8355682,77.6916336,3
C04584,12.9065159,77.5437703,6
C04585,12.9391586,77.6892056,3
C04586,12.9747522,77.6329973,8
C04587,12.878082,77.5166827,7
C04588,12.9055051,77.630219,6
C04589,12.9990827,77.6158796,2
C04590,12.9329545,77.742744,2
C04591,12.8790144,77.7552642,2
C04592,12.9680842,77.6001011,4
C04593,12.9883661,77.7449096,5
C04594,13.0116328,77.5548584,1
C04595,12.9555887,77.7196162,3
C04596,13.0059118,77.5488669,4
C04597,12.8917488,77.7496133,3
C04598,13.0273712,77.6043059,8
C04599,12.9744578,77.6099425,4
C04600,12.9507168,77.6239711,8
C04601,13.0424677,77.6195106,3
C04602,12.9431126,77.5995158,6
C04603,12.930696,77.5817575,10
C04604,13.1870345,77.5200736,8
C04605,13.088415,77.4479007,2
C04606,12.9783847,77.6366104,3
C04607,12.9103023,77.6447735,3
C04608,12.9657103,77.6068638,5
C04609,12.9370062,77.6120888,5
C04610,12.965952,77.5868682,2
C04611,12.97501,77.6074728,3
C04612,12.9349789,77.5366498,1
C04613,12.949095,77.7078158,9
C04614,13.0432754,77.42896,2
C04615,12.9839159,77.5972417,3
C04616,12.9481605,77.5807426,3
C04617,12.9204516,77.6860441,7
C04618,12.9069,77.562633,1
C04619,12.9260094,77.6752616,3
C04620,12.9999447,77.6161196,3
C04621,13.0712797,77.5898943,2
C04622,13.0682603,77.5541488,11
C04623,12.9557961,77.7130228,2
C04624,12.9584375,77.7155081,6
C04625,13.0218526,77.5327689,4
C04626,12.9572071,77.7372155,8
C04627,13.0075047,77.5546283,2
C04628,13.0078203,77.5639866,2
C04629,12.966674,77.591952,7
C04630,12.9437743,77.5643702,4
C04631,13.0299384,77.5607361,1
C04632,12.9687418,77.6499662,2
C04633,13.073105,77.5998587,4
C04634,13.0026033,77.6225474,6
C04635,12.9365034,77.6166785,2
C04636,13.0494493,77.5970187,1
C04637,12.8721297,77.6686213,5
C04638,12.97755,77.5455277,1
C04639,13.0058226,77.5694512,1
C04640,12.9332887,77.6148363,1
C04641,12.8604125,77.7772872,6
C04642,12.973637,77.675186,4
C04643,12.9604735,77.5593446,3
C04644,12.9232299,77.5819847,9
C04645,12.9575968,77.5189881,5
C04646,12.997613,77.5509423,10
C04647,12.9565763,77.5922448,1
C04648,12.9545191,77.6414375,3
C04649,12.9584017,77.7188803,1
C04650,12.9355376,77.5478534,3
C04651,12.9340215,77.6293735,3
C04652,12.9975844,77.5404666,5
C04653,13.0376973,77.5595009,3
C04654,12.9789825,77.6757301,5
C04655,12.9479274,77.5879038,5
C04656,12.9190531,77.5970575,15
C04657,12.9931914,77.6618949,3
C04658,12.91545,77.6102441,2
C04659,13.0177195,77.5712755,4
C04660,13.0000074,77.6191713,2
C04661,13.0978667,77.5963115,9
C04662,12.9128919,77.7395687,3
C04663,12.9700844,77.6095781,2
C04664,12.9173926,77.6491306,2
C04665,12.9102168,77.5971472,5
C04666,13.1165088,77.5769527,3
C04667,12.9833919,77.6404162,2
C04668,13.0183652,77.5920975,11
C04669,12.9751601,77.6069719,2
C04670,13.150146,77.6376987,3
C04671,13.0999885,77.5756287,5
C04672,13.0086882,77.568951,1
C04673,13.0704737,77.5908156,5
C04674,12.9418247,77.697192,2
C04675,13.028729,77.6320864,6
C04676,12.89708,77.5473364,2
C04677,12.930936,77.5153776,5
C04678,13.0085915,77.64736,7
C04679,12.9203863,77.4446976,6
C04680,12.845541,77.7783036,4
C04681,12.9998836,77.6778421,3
C04682,12.9449334,77.6196372,2
C04683,13.0421491,77.6134706,9
C04684,12.9136474,77.6377482,2
C04685,12.9447707,77.5966888,2
C04686,12.9390746,77.5480968,5
C04687,13.0007892,77.5527658,2
C04688,12.8834353,77.5900912,2
C04689,12.9853993,77.5454024,1
C04690,12.9584184,77.5629161,2
C04691,13.0919137,77.7933976,3
C04692,12.9532525,77.57754,4
C04693,13.0400484,77.6794318,6
C04694,13.0570278,77.6444364,5
C04695,12.9748467,77.479779,3
C04696,12.9284622,77.5178372,3
C04697,12.9859657,77.69436,5
C04698,13.0269847,77.5069007,8
C04699,12.9659396,77.5949764,4
C04700,12.9342938,77.5660221,2
C04701,12.8705439,77.6595353,2
C04702,12.9759268,77.7268757,1
C04703,12.9464212,77.7469838,5
C04704,12.9714867,77.5950542,5
C04705,12.8799462,77.692241,5
C04706,13.0306137,77.5364956,3
C04707,13.065306,77.5800479,9
C04708,13.032254,77.6438151,2
C04709,13.0261947,77.6359666,6
C04710,13.0092422,77.5772807,3
C04711,12.8963244,77.5250177,2
C04712,13.0006314,77.6295661,5
C04713,12.9629499,77.7507243,4
C04714,13.0437112,77.6427715,4
C04715,13.006981,77.5484723,4
C04716,13.1947093,77.5728845,3
C04717,12.9753993,77.6036193,18
C04718,12.9364329,77.583477,8
C04719,12.9807685,77.6377098,6
C04720,12.9230999,77.620393,4
C04721,12.9184375,77.5092496,7
C04722,13.0179754,77.5579088,5
C04723,13.0068508,77.5925937,3
C04724,12.9067255,77.5634068,3
C04725,12.8872525,77.5971792,3
C04726,12.9139881,77.6667861,1
C04727,12.9891957,77.663856,4
C04728,12.9387824,77.5530971,2
C04729,12.9058829,77.5649045,10
C04730,13.1040322,77.5921436,3
C04731,13.0421114,77.7444709,1
C04732,13.0577696,77.5950588,3
C04733,12.9979918,77.569533,2
C04734,12.924028,77.6403192,5
C04735,13.0643337,77.6103455,4
C04736,12.9705889,77.7182064,6
C04737,12.9230293,77.5867903,2
C04738,12.9363839,77.7502645,3
C04739,12.9175661,77.6319413,1
C04740,12.9727869,77.6139063,5
C04741,12.9694604,77.5365594,5
C04742,12.9655869,77.5979365,5
C04743,13.0636423,77.5891278,3
C04744,12.9761408,77.7266485,4
C04745,12.9127062,77.6201668,10
C04746,13.021972,77.6378266,3
C04747,13.0208244,77.6369718,4
C04748,12.9732982,77.7098888,2
C04749,13.040834,77.6197195,2
C04750,12.9738966,77.6076934,4
C04751,12.9869634,77.5755584,7
C04752,12.9595311,77.7473898,3
C04753,12.9951676,77.5713153,3
C04754,12.9791847,77.5923487,2
C04755,13.0047554,77.6628908,2
C04756,12.9419692,77.6193404,4
C04757,12.9822166,77.6385392,1
C04758,12.8747348,77.7665176,8
C04759,12.9776892,77.5747972,2
C04760,12.9747413,77.5972019,6
C04761,12.9830458,77.6062156,1
C04762,13.1027911,77.5535516,5
C04763,12.9035771,77.557286,5
C04764,13.0092311,77.5728206,4
C04765,12.8944928,77.5687546,2
C04766,13.0113498,77.6621426,4
C04767,12.9658715,77.5943909,1
C04768,12.9751002,77.6025315,3
C04769,12.9503965,77.5833821,7
C04770,12.9660703,77.6369131,6
C04771,13.0552036,77.6018338,3
C04772,12.9857934,77.5957495,2
C04773,12.9751927,77.614784,5
C04774,12.9836621,77.6392171,3
C04775,12.9739266,77.7106923,1
C04776,12.9599742,77.6365539,6
C04777,13.0346822,77.526541,3
C04778,12.9113914,77.6378892,8
C04779,13.0678231,77.5934744,2
C04780,12.9482486,77.7047648,1
C04781,12.9687063,77.7499548,4
C04782,12.9187238,77.6701231,4
C04783,12.9381163,77.7466734,1
C04784,12.9396048,77.5853855,2
C04785,12.8279703,77.6910677,23
C04786,12.9077406,77.6406576,3
C04787,12.862134,77.7717946,6
C04788,12.9976424,77.6964763,2
C04789,12.9166305,77.5730685,1
C04790,13.0725169,77.5564198,3
C04791,13.0027162,77.6089174,3
C04792,12.9974681,77.5491837,3
C04793,12.969143,77.7500091,3
C04794,12.9668606,77.6824469,4
C04795,12.9914937,77.5709372,3
C04796,13.0072186,77.5484909,1
C04797,12.9322462,77.5894525,5
C04798,12.9958011,77.5398855,1
C04799,13.072543,77.6030995,1
C04800,12.9591465,77.6555759,6
C04801,12.9376941,77.6270393,5
C04802,12.9264405,77.6000111,3
C04803,12.9726426,77.5354418,1
C04804,12.9633833,77.7097519,2
C04805,13.0116909,77.5468543,3
C04806,12.987472,77.4932536,1
C04807,12.9398646,77.6959322,2
C04808,12.9790025,77.6354936,5
C04809,13.0043631,77.5613035,9
C04810,12.9386047,77.6292569,2
C04811,13.1065018,77.534616,6
C04812,12.9629127,77.4751834,1
C04813,12.9694399,77.6936418,5
C04814,13.0101195,77.5554142,2
C04815,12.9142984,77.6126914,4
C04816,12.9167011,77.5931305,3
C04817,13.0120097,77.7647816,8
C04818,13.037942,77.62326,2
C04819,13.0647695,77.5173242,5
C04820,13.0711687,77.5905193,3
C04821,13.1927473,77.642135,3
C04822,13.0704704,77.5909793,3
C04823,12.8899069,77.6391631,2
C04824,13.0224361,77.6308334,3
C04825,13.0822398,77.5604872,3
C04826,12.9516284,77.5211658,4
C04827,12.9378469,77.6055974,4
C04828,12.9932236,77.5391579,6
C04829,12.8903178,77.6389484,6
C04830,12.9472484,77.5669962,2
C04831,12.9589489,77.5683821,6
C04832,12.9659959,77.6143222,1
C04833,12.8918925,77.579749,5
C04834,12.9595627,77.6570671,5
C04835,12.8909043,77.5978268,1
C04836,13.0691864,77.5617103,4
C04837,12.9976818,77.5468391,2
C04838,12.8873851,77.5620496,2
C04839,12.940781,77.5730429,9
C04840,12.9641627,77.6616683,2
C04841,13.0258878,77.5246982,2
C04842,12.975998,77.5948369,4
C04843,12.9954417,77.6724794,5
C04844,12.9754599,77.6247364,3
C04845,12.9105609,77.6271039,8
C04846,12.9055067,77.5938367,5
C04847,12.8575059,77.6634011,1
C04848,13.1170344,77.6355731,2
C04849,12.8735904,77.5428076,2
C04850,12.9133852,77.6256151,5
C04851,12.9505253,77.6243086,1
C04852,12.9070046,77.5618404,20
C04853,12.9858371,77.5557672,5
C04854,12.9238084,77.6474994,4
C04855,13.0241723,77.5861882,8
C04856,12.964871,77.5811502,17
C04857,12.9721284,77.6092578,6
C04858,12.9673883,77.718698,6
C04859,12.9778855,77.6277954,4
C04860,12.9161421,77.6309745,3
C04861,12.9711937,77.6007788,2
C04862,12.91112,77.641479,2
C04863,13.0259281,77.5932942,2
C04864,12.921876,77.620493,1
C04865,12.9756648,77.697396,3
C04866,12.9403644,77.5253986,1
C04867,12.9930232,77.5508501,4
C04868,12.9325517,77.5756331,3
C04869,13.071089,77.5895275,4
C04870,12.9077568,77.5708499,2
C04871,12.8929817,77.4586961,29
C04872,12.937033,77.5756045,9
C04873,13.1047489,77.5663546,1
C04874,12.9599473,77.7476376,4
C04875,12.9718444,77.6406043,2
C04876,12.9382517,77.6313962,2
C04877,12.9476325,77.5413592,1
C04878,12.9947154,77.608659,4
C04879,12.9639432,77.6118784,2
C04880,13.0455601,77.505529,7
C04881,12.9216416,77.5142194,7
C04882,13.0114137,77.5566431,9
C04883,13.1937291,77.6497301,2
C04884,12.924274,77.5680927,5
C04885,12.9926115,77.6225898,5
C04886,12.9372774,77.6266203,2
C04887,12.8438488,77.421585,2
C04888,12.9069046,77.6040856,10
C04889,12.9756295,77.5500736,4
C04890,12.9737319,77.6076492,5
C04891,12.9827789,77.6405257,2
C04892,12.9643385,77.7487181,1
C04893,13.0630617,77.5929373,2
C04894,12.9092276,77.5630344,3
C04895,12.9263886,77.6068291,2
C04896,13.0554001,77.6028356,3
C04897,12.8995288,77.6311971,1
C04898,12.8985408,77.6753792,2
C04899,12.9237102,77.6514948,5
C04900,12.9845372,77.5543971,5
C04901,12.9914123,77.6117329,3
C04902,12.96814,77.6511259,2
C04903,12.9760718,77.60261,2
C04904,12.9803772,77.6411265,3
C04905,12.914482,77.5643032,5
C04906,12.9694446,77.6828532,6
C04907,12.9702183,77.6099621,2
C04908,12.9655488,77.6096213,1
C04909,12.8435732,77.6122941,4
C04910,12.958515,77.5609724,2
C04911,12.835936,77.6847058,2
C04912,12.9856124,77.5959326,8
C04913,12.9179833,77.5903119,6
C04914,13.0278875,77.5559789,4
C04915,12.9874465,77.5385632,1
C04916,13.0188653,77.7089194,4
C04917,12.989273,77.5551359,7
C04918,13.0809941,77.5806644,3
C04919,12.8789971,77.5456985,9
C04920,12.9059935,77.5421849,8
C04921,12.8770584,77.6034138,11
C04922,12.9809011,77.7347881,4
C04923,13.0816847,77.5596415,5
C04924,12.970143,77.6477134,9
C04925,13.045969,77.5561862,5
C04926,12.956397,77.5921935,2
C04927,13.0703462,77.5555305,2
C04928,13.0066416,77.5488104,4
C04929,12.9119488,77.6351796,1
C04930,13.0246071,77.6033127,3
C04931,12.9060555,77.5898068,7
C04932,12.9431647,77.5415743,1
C04933,12.8718026,77.5785586,10
C04934,12.9685305,77.5843965,7
C04935,12.9546272,77.7051109,2
C04936,12.9724681,77.5367183,5
C04937,12.9605516,77.7169138,3
C04938,12.9114044,77.6156456,8
C04939,12.9824904,77.5960278,7
C04940,12.9256932,77.5773127,1
C04941,13.0666447,77.6048094,5
C04942,13.020785,77.6435221,3
C04943,13.0666891,77.5957734,4
C04944,12.9745598,77.6031318,2
C04945,12.9081036,77.6403808,11
C04946,13.0695997,77.5560764,7
C04947,12.8417945,77.6465222,2
C04948,13.1991952,77.7085698,1
C04949,12.9821833,77.6239416,3
C04950,12.9524939,77.5837914,5
C04951,13.0231271,77.6028605,4
C04952,12.9805241,77.5750066,8
C04953,12.9652714,77.5985205,6
C04954,12.9747196,77.608474,7
C04955,12.8891888,77.6028432,4
C04956,13.0240047,77.5449572,1
C04957,13.0056874,77.5682864,3
C04958,12.9787745,77.6415553,7
C04959,13.0249104,77.6034717,3
C04960,12.9598702,77.6147257,5
C04961,12.9285393,77.7413989,3
C04962,12.9306682,77.5817807,2
C04963,12.9821515,77.6387449,3
C04964,12.9690078,77.5750942,4
C04965,12.8920226,77.5809341,2
C04966,12.904414,77.6760495,3
C04967,12.9621049,77.7014185,2
C04968,12.9697214,77.5757325,7
C04969,12.9984527,77.5576884,3
C04970,12.9062783,77.6274095,9
C04971,13.0014136,77.628881,10
C04972,13.0248018,77.6995195,3
C04973,13.0116589,77.5554132,2
C04974,13.0282899,77.5714773,1
C04975,12.9622366,77.7489062,1
C04976,13.0248867,77.6034992,1
C04977,12.9313348,77.6851945,9
C04978,12.8756821,77.5954793,4
C04979,13.0085108,77.6944731,4
C04980,12.9789913,77.6393703,1
C04981,12.8525231,77.5877651,1
C04982,12.9794216,77.75129,6
C04983,13.0993114,77.5239815,4
C04984,12.9756125,77.592195,3
C04985,13.0337466,77.6288822,5
C04986,13.1548531,77.7172842,10
C04987,13.1012756,77.7989494,3
C04988,13.0042469,77.550715,3
C04989,12.8378867,77.6563564,4
C04990,12.9510923,77.6227055,18
C04991,12.9341751,77.6170762,1
C04992,12.934946,77.6034812,5
C04993,12.824726,77.5853751,3
C04994,12.9438068,77.542,5
C04995,13.0704391,77.5911308,2
C04996,12.922344,77.6498026,3
C04997,12.8326743,77.55296,5
C04998,12.9568006,77.5697604,29
C04999,12.9998157,77.5518975,6
C05000,12.9394907,77.6257893,2
C05001,12.8354228,77.679878,2
C05002,12.9068787,77.5997761,2
C05003,12.9563694,77.7312035,1
C05004,13.0496063,77.5534585,3
C05005,12.8656114,77.5809675,6
C05006,12.9159987,77.6321739,1
C05007,12.9657365,77.6015719,7
C05008,12.9261315,77.5847369,5
C05009,12.9529414,77.5857395,2
C05010,12.9908548,77.6192753,3
C05011,12.9070372,77.5455784,10
C05012,12.971045,77.5962612,6
C05013,12.8734534,77.4484346,3
C05014,12.836157,77.6873708,3
C05015,13.0015283,77.6236361,4
C05016,13.0080359,77.4847652,2
C05017,12.9408732,77.5471975,1
C05018,12.9748951,77.5755559,14
C05019,12.9699633,77.6411137,4
C05020,13.0014529,77.6327548,4
C05021,13.0011127,77.6241167,3
C05022,12.9728155,77.6076162,2
C05023,12.8413312,77.662315,3
C05024,13.0075446,77.5656197,1
C05025,12.9380763,77.5338279,16
C05026,13.0383119,77.5891333,1
C05027,13.1218944,77.6257197,2
C05028,12.9612682,77.6375507,2
C05029,12.9844532,77.556936,8
C05030,12.9350964,77.5606731,3
C05031,12.9086523,77.6492157,1
C05032,13.0636264,77.5879642,8
C05033,12.9251129,77.5797928,6
C05034,12.9834356,77.7530214,5
C05035,12.975073,77.6067982,5
C05036,12.9967365,77.6138478,18
C05037,12.9657251,77.5350046,15
C05038,12.9863076,77.7811915,2
C05039,13.0599618,77.5063468,10
C05040,12.9812426,77.6017892,4
C05041,12.9384282,77.6317924,5
C05042,12.9388779,77.61893,1
C05043,13.0395465,77.4997629,3
C05044,12.9512351,77.6993442,2
C05045,13.0254978,77.5931058,6
C05046,12.993314,77.4995913,7
C05047,12.9066765,77.5772915,1
C05048,12.9713439,77.6348117,3
C05049,12.9699848,77.6477388,7
C05050,12.9197456,77.6674573,3
C05051,13.0282784,77.5715263,6
C05052,12.9591122,77.5764973,4
C05053,12.9591233,77.6615546,4
C05054,13.0129231,77.5756959,3
C05055,13.0144757,77.5736759,1
C05056,13.0312837,77.5909518,2
C05057,12.9732858,77.6169907,5
C05058,13.0979448,77.5960808,3
C05059,13.17011,77.5501067,3
C05060,13.1683987,77.5587809,2
C05061,12.9752727,77.5995395,3
C05062,12.9747309,77.6061706,7
C05063,12.9818956,77.5599551,3
C05064,12.9665618,77.4587909,1
C05065,12.9734041,77.653684,6
C05066,12.9867569,77.6470711,3
C05067,13.010227,77.6576206,3
C05068,12.9157368,77.6452596,10
C05069,13.0674781,77.5542288,3
C05070,12.9916348,77.5709185,4
C05071,13.0250141,77.5856289,1
C05072,12.9609477,77.7137677,3
C05073,12.9682273,77.5885244,5
C05074,12.9772183,77.724899,1
C05075,13.0129567,77.5513675,4
C05076,12.846473,77.6776488,4
C05077,12.9868952,77.7459285,3
C05078,12.9186427,77.6304656,7
C05079,12.9565676,77.5292018,4
C05080,12.9573491,77.6551061,9
C05081,12.9835824,77.5289448,2
C05082,12.9806131,77.5581149,4
C05083,13.0822105,77.5422422,4
C05084,12.8890673,77.6512336,2
C05085,13.0288047,77.5710204,6
C05086,12.938541,77.4485,17
C05087,12.9445873,77.7469127,3
C05088,12.9358214,77.6012679,5
C05089,12.9509774,77.6230906,4
C05090,13.0638295,77.5871557,2
C05091,12.9423039,77.6174893,1
C05092,13.1728522,77.5642789,2
C05093,13.013001,77.5676212,1
C05094,12.9478373,77.5970782,11
C05095,12.9226084,77.5846459,3
C05096,12.9606712,77.5750586,3
C05097,12.9731121,77.6111799,6
C05098,12.9854032,77.5952791,2
C05099,12.9745197,77.58422,2
C05100,12.9783538,77.6358664,3
C05101,12.9476859,77.5801036,7
C05102,12.960621,77.7212568,5
C05103,12.980531,77.7088952,4
C05104,13.0053923,77.5713352,4
C05105,12.9217794,77.5852464,4
C05106,12.9808515,77.6377051,4
C05107,12.9682121,77.5303413,2
C05108,13.1059842,77.598925,3
C05109,12.9558427,77.6936301,2
C05110,12.990442,77.5644097,4
C05111,12.8909456,77.5955611,2
C05112,12.860491,77.7795082,20
C05113,12.9167942,77.5869781,3
C05114,12.872803,77.6541333,1
C05115,13.0627373,77.5923307,3
C05116,13.0048439,77.5817075,5
C05117,12.9875015,77.5800593,11
C05118,12.9652886,77.537287,2
C05119,13.0503903,77.6079829,1
C05120,12.9026989,77.5447306,6
C05121,12.8470693,77.6622473,1
C05122,12.9371095,77.5198627,2
C05123,12.9721257,77.6542468,3
C05124,12.9107273,77.5829611,3
C05125,13.0181912,77.5578127,5
C05126,12.9869767,77.5494164,2
C05127,12.9378414,77.6272417,3
C05128,12.894433,77.5683437,3
C05129,12.9062407,77.5787048,4
C05130,13.0345054,77.5895751,4
C05131,12.96923,77.6058767,5
C05132,12.9749123,77.6014559,6
C05133,12.8099055,77.4890328,4
C05134,12.9868199,77.5386829,5
C05135,13.0154219,77.6334862,1
C05136,12.9733553,77.6383481,3
C05137,12.9308067,77.5764424,5
C05138,12.9078534,77.601101,6
C05139,12.8889432,77.5627011,2
C05140,12.9848056,77.7485569,2
C05141,13.0036865,77.6225968,2
C05142,12.9039101,77.5079723,5
C05143,13.0230092,77.6370539,7
C05144,12.926672,77.6335707,2
C05145,12.9760978,77.6407677,6
C05146,12.9164396,77.5925822,4
C05147,13.0532831,77.4838143,3
C05148,13.1063672,77.6021473,3
C05149,12.9060628,77.5895222,6
C05150,12.974344,77.5712299,4
C05151,12.9677111,77.6001692,16
C05152,12.9132184,77.6322623,2
C05153,12.9341449,77.6155709,5
C05154,12.9725478,77.6402224,2
C05155,12.9231359,77.6672743,2
C05156,12.9512236,77.7174249,3
C05157,12.9831817,77.6927116,4
C05158,13.0232316,77.6370445,26
C05159,12.9677163,77.633611,3
C05160,13.0016562,77.596687,2
C05161,12.9569748,77.5689944,4
C05162,12.9145417,77.6123374,1
C05163,12.8994579,77.6308711,3
C05164,13.0654481,77.7412386,3
C05165,12.9774246,77.6417172,6
C05166,12.9876972,77.5986435,7
C05167,12.9669433,77.5965194,2
C05168,13.0062045,77.6506157,3
C05169,12.968095,77.7500291,2
C05170,12.9950251,77.5870076,2
C05171,12.9654204,77.641732,4
C05172,12.9207133,77.6871884,1
C05173,13.0838329,77.6365975,2
C05174,12.9561298,77.7309743,2
C05175,12.9331294,77.7426468,5
C05176,12.9891599,77.5559116,12
C05177,12.9886463,77.4880192,1
C05178,13.0180558,77.6185833,1
C05179,12.9876421,77.5151107,3
C05180,13.0421646,77.6135614,3
C05181,12.9890394,77.449469,4
C05182,12.8479772,77.6500721,2
C05183,12.9826672,77.6381036,3
C05184,12.9962218,77.6174002,4
C05185,12.9514719,77.5774905,7
C05186,12.9211878,77.7364373,1
C05187,12.8876381,77.5525922,3
C05188,13.0904834,77.4090124,4
C05189,12.9804171,77.5969495,2
C05190,12.9371352,77.619779,11
C05191,12.9562218,77.6371896,2
C05192,12.9739954,77.50948,3
C05193,12.9365132,77.5716891,5
C05194,13.0518169,77.5944722,2
C05195,12.8598469,77.6081337,1
C05196,12.9735078,77.6068776,2
C05197,12.9659703,77.6370127,7
C05198,12.9791395,77.7512477,3
C05199,12.9607243,77.568668,2
C05200,13.0468704,77.5758244,6
C05201,12.931911,77.7362569,3
C05202,13.0751312,77.6016233,2
C05203,12.9320273,77.6854454,4
C05204,13.0705985,77.5903831,6
C05205,12.9587702,77.565213,18
C05206,12.9415883,77.5641917,6
C05207,12.9412292,77.6966422,7
C05208,12.9679881,77.5961781,2
C05209,12.9963577,77.6566257,2
C05210,12.9197243,77.6214149,3
C05211,12.958884,77.6599587,4
C05212,12.9386526,77.6973755,2
C05213,12.8568494,77.588979,3
C05214,12.9332156,77.5572739,4
C05215,12.9100092,77.6351171,4
C05216,12.9707705,77.7253157,5
C05217,12.9525488,77.7058831,4
C05218,12.9137236,77.6664546,2
C05219,12.9956042,77.5506849,2
C05220,13.0245883,77.6371856,1
C05221,13.0029761,77.5532144,12
C05222,13.0119804,77.5558204,3
C05223,13.0006563,77.5683609,3
C05224,12.9429386,77.5460608,2
C05225,12.9646068,77.5839621,26
C05226,12.8423414,77.6611031,2
C05227,12.9106722,77.6294978,2
C05228,12.9568492,77.6986001,4
C05229,12.9707744,77.6084331,5
C05230,12.9690423,77.575894,6
C05231,13.0335135,77.5688007,12
C05232,12.9856045,77.4020585,5
C05233,13.1039053,77.5737172,2
C05234,13.000923,77.6241112,3
C05235,12.9217633,77.5970268,4
C05236,13.0096996,77.5760799,14
C05237,12.9767746,77.6009404,1
C05238,13.0637481,77.6390309,8
C05239,12.9770467,77.6406776,4
C05240,13.0581249,77.5877178,6
C05241,13.0008505,77.6239891,3
C05242,12.9771317,77.5759938,2
C05243,13.0553978,77.603267,6
C05244,12.8791173,77.7626535,5
C05245,13.0384932,77.520588,7
C05246,12.9736229,77.6070067,3
C05247,12.9672282,77.6482951,2
C05248,13.0663696,77.5972154,1
C05249,12.9256225,77.5646676,6
C05250,12.9784887,77.6301129,4
C05251,12.8751043,77.7666425,2
C05252,13.0179922,77.6534479,2
C05253,12.9755654,77.575714,2
C05254,12.9250335,77.6666247,1
C05255,12.8933895,77.6368614,2
C05256,13.0018471,77.6234912,2
C05257,12.9392334,77.6191718,2
C05258,12.9228274,77.5571312,2
C05259,12.9880048,77.5769334,1
C05260,12.9750892,77.7509276,14
C05261,13.0502935,77.6172414,8
C05262,12.9892743,77.5559849,2
C05263,12.9992083,77.550269,4
C05264,12.9146917,77.6760958,4
C05265,12.9005095,77.5704067,8
C05266,12.9361681,77.6164919,2
C05267,13.151207,77.6201961,7
C05268,13.0241863,77.5960574,2
C05269,12.9878104,77.5809833,1
C05270,12.9471013,77.6852391,6
C05271,12.9372989,77.6058501,8
C05272,12.9036289,77.7039978,20
C05273,13.0338944,77.5269378,1
C05274,12.9896967,77.7327065,5
C05275,12.9593929,77.6383584,2
C05276,13.0258004,77.714279,6
C05277,13.0862728,77.5289229,1
C05278,12.9286,77.7415646,1
C05279,12.9745775,77.6393436,2
C05280,12.953972,77.5919591,4
C05281,12.9745442,77.6388615,2
C05282,12.9763403,77.6214901,5
C05283,12.9824207,77.6075193,7
C05284,13.1025862,77.5959906,5
C05285,13.1770592,77.5901491,10
C05286,12.9989026,77.7375086,4
C05287,12.9017823,77.6779575,1
C05288,13.0139649,77.57891,9
C05289,12.9728503,77.6091975,2
C05290,12.9607609,77.4906546,6
C05291,12.8043966,77.697234,10
C05292,12.9224408,77.5144605,5
C05293,12.969708,77.5897971,1
C05294,12.9829662,77.6064877,2
C05295,12.9725024,77.5986612,8
C05296,12.9009278,77.5986641,3
C05297,12.8893554,77.5817524,4
C05298,13.1030959,77.4916565,6
C05299,12.9648136,77.7485341,5
C05300,13.0152255,77.7018342,4
C05301,12.981476,77.5956359,3
C05302,12.9051908,77.5647732,3
C05303,12.9157223,77.6321773,6
C05304,12.9167484,77.589557,5
C05305,12.9886368,77.6842948,3
C05306,12.9070384,77.6957798,7
C05307,12.9170457,77.5931523,3
C05308,12.9166518,77.5967457,2
C05309,12.9811411,77.6035516,2
C05310,13.1150962,77.6057482,2
C05311,13.0276582,77.604326,3
C05312,13.0113146,77.5553964,8
C05313,12.9561417,77.7215418,2
C05314,12.9669121,77.6081804,4
C05315,12.9658066,77.6370418,2
C05316,12.9661407,77.7179054,3
C05317,13.0703757,77.6217771,1
C05318,12.9893868,77.5550414,3
C05319,13.047903,77.7607185,3
C05320,12.9980417,77.6960002,5
C05321,12.9141446,77.6160973,4
C05322,13.1258356,77.4757041,1
C05323,12.9820546,77.650244,7
C05324,13.0199614,77.6744514,4
C05325,13.0665402,77.6405686,4
C05326,12.980113,77.5926339,3
C05327,13.015734,77.4840822,2
C05328,13.0981244,77.5728089,4
C05329,12.9289123,77.5859132,5
C05330,13.0031199,77.5713727,1
C05331,13.1292116,77.455902,2
C05332,12.9363795,77.6900424,3
C05333,12.9703269,77.6176841,4
C05334,12.9721395,77.6424595,8
C05335,12.8850121,77.5863075,2
C05336,12.9975424,77.6225532,2
C05337,13.0601933,77.5873812,2
C05338,12.9608703,77.7017044,2
C05339,12.9061994,77.5630843,3
C05340,13.0970606,77.5748438,6
C05341,12.9895933,77.554684,2
C05342,13.0265315,77.5871428,4
C05343,12.918129,77.6515196,1
C05344,12.8710849,77.6521471,2
C05345,12.8433644,77.4515227,3
C05346,12.9590664,77.7221235,11
C05347,12.9844636,77.7493771,3
C05348,12.9715662,77.6410001,1
C05349,12.9783896,77.637303,1
C05350,13.0721802,77.5565373,3
C05351,12.9791406,77.7126762,5
C05352,12.8910556,77.5950031,4
C05353,13.1649051,77.5217674,4
C05354,12.978764,77.6355969,7
C05355,12.95947,77.6505957,2
C05356,12.9887964,77.5555474,6
C05357,12.9353208,77.6205504,1
C05358,12.9933878,77.5957595,2
C05359,12.9800717,77.5978997,1
C05360,13.0147612,77.6335463,3
C05361,12.8363549,77.6577486,3
C05362,13.0563529,77.6520993,4
C05363,13.0071764,77.5559556,3
C05364,13.0246433,77.557273,2
C05365,12.9702537,77.6094977,3
C05366,12.9073287,77.4182239,1
C05367,13.0627642,77.5929313,9
C05368,12.9344448,77.6970847,3
C05369,13.0306853,77.5526128,2
C05370,13.0109802,77.5398828,10
C05371,12.9791268,77.6154453,1
C05372,12.9885784,77.5705925,2
C05373,13.1344141,77.7175848,2
C05374,12.9719394,77.6004411,3
C05375,12.9805484,77.5978893,4
C05376,12.9943801,77.5527036,6
C05377,13.0067007,77.603538,20
C05378,12.8446928,77.7758825,1
C05379,13.0014948,77.578336,5
C05380,12.9131111,77.6516841,2
C05381,12.9277245,77.6327822,2
C05382,13.0604851,77.6032571,2
C05383,12.9926752,77.5850402,2
C05384,13.0007274,77.6235338,11
C05385,12.9643591,77.5968522,6
C05386,12.847791,77.6711196,3
C05387,12.9587116,77.6594642,9
C05388,12.9801456,77.6366242,1
C05389,12.9702453,77.5760979,1
C05390,13.0631637,77.591559,1
C05391,12.9835135,77.554155,2
C05392,12.9958745,77.6213506,4
C05393,12.944336,77.694819,4
C05394,12.9705696,77.645413,4
C05395,13.0119226,77.6987282,1
C05396,12.987183,77.5784519,6
C05397,12.9759778,77.6548222,4
C05398,12.9174704,77.612429,6
C05399,12.8383234,77.6996498,1
C05400,12.938787,77.554296,4
C05401,12.9115179,77.6415002,1
C05402,12.9964741,77.6122192,3
C05403,13.1303461,77.5868466,5
C05404,12.9542181,77.556982,4
C05405,12.9936149,77.6084336,2
C05406,12.9834918,77.7529802,3
C05407,12.9571357,77.7458193,1
C05408,12.9822342,77.6079456,7
C05409,12.890105,77.5976831,3
C05410,12.9508996,77.5835348,7
C05411,13.0270252,77.5348756,2
C05412,12.9507193,77.699921,2
C05413,12.8987945,77.6344561,2
C05414,13.0244143,77.5482175,6
C05415,12.8504211,77.6556681,2
C05416,12.9857544,77.570503,5
C05417,12.9782835,77.5685839,3
C05418,13.0001745,77.5490975,1
C05419,12.9781021,77.5752146,2
C05420,13.060184,77.5888665,1
C05421,12.9101758,77.5818113,3
C05422,13.0122467,77.6657663,1
C05423,12.9765774,77.5760043,6
C05424,12.9159249,77.5856011,3
C05425,12.9858942,77.4879367,3
C05426,13.0451074,77.5568305,5
C05427,12.9783183,77.571935,7
C05428,12.9756223,77.7495956,3
C05429,13.0295828,77.571027,2
C05430,13.0082033,77.7572551,1
C05431,13.0233135,77.5637421,2
C05432,13.1070323,77.5757961,2
C05433,12.9313946,77.6262441,4
C05434,13.0984679,77.5735844,3
C05435,12.9508998,77.6234253,5
C05436,12.9478552,77.579887,2
C05437,13.0612674,77.4612791,3
C05438,12.9198472,77.5782896,8
C05439,13.1508672,77.5546948,4
C05440,12.9251521,77.6245022,3
C05441,12.9255212,77.5499596,2
C05442,12.9605852,77.7146395,2
C05443,13.0838936,77.5602156,2
C05444,12.9508146,77.6237047,2
C05445,12.9116664,77.5521578,6
C05446,12.9505683,77.5554901,3
C05447,12.9810855,77.5966823,1
C05448,12.988865,77.5078006,11
C05449,12.9101746,77.6867831,4
C05450,12.9095125,77.6110689,1
C05451,12.9806804,77.637767,2
C05452,12.9164559,77.5914845,4
C05453,12.9683417,77.5379567,11
C05454,12.9862681,77.7474595,2
C05455,12.9622433,77.6470269,7
C05456,12.9888432,77.731012,9
C05457,12.8438213,77.6346114,2
C05458,12.9167944,77.6519692,3
C05459,12.8993916,77.6212016,2
C05460,12.9406952,77.566009,3
C05461,12.9511675,77.5650797,3
C05462,13.0277951,77.6327527,5
C05463,12.946605,77.6289077,7
C05464,12.9861567,77.5557927,2
C05465,12.9806962,77.6124822,1
C05466,12.9257822,77.5640113,3
C05467,12.9671589,77.6106158,4
C05468,12.9508138,77.7156575,4
C05469,12.9635859,77.7481184,3
C05470,12.8599417,77.7906265,4
C05471,12.9060944,77.5927056,10
C05472,12.9414886,77.7472978,4
C05473,12.9164452,77.6366057,3
C05474,12.9820023,77.6011057,2
C05475,12.9639358,77.4072579,3
C05476,13.0455346,77.4612535,10
C05477,13.0144068,77.5834035,3
C05478,13.036842,77.575735,3
C05479,12.9736272,77.6420214,2
C05480,12.9755273,77.6021374,7
C05481,13.0238741,77.6362241,13
C05482,12.8887979,77.5793878,5
C05483,12.92458,77.6731134,4
C05484,12.956816,77.7394618,3
C05485,12.9650762,77.6574876,1
C05486,12.9390255,77.6238477,6
C05487,12.9062713,77.5631178,4
C05488,13.014365,77.5716116,4
C05489,12.9562428,77.5686697,2
C05490,13.0250549,77.546176,3
C05491,13.0408726,77.620387,2
C05492,12.9754485,77.5369438,7
C05493,12.9328804,77.5874138,3
C05494,12.8440639,77.7762838,14
C05495,12.9934589,77.6859402,4
C05496,12.9566858,77.7419283,1
C05497,12.9529911,77.5857588,3
C05498,13.0134359,77.5692344,2
C05499,12.9992524,77.6157573,1
C05500,13.0249273,77.6592607,10
C05501,13.0116786,77.6470294,5
C05502,12.9649795,77.7454613,5
C05503,12.9725089,77.7488045,4
C05504,13.0117554,77.6729536,1
C05505,12.8871719,77.6002529,2
C05506,12.9756151,77.5719313,6
C05507,12.9141803,77.5950261,2
C05508,12.8752583,77.5428613,1
C05509,12.966493,77.5905481,3
C05510,12.9684441,77.7187843,3
C05511,12.9401657,77.5251809,4
C05512,12.9136459,77.6049936,6
C05513,13.0413528,77.621671,5
C05514,13.1095922,77.6025872,4
C05515,13.0015829,77.6236346,8
C05516,12.9753399,77.638329,1
C05517,12.9133121,77.6207619,5
C05518,12.9727779,77.5951856,5
C05519,13.0022281,77.5739218,1
C05520,12.9728428,77.5995427,1
C05521,12.9173117,77.5882227,2
C05522,13.0274651,77.6042813,2
C05523,12.9585429,77.5618917,6
C05524,12.9063698,77.5783184,2
C05525,12.9755987,77.6052666,2
C05526,13.057594,77.5872852,2
C05527,12.9136377,77.487472,7
C05528,12.9265205,77.6696737,3
C05529,13.0015461,77.5721683,3
C05530,12.9725231,77.6508338,3
C05531,12.9844683,77.5918496,8
C05532,13.0004207,77.6243951,2
C05533,12.9215701,77.6633011,8
C05534,12.9566826,77.7319037,4
C05535,13.0492109,77.547547,3
C05536,12.9740084,77.5303688,19
C05537,12.9602967,77.5572768,2
C05538,13.1870435,77.5501808,3
C05539,12.9976327,77.5472526,1
C05540,13.0268361,77.586225,6
C05541,13.0998272,77.5767096,11
C05542,12.987662,77.7369161,11
C05543,12.9690096,77.5363068,8
C05544,13.0319227,77.5702604,3
C05545,12.9573463,77.7075932,3
C05546,12.9299613,77.4643962,1
C05547,12.9155336,77.610242,14
C05548,12.9738071,77.6432342,5
C05549,12.9200913,77.6670747,2
C05550,12.9023899,77.5176413,8
C05551,13.0018342,77.5513714,2
C05552,12.956793,77.6478146,4
C05553,13.0238756,77.6373573,3
C05554,12.8736761,77.6112921,5
C05555,12.9655617,77.578271,3
C05556,13.0073711,77.5487687,1
C05557,12.9265737,77.5835041,4
C05558,12.9990996,77.5502801,7
C05559,12.980802,77.5770619,3
C05560,13.0227055,77.6435679,6
C05561,12.9111698,77.6001672,2
C05562,12.999295,77.5680608,3
C05563,12.9768103,77.5739897,2
C05564,12.9803251,77.6409965,6
C05565,13.001134,77.6240864,3
C05566,12.9391798,77.551355,5
C05567,12.9206508,77.6961003,7
C05568,12.9141537,77.6016337,5
C05569,12.9132656,77.6057264,4
C05570,13.1057411,77.5725198,2
C05571,12.9414494,77.6236346,3
C05572,12.9039806,77.512583,2
C05573,12.969824,77.6246172,3
C05574,12.9678875,77.7186913,3
C05575,12.870188,77.5865428,2
C05576,13.0039638,77.6155248,1
C05577,13.059197,77.5905307,2
C05578,13.0656401,77.5527057,4
C05579,12.9556707,77.7223553,1
C05580,12.9327355,77.6937522,3
C05581,13.098804,77.566365,13
C05582,12.9814768,77.5956684,7
C05583,12.9401001,77.7467858,10
C05584,12.9749757,77.6065573,4
C05585,13.0345384,77.5753266,8
C05586,13.1839919,77.6892696,2
C05587,12.9463898,77.4868805,2
C05588,12.9785445,77.640549,1
C05589,13.0665224,77.596578,8
C05590,12.9130361,77.6000043,10
C05591,13.0146272,77.5684264,2
C05592,12.8636914,77.5986651,3
C05593,12.97475,77.635825,2
C05594,12.9802303,77.5548818,4
C05595,12.9371526,77.7494616,7
C05596,13.0610985,77.5872132,1
C05597,12.9690681,77.7401642,4
C05598,12.949418,77.5847239,3
C05599,12.9572025,77.7381425,4
C05600,12.9169419,77.6142751,5
C05601,12.9583696,77.6594399,3
C05602,12.9348984,77.4462319,3
C05603,12.958321,77.5350434,3
C05604,12.9815191,77.7520947,7
C05605,12.8599833,77.7909247,4
C05606,12.9198493,77.6212496,4
C05607,12.9705486,77.6457156,1
C05608,12.9368104,77.6206345,3
C05609,12.9760846,77.5312127,6
C05610,12.9405681,77.5459187,3
C05611,13.0152595,77.5487754,5
C05612,12.9580872,77.6010965,11
C05613,13.0593638,77.5928984,7
C05614,12.9376768,77.6997023,4
C05615,12.9725528,77.7007888,2
C05616,13.044075,77.7620238,1
C05617,12.9895202,77.7283318,3
C05618,12.9893184,77.72755,3
C05619,12.9144897,77.6445235,4
C05620,13.0372529,77.6421063,3
C05621,13.0268364,77.5798131,3
C05622,13.0462704,77.5559208,1
C05623,12.975506,77.6024558,2
C05624,12.8868609,77.5929755,5
C05625,13.069142,77.5549604,11
C05626,12.8861405,77.5056116,3
C05627,12.9754975,77.6019362,4
C05628,12.9735251,77.6081233,6
C05629,12.9743489,77.6149318,2
C05630,12.9615935,77.5403059,4
C05631,12.9506075,77.6239137,2
C05632,12.9204156,77.5973219,6
C05633,13.066842,77.6390545,4
C05634,13.0554338,77.5930008,4
C05635,12.9209511,77.620137,2
C05636,13.013375,77.5688463,5
C05637,12.9821415,77.696903,14
C05638,12.9490255,77.5936154,2
C05639,12.9872341,77.549974,3
C05640,12.9862161,77.5374853,4
C05641,12.9610375,77.7137754,6
C05642,12.9939459,77.6932252,2
C05643,12.9599141,77.748448,1
C05644,12.9760478,77.5319661,9
C05645,12.9984849,77.5554044,6
C05646,13.0693384,77.6021253,1
C05647,13.0327967,77.6366258,2
C05648,12.8618975,77.5609278,10
C05649,12.9104465,77.5851165,9
C05650,12.8907146,77.58194,6
C05651,12.9463671,77.530647,3
C05652,12.9736204,77.6155256,4
C05653,12.9165105,77.6024008,3
C05654,12.9717441,77.6059386,7
C05655,12.9618069,77.6169696,2
C05656,13.0118443,77.5552205,2
C05657,12.8991071,77.7126526,7
C05658,12.8254437,77.5862359,3
C05659,13.0086507,77.7588002,9
C05660,12.965205,77.7017287,2
C05661,12.9533522,77.5848743,3
C05662,12.95101,77.59218,2
C05663,12.8041642,77.6261463,3
C05664,13.0087504,77.6939806,1
C05665,12.9178543,77.6241066,2
C05666,12.9806412,77.6290874,1
C05667,12.9271897,77.5447555,5
C05668,12.9798613,77.7270942,5
C05669,13.0673466,77.5630666,1
C05670,12.9822876,77.5911581,8
C05671,13.0078807,77.6708126,19
C05672,12.9207173,77.5745968,3
C05673,13.0336982,77.6385516,2
C05674,12.9664891,77.5965187,24
C05675,13.0067647,77.5545483,1
C05676,12.9467026,77.5300705,3
C05677,12.9507057,77.5784906,4
C05678,12.9195785,77.5950152,9
C05679,12.9246365,77.6384508,4
C05680,12.9753191,77.6660778,2
C05681,12.9077084,77.6721872,2
C05682,12.9669093,77.6086899,3
C05683,12.9594958,77.7209611,2
C05684,12.8989754,77.6761562,3
C05685,12.936225,77.7447978,2
C05686,12.9946486,77.6440476,1
C05687,12.9217039,77.6451109,8
C05688,13.0091522,77.5787543,2
C05689,12.9765645,77.5455876,1
C05690,12.9669678,77.5366906,3
C05691,12.9809636,77.6105003,3
C05692,12.9031858,77.6245476,1
C05693,13.0040253,77.5711108,4
C05694,12.9695016,77.6477886,2
C05695,13.0413862,77.6216592,11
C05696,13.0405041,77.5899057,5
C05697,12.9388223,77.5521241,3
C05698,12.9387445,77.552102,2
C05699,12.9925855,77.6804704,3
C05700,13.0678381,77.5639755,5
C05701,12.8976619,77.5946541,3
C05702,13.001385,77.6079476,3
C05703,12.9484662,77.5809022,3
C05704,12.9455457,77.6289451,2
C05705,13.0293247,77.5708017,3
C05706,12.9105047,77.581862,1
C05707,13.0099126,77.5495425,7
C05708,12.9810419,77.6363584,4
C05709,12.9875708,77.5383292,2
C05710,13.0037882,77.5838385,13
C05711,13.0635772,77.5872408,4
C05712,12.9794236,77.5925717,2
C05713,13.0256806,77.6037616,6
C05714,13.0222291,77.6004298,4
C05715,12.9877059,77.5596356,4
C05716,12.9060203,77.541723,2
C05717,12.933719,77.6176805,5
C05718,12.978243,77.6404269,3
C05719,12.9017979,77.5136545,5
C05720,12.9621688,77.6362486,1
C05721,12.9779833,77.7103836,2
C05722,12.915232,77.6321995,11
C05723,12.977267,77.679729,2
C05724,12.9742664,77.60756,2
C05725,12.9825764,77.6074569,2
C05726,12.9169315,77.5999251,1
C05727,13.0225825,77.551512,1
C05728,13.0948017,77.5770341,3
C05729,12.9931471,77.7165617,4
C05730,12.8058618,77.7835118,3
C05731,12.912121,77.6384617,3
C05732,12.9607274,77.6662316,3
C05733,12.9377615,77.6994867,7
C05734,12.9855483,77.4863859,3
C05735,12.9076918,77.6407802,2
C05736,13.1000877,77.5978794,3
C05737,13.0960152,77.5599278,5
C05738,12.9073391,77.5830655,9
C05739,13.0703184,77.5553198,2
C05740,12.9137732,77.6441735,4
C05741,12.9421755,77.5941208,4
C05742,12.9821967,77.6381186,2
C05743,12.9109228,77.6415654,3
C05744,12.9637948,77.6566232,1
C05745,12.9884468,77.5346227,1
C05746,12.9932856,77.568192,4
C05747,12.9790136,77.642347,3
C05748,12.9888945,77.6066157,4
C05749,12.9736597,77.6229416,3
C05750,12.9388234,77.6964281,2
C05751,13.0266126,77.587797,3
C05752,12.9508907,77.5777332,1
C05753,13.0184895,77.7844739,9
C05754,13.0238759,77.6030622,1
C05755,12.9380609,77.6275572,3
C05756,12.9946318,77.6165816,2
C05757,13.1483923,77.6496619,5
C05758,12.9610371,77.7005306,3
C05759,12.9431355,77.6978544,2
C05760,12.9588,77.5647589,6
C05761,12.9230175,77.6798965,3
C05762,12.9629355,77.599571,5
C05763,13.0332305,77.5581139,2
C05764,12.9539412,77.7178699,1
C05765,13.0550698,77.6005716,4
C05766,12.995834,77.7576041,3
C05767,13.0604309,77.6226838,5
C05768,12.9053454,77.5938378,3
C05769,12.9537155,77.5858442,4
C05770,12.9991903,77.5525312,1
C05771,12.9238621,77.6727962,12
C05772,12.9514658,77.6432669,3
C05773,12.925261,77.549434,5
C05774,12.9977103,77.5483913,2
C05775,12.966793,77.6352431,4
C05776,13.1806075,77.642183,1
C05777,13.0239882,77.5989031,5
C05778,13.005297,77.702884,3
C05779,13.0151194,77.6368067,3
C05780,12.9556166,77.7186914,5
C05781,13.1541086,77.5401493,1
C05782,12.991155,77.5383908,2
C05783,13.0711158,77.6519016,5
C05784,12.9079706,77.6005099,14
C05785,13.0264471,77.5114203,3
C05786,12.9258857,77.6252751,5
C05787,12.9740926,77.5782381,3
C05788,13.0205657,77.7941445,13
C05789,12.9396097,77.6284305,1
C05790,12.9037869,77.507973,4
C05791,12.964859,77.5837001,1
C05792,12.9859306,77.644897,1
C05793,13.0022607,77.6295523,4
C05794,13.0148505,77.5751945,4
C05795,13.0179285,77.5623314,3
C05796,12.8877343,77.5886419,3
C05797,13.0165243,77.6024035,29
C05798,12.9823616,77.6097828,3
C05799,12.9357448,77.5938244,5
C05800,12.9523715,77.4998029,2
C05801,12.9703241,77.5760364,4
C05802,12.9758922,77.5660729,3
C05803,12.9750845,77.5897763,2
C05804,12.9924016,77.5571593,12
C05805,12.9529243,77.5162442,8
C05806,12.9045574,77.704281,4
C05807,12.9142144,77.6325278,1
C05808,12.8775539,77.6700895,3
C05809,12.9281275,77.6330644,22
C05810,13.1384922,77.4786333,3
C05811,12.9634117,77.6066682,7
C05812,12.9723035,77.6503019,9
C05813,13.0119196,77.6972899,4
C05814,12.9940065,77.5945768,2
C05815,12.9104882,77.640061,1
C05816,13.1835304,77.6811667,5
C05817,13.0619804,77.5918661,2
C05818,12.9339304,77.583662,4
C05819,12.9616153,77.7136193,1
C05820,13.0186339,77.5709242,3
C05821,13.0291469,77.519671,3
C05822,12.9758581,77.5653792,4
C05823,12.9832283,77.7080008,2
C05824,12.9809575,77.5975756,8
C05825,12.9743706,77.6143537,2
C05826,12.8017461,77.57469,1
C05827,13.1287057,77.5868145,3
C05828,13.0059079,77.578507,3
C05829,12.9747983,77.6174976,4
C05830,13.0509726,77.608188,9
C05831,13.0011236,77.6618187,3
C05832,12.936153,77.7210618,3
C05833,12.9726157,77.6792208,2
C05834,12.9471143,77.6218054,6
C05835,12.8990004,77.6218548,4
C05836,13.0274123,77.575867,2
C05837,12.9775284,77.5175141,1
C05838,12.9744098,77.6094477,9
C05839,12.9247449,77.5642316,1
C05840,13.0239297,77.5513762,2
C05841,12.9550078,77.5675577,4
C05842,13.0408128,77.5165808,1
C05843,13.0829166,77.6434508,1
C05844,12.9827902,77.7368277,1
C05845,12.972126,77.573351,5
C05846,12.9273175,77.6690879,2
C05847,12.9492228,77.5841598,26
C05848,12.9060608,77.58713,2
C05849,12.9875972,77.6208401,2
C05850,12.9276564,77.5174966,2
C05851,12.9200334,77.651758,4
C05852,13.0174291,77.5625948,2
C05853,12.9422654,77.6227523,5
C05854,12.9779996,77.7105652,2
C05855,12.9633185,77.5790145,1
C05856,12.9678456,77.5908682,1
C05857,12.9243496,77.637603,1
C05858,12.9118509,77.6536904,2
C05859,12.819446,77.6883822,3
C05860,12.9605763,77.7180816,2
C05861,12.931069,77.613948,8
C05862,13.0105388,77.5575282,8
C05863,12.8966211,77.6075885,3
C05864,12.9480567,77.5879713,1
C05865,13.0072315,77.6403015,2
C05866,12.9862032,77.7363344,2
C05867,13.0603575,77.7163583,2
C05868,12.9644469,77.6719687,2
C05869,13.055217,77.6020252,2
C05870,12.9760441,77.7268709,3
C05871,13.006508,77.6452745,2
C05872,12.8951857,77.656994,4
C05873,12.9418698,77.5563504,4
C05874,12.9685475,77.5964624,2
C05875,12.9065855,77.649084,8
C05876,12.9643079,77.5942938,2
C05877,12.9723179,77.5899392,1
C05878,13.0681627,77.5544323,4
C05879,12.9060471,77.5969859,2
C05880,12.9121661,77.586287,4
C05881,13.1584926,77.7452402,1
C05882,12.9724711,77.6486166,9
C05883,12.9505253,77.6992384,5
C05884,12.9571937,77.7382947,1
C05885,12.8477628,77.6579328,1
C05886,13.147821,77.5696705,11
C05887,13.0833907,77.6406945,2
C05888,12.9186556,77.5780101,2
C05889,12.9567706,77.7007709,1
C05890,13.0712887,77.5560963,3
C05891,13.0189803,77.571001,3
C05892,13.0276513,77.5753809,5
C05893,12.935699,77.4924157,1
C05894,12.9346147,77.6250274,1
C05895,12.8409397,77.6507954,5
C05896,12.9557166,77.6979892,7
C05897,12.989874,77.5709919,1
C05898,12.9587142,77.5671341,7
C05899,13.0375654,77.6396626,3
C05900,12.9808248,77.6391194,7
C05901,13.0587342,77.5909461,3
C05902,13.0057165,77.5934124,1
C05903,12.9732457,77.5952706,3
C05904,13.0146834,77.5538978,7
C05905,12.9777968,77.5741098,2
C05906,13.0338524,77.7321312,3
C05907,12.9714785,77.7066002,3
C05908,12.908209,77.6476635,1
C05909,13.0307899,77.653594,11
C05910,12.9632909,77.5851773,2
C05911,12.9778782,77.5731873,5
C05912,12.9368986,77.6198954,3
C05913,12.9530481,77.6159168,8
C05914,13.0076801,77.6409776,4
C05915,12.9391909,77.5517929,3
C05916,12.958999,77.654503,2
C05917,12.9201458,77.6849189,6
C05918,12.9931878,77.5212707,1
C05919,12.909495,77.565948,5
C05920,12.9180697,77.5025687,2
C05921,12.9360403,77.6040824,8
C05922,12.8017391,77.5746893,4
C05923,13.0386081,77.6465206,5
C05924,12.9734064,77.6163313,4
C05925,13.0351773,77.5890219,1
C05926,13.0279504,77.6305051,2
C05927,12.9088046,77.6497344,5
C05928,12.9385755,77.7441441,4
C05929,12.8761189,77.5331944,8
C05930,12.9410352,77.6241999,4
C05931,12.8612854,77.7865728,2
C05932,13.0053836,77.7019239,2
C05933,13.1144798,77.5677789,4
C05934,12.9884301,77.5713911,1
C05935,13.0869634,77.5938641,11
C05936,13.0218344,77.5567093,5
C05937,13.029027,77.561291,8
C05938,12.9285342,77.5624936,1
C05939,13.0282328,77.5934519,8
C05940,13.0124501,77.5559999,16
C05941,12.9269396,77.6225982,1
C05942,12.958917,77.71894,6
C05943,12.88712,77.5549265,3
C05944,12.9586066,77.5649345,1
C05945,13.1275198,77.6392624,5
C05946,13.1187269,77.4647714,6
C05947,12.9977994,77.5517734,2
C05948,13.070394,77.502239,8
C05949,13.0030093,77.6608924,1
C05950,12.9752848,77.6043238,1
C05951,12.9448439,77.5967477,4
C05952,13.083972,77.6433308,3
C05953,12.8927483,77.5816844,2
C05954,12.9225582,77.6344738,6
C05955,12.9462353,77.6289433,5
C05956,12.9119682,77.5860142,6
C05957,12.9913026,77.6156011,3
C05958,12.9109001,77.6829073,5
C05959,12.9330777,77.58452,2
C05960,13.0296204,77.5611135,14
C05961,13.081456,77.6532018,2
C05962,13.1991127,77.6583797,14
C05963,12.9713026,77.6414656,3
C05964,12.9942812,77.6640408,1
C05965,12.9675956,77.7160837,9
C05966,13.0308231,77.6683898,4
C05967,12.8796637,77.5538232,6
C05968,12.9832822,77.6100189,8
C05969,13.0354466,77.518149,4
C05970,12.9711385,77.6182367,2
C05971,12.9817193,77.6042336,7
C05972,12.9499624,77.6154381,3
C05973,12.9863171,77.7474767,5
C05974,12.9066772,77.5772586,1
C05975,13.0250155,77.5576232,5
C05976,12.9711882,77.6409763,2
C05977,13.0596937,77.5930663,11
C05978,12.9656575,77.6372715,5
C05979,13.0016086,77.5691868,4
C05980,12.9994967,77.6247784,5
C05981,12.9342685,77.7551649,2
C05982,12.9640357,77.7330576,10
C05983,12.9533739,77.5847667,13
C05984,12.9662394,77.707748,4
C05985,12.8979573,77.5997833,10
C05986,12.9620664,77.7039389,2
C05987,12.9611543,77.5331126,2
C05988,12.9704006,77.712237,3
C05989,12.9715351,77.6008446,5
C05990,12.9986686,77.5758144,3
C05991,12.971553,77.6803025,5
C05992,13.0351018,77.5276877,4
C05993,12.9781437,77.58726,2
C05994,12.9166682,77.5930319,5
C05995,12.9361248,77.6162068,6
C05996,12.9481926,77.6813728,4
C05997,13.0553995,77.5072996,7
C05998,12.9604413,77.7181435,1
C05999,12.9427297,77.6948056,5
C06000,12.9117853,77.5976188,1
C06001,13.0511982,77.5526747,2
C06002,12.9102961,77.6063748,2
C06003,12.9811568,77.6141516,2
C06004,12.9867726,77.5194822,2
C06005,13.1063661,77.6002372,3
C06006,13.1069858,77.600541,6
C06007,12.9603592,77.7207237,3
C06008,13.0318824,77.7575598,1
C06009,12.8651043,77.7690218,7
C06010,13.0067162,77.5711304,2
C06011,12.9215982,77.6679952,3
C06012,12.9900539,77.6870879,5
C06013,12.9160549,77.4797513,4
C06014,12.9787513,77.6392057,7
C06015,12.9002893,77.6008782,5
C06016,12.9371045,77.7495603,2
C06017,12.8071178,77.4292857,15
C06018,12.9056456,77.5855728,4
C06019,12.9925955,77.5916124,3
C06020,13.0369962,77.5573938,7
C06021,12.8982318,77.5827474,4
C06022,12.9573067,77.7087044,4
C06023,13.0039917,77.5936153,19
C06024,12.9086369,77.6105652,3
C06025,12.9976981,77.5493842,3
C06026,13.0797232,77.5622908,4
C06027,12.958836,77.7163204,7
C06028,12.9155289,77.6515804,1
C06029,12.9159814,77.6516057,1
C06030,13.197838,77.7137182,2
C06031,12.8011463,77.5083175,1
C06032,12.9153706,77.6456263,2
C06033,12.9404955,77.6200555,5
C06034,13.0249491,77.5926439,2
C06035,12.9778793,77.6246697,1
C06036,13.1346318,77.6677548,3
C06037,13.0020532,77.5523063,6
C06038,12.8416671,77.6764096,1
C06039,13.1023214,77.5948423,6
C06040,12.9238004,77.6024467,6
C06041,12.9722017,77.6517442,6
C06042,12.9475769,77.5801087,8
C06043,13.0198131,77.666082,16
C06044,12.9698145,77.62459,3
C06045,12.9462443,77.5306902,4
C06046,12.9352471,77.5607927,2
C06047,13.1238209,77.6202417,3
C06048,13.0023552,77.544116,10
C06049,12.9752846,77.5701518,1
C06050,13.0031746,77.757283,2
C06051,13.0261482,77.6354229,9
C06052,12.9678992,77.6504368,7
C06053,12.959465,77.7474184,3
C06054,12.9989319,77.617652,6
C06055,12.9985461,77.5564611,4
C06056,12.9411112,77.52503,9
C06057,12.9920875,77.6022559,3
C06058,12.9189942,77.6098841,7
C06059,12.9646234,77.5824537,21
C06060,12.9668668,77.6067889,5
C06061,12.965985,77.6036918,3
C06062,13.015204,77.6661513,6
C06063,12.8812821,77.5838693,3
C06064,12.9382056,77.7206162,18
C06065,12.93647,77.6165564,4
C06066,12.9885148,77.5558839,3
C06067,12.9852537,77.6425374,2
C06068,13.031992,77.6280789,7
C06069,12.9328402,77.4520974,6
C06070,13.0853623,77.634757,2
C06071,12.9621806,77.708277,5
C06072,13.0608994,77.4612263,1
C06073,13.0003856,77.6762486,4
C06074,12.9609115,77.5358407,5
C06075,12.9602091,77.6382314,11
C06076,13.0252803,77.6035419,2
C06077,12.9169557,77.6906254,1
C06078,12.8045355,77.5604544,2
C06079,12.8847019,77.5917498,1
C06080,12.9562148,77.6373162,8
C06081,12.9585612,77.5623501,10
C06082,12.9186382,77.4528406,4
C06083,12.9162413,77.6905958,8
C06084,12.948849,77.7078682,4
C06085,13.0283463,77.6298629,3
C06086,13.0635437,77.5870164,3
C06087,13.014269,77.5560924,3
C06088,12.9701116,77.5763435,1
C06089,12.9275877,77.6927014,4
C06090,12.9299989,77.5149447,3
C06091,12.9734394,77.6395116,6
C06092,12.8766595,77.6387652,4
C06093,13.0141702,77.6362532,3
C06094,12.9817701,77.6404662,2
C06095,12.9987935,77.54079,3
C06096,12.9555717,77.7200867,6
C06097,12.979241,77.637434,1
C06098,12.9988121,77.5560348,4
C06099,12.9888745,77.4492686,4
C06100,12.9780954,77.5730497,2
C06101,12.9601022,77.5315556,2
C06102,12.9955047,77.6081944,4
C06103,12.9911473,77.5944346,2
C06104,13.0416427,77.5950772,4
C06105,12.9134504,77.6286677,2
C06106,12.9857834,77.4784608,7
C06107,12.9760046,77.6791397,17
C06108,13.0157441,77.6304813,2
C06109,12.9977878,77.584791,5
C06110,12.9905573,77.571683,2
C06111,12.9471311,77.536344,7
C06112,12.9245121,77.5798031,1
C06113,12.8163376,77.694734,5
C06114,13.0049476,77.5711671,2
C06115,13.022941,77.5647142,3
C06116,12.913708,77.6404877,2
C06117,12.9681502,77.5950569,6
C06118,13.0583178,77.6025545,2
C06119,13.0482241,77.579307,5
C06120,13.0009656,77.6129828,3
C06121,12.9173029,77.5647123,3
C06122,13.0002691,77.5521147,4
C06123,12.9610262,77.5877081,2
C06124,12.9580927,77.5553609,4
C06125,12.9720603,77.6409226,10
C06126,12.9695016,77.5419489,2
C06127,13.0346009,77.7701635,8
C06128,13.0154901,77.570748,9
C06129,12.9846806,77.748896,2
C06130,12.9719367,77.6419161,1
C06131,13.0093084,77.5806326,4
C06132,12.9563042,77.5830996,2
C06133,13.0139391,77.6388192,12
C06134,12.9615649,77.6391168,3
C06135,13.1721516,77.6908159,2
C06136,12.9721284,77.6469898,1
C06137,12.9948384,77.5552933,7
C06138,12.9836838,77.6032885,2
C06139,12.9467429,77.5735181,3
C06140,13.0181549,77.6473508,6
C06141,12.9762478,77.6176598,2
C06142,12.9517762,77.7173751,3
C06143,12.9449145,77.5965919,3
C06144,12.9921138,77.5704491,5
C06145,13.0662737,77.5586338,5
C06146,12.9213215,77.6821169,3
C06147,12.9463805,77.5305899,3
C06148,12.9772921,77.5979463,3
C06149,12.9503847,77.5933052,1
C06150,13.004567,77.7176657,4
C06151,12.9514423,77.5943133,12
C06152,12.9693881,77.6456654,2
C06153,13.0003054,77.6174328,2
C06154,12.8064818,77.6268181,2
C06155,13.00956,77.5629873,6
C06156,13.0825565,77.500118,5
C06157,12.9857445,77.5877231,3
C06158,12.9555632,77.7206676,2
C06159,12.9701145,77.6093423,4
C06160,12.9369126,77.7494663,1
C06161,12.9572002,77.7016323,4
C06162,12.9577366,77.7086485,6
C06163,13.0811437,77.4192174,1
C06164,13.0089319,77.5804278,1
C06165,12.9135892,77.6383047,10
C06166,12.9425359,77.6799763,2
C06167,12.971852,77.5964092,7
C06168,12.8450744,77.7772847,3
C06169,12.9164675,77.6048202,3
C06170,12.9540847,77.5800757,5
C06171,12.9241331,77.5663009,2
C06172,12.9783915,77.6357076,4
C06173,12.919694,77.5923364,3
C06174,13.0685996,77.6663343,1
C06175,12.95141,77.6992928,4
C06176,13.0649111,77.443381,3
C06177,12.9719534,77.641362,3
C06178,12.9652842,77.5345532,1
C06179,12.9588237,77.5936181,10
C06180,13.0145146,77.5735683,6
C06181,13.0084817,77.6232758,7
C06182,13.0551563,77.6014292,3
C06183,12.9268233,77.6164922,1
C06184,12.800866,77.5727876,13
C06185,12.9541962,77.6988356,3
C06186,12.9703846,77.6410286,2
C06187,12.981769,77.595307,4
C06188,12.9810568,77.5583911,8
C06189,12.9759486,77.6253838,3
C06190,12.809469,77.6879683,8
C06191,12.9706973,77.6071349,7
C06192,13.1228903,77.5755659,2
C06193,13.0104745,77.6151332,2
C06194,12.9243992,77.5972576,6
C06195,12.9686273,77.7499967,1
C06196,13.0259481,77.6372048,3
C06197,13.026204,77.6039342,1
C06198,12.9404349,77.5254297,2
C06199,12.9556172,77.7148511,3
C06200,13.0145068,77.5743315,3
C06201,13.0067831,77.5490101,2
C06202,12.96905,77.6483249,2
C06203,12.9917603,77.5705724,17
C06204,13.0147224,77.6515616,12
C06205,12.9188448,77.6104372,1
C06206,12.8602271,77.7926152,10
C06207,12.9262377,77.6988568,3
C06208,13.0020286,77.7395417,4
C06209,12.9795775,77.5952507,3
C06210,12.9515158,77.5861858,2
C06211,12.949295,77.5931079,7
C06212,12.9546121,77.5925043,4
C06213,12.8391708,77.6573722,2
C06214,12.9080891,77.6242973,1
C06215,12.9551831,77.5930617,2
C06216,12.974056,77.6195173,1
C06217,13.0277102,77.5760025,3
C06218,12.9103497,77.6100414,1
C06219,12.9363723,77.5682018,3
C06220,12.8828555,77.5660366,9
C06221,12.9940673,77.7321553,8
C06222,12.9701642,77.6939213,3
C06223,13.0060466,77.5650785,3
C06224,13.0016752,77.570255,12
C06225,12.9417196,77.5853932,5
C06226,12.9057731,77.6125928,3
C06227,12.8422904,77.6186599,1
C06228,12.9577566,77.5696795,4
C06229,13.0392632,77.7478367,6
C06230,13.0425451,77.5731447,2
C06231,12.9471935,77.5678365,4
C06232,12.9864281,77.5952553,3
C06233,12.9809599,77.6366942,3
C06234,13.0415766,77.6204588,1
C06235,13.0086014,77.499649,3
C06236,12.9208072,77.580108,7
C06237,12.9045059,77.5613181,2
C06238,12.9727202,77.5294725,3
C06239,12.9753518,77.7113039,2
C06240,12.9452266,77.5814377,4
C06241,12.9452383,77.6289337,3
C06242,12.9692549,77.6023796,2
C06243,13.0605539,77.6251495,8
C06244,12.9545702,77.5447288,6
C06245,12.93639,77.6160951,2
C06246,12.8823845,77.6782251,5
C06247,12.8950921,77.5550909,5
C06248,13.0579231,77.6504167,5
C06249,13.0252044,77.6057928,1
C06250,13.0030981,77.5719805,7
C06251,13.0200701,77.5544961,2
C06252,13.0608064,77.6192477,3
C06253,13.0008166,77.5505845,21
C06254,12.9453791,77.5286172,4
C06255,13.0830264,77.6437732,3
C06256,13.0571432,77.593182,1
C06257,13.126245,77.566148,9
C06258,12.9762175,77.5993135,1
C06259,12.9566646,77.7148148,2
C06260,12.960334,77.7187368,3
C06261,12.8407641,77.5972615,9
C06262,12.9706169,77.6470962,6
C06263,12.9703082,77.636649,3
C06264,12.9610086,77.7162207,4
C06265,12.9564964,77.7099936,2
C06266,12.9836392,77.5855122,4
C06267,12.9572645,77.6594333,3
C06268,12.9688232,77.6137157,7
C06269,12.9652398,77.5346811,7
C06270,12.9275311,77.5457901,5
C06271,12.845865,77.7752957,3
C06272,12.9603147,77.6371987,6
C06273,12.9787936,77.5874071,3
C06274,12.964155,77.6387585,2
C06275,12.9600943,77.5322543,3
C06276,12.9947937,77.6154296,4
C06277,13.023272,77.5615952,6
C06278,13.0419839,77.5557271,3
C06279,12.9862109,77.5563151,1
C06280,12.9759999,77.6318654,3
C06281,12.9779764,77.6364717,4
C06282,13.0016786,77.5503911,4
C06283,12.9977886,77.7052095,6
C06284,12.916089,77.6351761,7
C06285,12.9027732,77.5837541,2
C06286,12.9902985,77.5708444,2
C06287,13.0324751,77.73094,2
C06288,13.0145543,77.5820008,5
C06289,12.886737,77.6058237,9
C06290,12.9358801,77.5175515,3
C06291,12.9882809,77.5345825,3
C06292,13.0976563,77.57052,9
C06293,12.8829195,77.5831564,5
C06294,13.0710107,77.5280137,5
C06295,12.9482059,77.5987156,1
C06296,12.9441664,77.5969354,5
C06297,12.8060222,77.6990896,2
C06298,12.9646789,77.6775679,2
C06299,13.0081055,77.6462934,3
C06300,13.0333056,77.5558276,2
C06301,12.9791513,77.6411317,3
C06302,12.9725792,77.605539,1
C06303,12.9508407,77.6235723,6
C06304,12.9194397,77.6098966,7
C06305,13.1215659,77.6250507,1
C06306,13.1767348,77.6520502,7
C06307,13.0425476,77.5862489,2
C06308,12.9672031,77.541844,6
C06309,12.9617224,77.6366211,3
C06310,12.9930832,77.5952394,3
C06311,13.0104936,77.5839709,3
C06312,13.1991497,77.7084515,8
C06313,12.9699145,77.639208,1
C06314,12.8847701,77.6080296,5
C06315,13.0608187,77.5873,7
C06316,13.069536,77.6518323,5
C06317,12.9925175,77.5386168,17
C06318,12.9306982,77.5474396,2
C06319,13.023783,77.6399492,6
C06320,13.0087339,77.6134749,3
C06321,12.9315341,77.7341741,8
C06322,12.9852368,77.6679566,3
C06323,12.9228196,77.6095716,3
C06324,12.9811057,77.6102575,8
C06325,12.8428119,77.6807481,2
C06326,12.981434,77.5957136,1
C06327,13.0115423,77.5553238,2
C06328,12.9062422,77.5432349,5
C06329,12.9728117,77.6171498,9
C06330,12.9482159,77.5859175,4
C06331,12.9135524,77.666354,8
C06332,12.9916281,77.570791,1
C06333,13.0102168,77.6580368,2
C06334,12.9544169,77.6485871,3
C06335,12.9835372,77.5858502,3
C06336,12.9340007,77.6155974,4
C06337,12.9024293,77.5688598,5
C06338,12.976095,77.7412921,2
C06339,12.9298531,77.6831469,4
C06340,12.9086283,77.6236311,3
C06341,13.0127702,77.6466864,2
C06342,13.0243106,77.5864003,3
C06343,12.987855,77.782224,3
C06344,12.8606652,77.7827104,3
C06345,12.9258679,77.6174532,3
C06346,12.9589142,77.7221054,4
C06347,12.9422501,77.697291,2
C06348,12.9336927,77.6224652,8
C06349,12.9928951,77.5887322,1
C06350,13.0729979,77.6228048,2
C06351,12.9856908,77.695283,23
C06352,12.9134871,77.6063457,2
C06353,13.1345227,77.7756037,1
C06354,12.9629203,77.605072,6
C06355,12.9288924,77.5574318,1
C06356,13.038891,77.6416016,3
C06357,12.9754442,77.6032582,15
C06358,12.9767481,77.6000646,1
C06359,12.9151076,77.5520366,1
C06360,12.9086807,77.6486567,1
C06361,12.9647441,77.587909,6
C06362,12.917235,77.5738847,7
C06363,13.0292949,77.5549852,2
C06364,12.9287843,77.6920128,5
C06365,12.8596911,77.5286883,9
C06366,12.9784994,77.597578,12
C06367,12.8657795,77.5392947,3
C06368,13.0260313,77.5462675,1
C06369,12.981032,77.6476959,2
C06370,12.9904671,77.5880858,2
C06371,12.9541032,77.717559,3
C06372,12.9759635,77.717752,3
C06373,12.9130455,77.5557129,7
C06374,13.0305385,77.5698806,8
C06375,13.0308263,77.63508,3
C06376,12.9388733,77.5526901,7
C06377,12.9672706,77.5177583,4
C06378,12.9099561,77.6100099,3
C06379,12.9418098,77.5558913,6
C06380,13.0209293,77.5255284,3
C06381,12.9884716,77.5558826,14
C06382,13.1911701,77.6460017,1
C06383,12.9134132,77.6047308,2
C06384,12.9418173,77.5938336,3
C06385,12.9921674,77.5683888,5
C06386,12.9607235,77.5285201,8
C06387,12.9497864,77.6990755,3
C06388,12.9383537,77.5802162,1
C06389,12.9656224,77.5954265,6
C06390,12.93157,77.5886035,6
C06391,12.9390473,77.6283697,1
C06392,12.9603053,77.5295505,3
C06393,13.0553431,77.6018446,1
C06394,12.9216656,77.5808654,2
C06395,12.9715465,77.536606,2
C06396,12.9386176,77.6288681,6
C06397,12.9813757,77.5632861,4
C06398,12.9864281,77.7166625,1
C06399,12.9659423,77.5925731,6
C06400,12.9973807,77.5411122,1
C06401,12.9986239,77.542782,4
C06402,12.9911799,77.7176639,2
C06403,12.9683779,77.5380113,3
C06404,13.0191781,77.5709043,5
C06405,12.9335142,77.6151725,5
C06406,12.9361984,77.6214666,8
C06407,12.9531249,77.5713559,3
C06408,12.960896,77.5746404,4
C06409,12.9684968,77.6063205,2
C06410,13.0262951,77.5487549,4
C06411,13.0109716,77.5898822,5
C06412,13.0673937,77.5540835,3
C06413,12.9611373,77.7185673,1
C06414,12.9493264,77.5679362,4
C06415,12.9830719,77.5969133,4
C06416,12.9478734,77.580172,2
C06417,13.0984813,77.573668,1
C06418,12.9291956,77.5624757,9
C06419,13.0213714,77.5630988,5
C06420,13.0046704,77.5784545,3
C06421,13.0278433,77.6043961,1
C06422,12.9303858,77.5839445,2
C06423,12.9422581,77.7473698,8
C06424,12.9594664,77.7183037,4
C06425,13.0163723,77.5203387,2
C06426,12.9122041,77.5784992,5
C06427,12.9432633,77.5427751,2
C06428,13.024837,77.592089,9
C06429,12.9875682,77.5504525,9
C06430,12.9588998,77.6649918,2
C06431,12.9921933,77.566505,2
C06432,12.9574238,77.569714,1
C06433,12.9861534,77.5382018,1
C06434,12.9243332,77.6737469,1
C06435,12.8872263,77.5541857,4
C06436,13.0865152,77.5937177,3
C06437,13.1111301,77.6043597,1
C06438,12.9383652,77.6983376,3
C06439,12.9904097,77.5891785,5
C06440,13.0251206,77.7622055,5
C06441,13.0492614,77.5541009,1
C06442,12.9640386,77.6066011,3
C06443,12.9935413,77.5740867,1
C06444,13.0281613,77.5793947,6
C06445,13.1219137,77.6112879,6
C06446,13.0219685,77.5616946,2
C06447,13.0298326,77.5534828,2
C06448,13.0234478,77.6282108,2
C06449,12.9562076,77.6947064,1
C06450,12.9611856,77.6388419,4
C06451,12.975622,77.666082,3
C06452,13.0511145,77.6216144,7
C06453,13.0201491,77.6516628,2
C06454,13.134891,77.667885,2
C06455,12.9636047,77.5773314,1
C06456,12.9962442,77.6965188,2
C06457,12.9155759,77.4444991,1
C06458,12.9823184,77.6099499,7
C06459,13.0575735,77.633121,2
C06460,12.8734934,77.4343507,4
C06461,12.8696154,77.5969714,3
C06462,12.9527838,77.5773469,1
C06463,12.9555082,77.7005091,3
C06464,12.8727543,77.566445,5
C06465,12.9509145,77.5918962,1
C06466,12.9961919,77.6115235,6
C06467,12.9067133,77.5768586,2
C06468,12.9637461,77.6423898,2
C06469,12.9568137,77.7418407,5
C06470,12.9744947,77.6099658,2
C06471,12.9394464,77.5838952,3
C06472,12.9149192,77.5951905,3
C06473,12.9654318,77.52312,4
C06474,13.0486481,77.5495673,1
C06475,12.916598,77.6086222,1
C06476,12.8829214,77.5662397,5
C06477,13.0407038,77.6245285,7
C06478,12.9723831,77.6184938,2
C06479,12.9761907,77.6026409,3
C06480,13.0464358,77.7505035,4
C06481,12.9650246,77.5700688,5
C06482,12.9048595,77.6403067,1
C06483,12.9273559,77.5861504,2
C06484,12.9757998,77.5605585,3
C06485,12.974315,77.6366178,5
C06486,12.9166576,77.5970419,19
C06487,12.9976962,77.6966942,3
C06488,12.9934162,77.608356,1
C06489,12.9107867,77.5454871,4
C06490,13.0032759,77.5723419,8
C06491,12.9352024,77.69745,4
C06492,12.9217946,77.6698299,2
C06493,13.0564209,77.5072784,6
C06494,12.9073316,77.6109008,5
C06495,12.9277786,77.7458859,2
C06496,12.9726369,77.5278728,4
C06497,12.942301,77.6946741,7
C06498,12.961232,77.6388037,8
C06499,12.9809503,77.6935452,3
C06500,12.9715076,77.6943046,3
C06501,12.9268392,77.4827859,8
C06502,12.9959934,77.6128949,1
C06503,12.9876183,77.745951,5
C06504,12.949167,77.5829491,1
C06505,13.0417641,77.5905954,7
C06506,13.0602839,77.6413478,3
C06507,12.9749602,77.5933387,8
C06508,13.0840339,77.6348081,5
C06509,12.8020429,77.5749292,1
C06510,13.0272537,77.5774582,9
C06511,12.9642875,77.5699161,10
C06512,13.1561232,77.681043,6
C06513,12.9450817,77.6242547,2
C06514,12.8887812,77.6158231,3
C06515,12.9900238,77.4435299,4
C06516,12.9469329,77.5238422,2
C06517,12.918619,77.5575275,11
C06518,13.0219792,77.5846105,4
C06519,12.9209269,77.6514784,1
C06520,12.9963012,77.6135088,4
C06521,13.0041618,77.5491817,3
C06522,12.9395163,77.7229393,3
C06523,13.0247481,77.7617897,3
C06524,13.0630176,77.5918405,6
C06525,12.9490968,77.5109533,7
C06526,12.8692835,77.5756453,4
C06527,13.0507698,77.6211686,3
C06528,12.9530434,77.5737413,3
C06529,12.9848221,77.7111977,3
C06530,12.9095054,77.6125948,2
C06531,12.9828904,77.7183486,5
C06532,12.9741205,77.6729001,5
C06533,12.9282849,77.5868566,10
C06534,13.0045752,77.7177464,8
C06535,12.9515319,77.5835405,2
C06536,12.9597398,77.6470189,6
C06537,12.9645916,77.5308035,2
C06538,12.9876889,77.5496471,5
C06539,13.0304655,77.6088898,2
C06540,12.9050954,77.5625485,2
C06541,13.0719995,77.5561432,4
C06542,12.9449013,77.5968265,1
C06543,12.9626965,77.637232,1
C06544,13.0935051,77.5279929,3
C06545,12.9440595,77.6517665,4
C06546,12.9778557,77.5733035,3
C06547,12.9244765,77.6668659,1
C06548,12.9687592,77.6012991,2
C06549,12.9564637,77.5337655,4
C06550,13.0104342,77.6583242,5
C06551,12.9819703,77.6441862,3
C06552,13.0200444,77.6434466,7
C06553,12.9783775,77.63577,4
C06554,12.8842756,77.7761239,2
C06555,12.9706522,77.5978108,3
C06556,13.1263579,77.5916129,1
C06557,12.9069025,77.5416358,3
C06558,12.9947968,77.6152664,7
C06559,12.9136816,77.6077065,5
C06560,12.9286181,77.7393805,9
C06561,12.9931426,77.5215787,3
C06562,12.9732274,77.5990105,9
C06563,13.1652573,77.668347,3
C06564,12.9763652,77.7046761,9
C06565,12.865897,77.599341,3
C06566,13.0632511,77.5910266,5
C06567,13.1542402,77.6400268,9
C06568,12.9191977,77.6655755,3
C06569,12.9814061,77.6375417,4
C06570,12.871679,77.5426749,8
C06571,12.9263011,77.7261096,3
C06572,12.9952882,77.7177093,1
C06573,12.9818723,77.5637939,15
C06574,12.9521677,77.5204637,2
C06575,12.9752996,77.6031962,4
C06576,13.0061245,77.5647023,7
C06577,12.9683669,77.7061857,2
C06578,13.0832148,77.6435867,2
C06579,12.9783995,77.5725967,4
C06580,12.9785758,77.6404995,1
C06581,12.9240167,77.5798117,3
C06582,12.9275465,77.5757852,4
C06583,12.9687933,77.6063684,3
C06584,12.8328089,77.5906929,1
C06585,12.9805233,77.6288041,10
C06586,12.9190717,77.5936093,4
C06587,12.9936464,77.6615489,9
C06588,12.9728315,77.603711,3
C06589,12.9966914,77.5730785,2
C06590,12.9343841,77.6127469,4
C06591,12.9386168,77.6968877,3
C06592,12.9072819,77.6065286,1
C06593,12.9671849,77.5925648,9
C06594,12.9775623,77.6410916,2
C06595,12.9246557,77.5798061,1
C06596,12.912755,77.6353859,8
C06597,12.9748113,77.6703641,2
C06598,12.9858573,77.7081566,2
C06599,13.1998803,77.6349682,1
C06600,12.9757386,77.5711567,11
C06601,12.9879713,77.5402233,1
C06602,12.9221365,77.5204974,3
C06603,12.9653758,77.5371458,6
C06604,12.9857167,77.427429,4
C06605,12.9587496,77.6566095,3
C06606,13.1039315,77.5743994,1
C06607,12.9933042,77.6131994,2
C06608,13.0246407,77.6415589,4
C06609,12.987796,77.537777,2
C06610,13.1025917,77.5960339,4
C06611,13.049136,77.6453912,5
C06612,12.9805426,77.6405571,7
C06613,12.9300073,77.6831267,1
C06614,12.9307493,77.5782213,15
C06615,12.8488983,77.6575628,6
C06616,12.9228908,77.5143398,3
C06617,12.9471046,77.6807231,7
C06618,12.9278495,77.5462411,17
C06619,12.9094755,77.5517032,1
C06620,12.967123,77.7187148,3
C06621,12.9823231,77.6038881,1
C06622,12.8605083,77.78008,4
C06623,12.9730707,77.6471088,4
C06624,12.9464207,77.5920877,3
C06625,13.0218605,77.5925224,2
C06626,13.1214566,77.6219934,1
C06627,13.0614616,77.6417635,4
C06628,12.9955728,77.5414094,9
C06629,12.9603801,77.6367912,2
C06630,13.0044375,77.5816016,5
C06631,12.8962931,77.6357338,1
C06632,12.9922532,77.5913119,5
C06633,12.9299283,77.6884809,3
C06634,12.8231413,77.6674188,2
C06635,12.9124842,77.6804597,2
C06636,12.9060712,77.5922254,3
C06637,12.9731241,77.6136623,4
C06638,13.0089055,77.4194221,1
C06639,12.9909378,77.4724563,3
C06640,12.9590643,77.5766371,3
C06641,12.9436624,77.5419997,2
C06642,12.9690389,77.6481056,12
C06643,12.8931436,77.5856019,2
C06644,12.9918012,77.5379737,2
C06645,13.0220604,77.638771,2
C06646,13.1057039,77.5774402,12
C06647,13.0116335,77.5554138,5
C06648,13.0435142,77.6018306,2
C06649,12.843408,77.6442785,7
C06650,13.0294938,77.5618421,4
C06651,13.0452407,77.6265876,4
C06652,13.0236171,77.6299246,3
C06653,12.9362755,77.6156791,2
C06654,12.9698611,77.6029825,4
C06655,12.9337032,77.6215317,2
C06656,12.9988048,77.640553,12
C06657,12.9364072,77.621398,1
C06658,12.9397017,77.7225877,10
C06659,12.8405564,77.6514101,3
C06660,12.9713976,77.7081023,4
C06661,12.9751034,77.6028435,6
C06662,12.9743291,77.5449371,2
C06663,12.9875688,77.622314,6
C06664,13.0102788,77.5553865,1
C06665,13.1740381,77.5403676,2
C06666,12.9703537,77.7127228,2
C06667,12.9512846,77.6230246,1
C06668,12.8960869,77.5860483,3
C06669,12.9519538,77.4987844,4
C06670,12.9748468,77.6789407,5
C06671,12.9982941,77.608715,4
C06672,12.9855722,77.6019143,2
C06673,12.8755011,77.5806222,4
C06674,12.9652059,77.5346742,4
C06675,12.9196229,77.6130998,6
C06676,13.0222447,77.638384,6
C06677,13.0026039,77.6347249,3
C06678,12.9704409,77.6422083,2
C06679,12.9008254,77.7111061,2
C06680,12.8906991,77.6090805,2
C06681,12.9178136,77.5561808,3
C06682,12.8438792,77.6118972,4
C06683,12.939978,77.7467408,5
C06684,12.8977323,77.5858706,3
C06685,13.123549,77.619059,3
C06686,12.9315457,77.6096252,4
C06687,13.0174924,77.5891779,2
C06688,12.9227182,77.5839297,2
C06689,12.9312249,77.6225603,1
C06690,12.9783093,77.6426202,2
C06691,12.9294702,77.4868321,5
C06692,12.9419888,77.6230815,2
C06693,12.8625695,77.5905278,3
C06694,12.9745892,77.6196447,5
C06695,12.9473511,77.7089272,5
C06696,12.8594794,77.6344242,2
C06697,13.0206985,77.5844552,7
C06698,12.9481188,77.5806443,7
C06699,12.9987756,77.6779628,2
C06700,13.0423775,77.7607737,2
C06701,13.0267913,77.6658288,8
C06702,13.1022087,77.6301433,3
C06703,12.9642935,77.6399182,1
C06704,12.9104408,77.5905547,1
C06705,12.9206511,77.6359691,3
C06706,12.9785803,77.5874857,1
C06707,13.007551,77.5793716,2
C06708,12.9732714,77.635996,3
C06709,12.9906745,77.652392,9
C06710,12.9022049,77.5358062,3
C06711,12.9168148,77.5040278,7
C06712,13.0942914,77.5459382,9
C06713,12.9124437,77.6417882,9
C06714,12.9876073,77.7468515,4
C06715,12.9237424,77.5798372,1
C06716,13.0185548,77.5711095,5
C06717,12.9803328,77.525118,7
C06718,12.9180306,77.6381771,3
C06719,12.9842206,77.5376737,11
C06720,12.951213,77.5941732,6
C06721,13.0144549,77.7010779,5
C06722,12.9246386,77.6149532,7
C06723,12.9720322,77.680349,4
C06724,12.9539599,77.5847183,1
C06725,12.952392,77.6044575,2
C06726,13.0056571,77.5690976,8
C06727,12.9571991,77.738507,2
C06728,12.9690393,77.6936106,3
C06729,12.9331913,77.6230591,2
C06730,12.9611473,77.5982936,12
C06731,12.9824081,77.6378814,11
C06732,12.9362155,77.6259241,2
C06733,12.8931072,77.5912535,4
C06734,12.9137418,77.6063534,2
C06735,12.9361615,77.6224708,5
C06736,12.9229439,77.6757363,5
C06737,12.9676371,77.7493669,6
C06738,12.9338344,77.7584618,4
C06739,13.0798991,77.5124437,26
C06740,12.9391708,77.5841596,2
C06741,12.9100937,77.5504475,1
C06742,13.0209402,77.6792145,3
C06743,12.8001702,77.7148444,1
C06744,12.9198873,77.649348,1
C06745,12.9114084,77.6402556,2
C06746,13.0037901,77.5691874,2
C06747,12.9484631,77.5798653,2
C06748,13.0241668,77.6369165,5
C06749,12.8438148,77.5511411,2
C06750,13.0550473,77.5347785,3
C06751,13.0688957,77.5550153,6
C06752,12.989347,77.5559959,2
C06753,12.9422163,77.6228522,3
C06754,12.9856477,77.6017275,4
C06755,12.9744413,77.610045,1
C06756,13.0069226,77.6399189,1
C06757,13.0705095,77.5557029,4
C06758,13.1792446,77.6210099,5
C06759,12.9329953,77.6146513,14
C06760,12.9985875,77.5695254,4
C06761,12.9307116,77.6268424,6
C06762,12.9861037,77.6048389,3
C06763,12.9502519,77.7173864,4
C06764,12.9877854,77.5385786,11
C06765,12.9302122,77.5150097,1
C06766,13.1040859,77.5705554,4
C06767,12.8593687,77.7898968,15
C06768,12.9863422,77.5982398,4
C06769,12.9206268,77.6850302,11
C06770,12.9512485,77.5903317,2
C06771,12.930044,77.4925848,3
C06772,12.9565561,77.5291798,3
C06773,12.8970998,77.5966803,1
C06774,12.9306698,77.5812807,1
C06775,12.9626572,77.6436102,2
C06776,12.8917386,77.5790448,6
C06777,12.904979,77.5646338,6
C06778,12.8751141,77.7666045,4
C06779,12.9629186,77.6126991,6
C06780,12.9762351,77.6083815,3
C06781,12.9600263,77.6449347,8
C06782,12.9607015,77.7145185,3
C06783,12.9782029,77.6392532,3
C06784,12.9608059,77.6372084,3
C06785,13.029318,77.5387997,5
C06786,12.9503444,77.7462664,2
C06787,12.9823055,77.6082648,7
C06788,13.0024805,77.5259388,2
C06789,12.9880925,77.7463754,2
C06790,12.9212787,77.66221,5
C06791,12.9721009,77.4604784,3
C06792,12.9874537,77.5385384,2
C06793,12.9861036,77.670047,6
C06794,13.0474322,77.6285008,2
C06795,13.0013126,77.6238641,3
C06796,12.9485634,77.6982951,9
C06797,12.9715984,77.59652,10
C06798,12.9814915,77.6083334,10
C06799,12.9836299,77.6064657,3
C06800,13.0079659,77.7408356,8
C06801,13.0212414,77.6415983,2
C06802,12.9963493,77.6953479,2
C06803,12.9994472,77.6162584,1
C06804,12.8701786,77.6548332,11
C06805,12.9752578,77.5932697,2
C06806,13.0326661,77.7936337,3
C06807,12.9185148,77.5930565,2
C06808,13.0217968,77.6029889,5
C06809,12.9809918,77.7116952,3
C06810,12.9305589,77.4850273,1
C06811,12.9393619,77.6094321,5
C06812,12.8880139,77.5631493,1
C06813,12.9141469,77.6116922,2
C06814,12.9466123,77.6218766,1
C06815,12.9131875,77.6257144,1
C06816,12.9967359,77.6142917,4
C06817,12.9659306,77.6616713,1
C06818,13.0649229,77.6517266,1
C06819,12.9817215,77.6056207,3
C06820,12.9085772,77.6499484,2
C06821,12.9858641,77.7082776,13
C06822,12.985543,77.6930621,12
C06823,12.8846027,77.5522768,2
C06824,13.0017943,77.6236731,5
C06825,13.0632045,77.592116,6
C06826,12.9974759,77.5602881,2
C06827,13.023254,77.6373861,1
C06828,12.9362323,77.5175665,3
C06829,12.9479636,77.5682196,3
C06830,13.0939407,77.5818254,2
C06831,12.9593219,77.7462984,5
C06832,12.9445615,77.5680082,2
C06833,12.905429,77.583878,1
C06834,12.946588,77.6288423,4
C06835,12.90756,77.7964101,4
C06836,13.0448155,77.5569279,1
C06837,12.9753224,77.6255177,6
C06838,12.9724108,77.6414024,1
C06839,12.9652304,77.6104334,2
C06840,12.9314045,77.5924636,3
C06841,12.8718208,77.5426537,2
C06842,12.9855619,77.5491096,2
C06843,13.0856754,77.5557494,12
C06844,12.9595419,77.748401,2
C06845,13.0065047,77.5545009,18
C06846,13.0430177,77.5130488,5
C06847,13.1817272,77.7591126,4
C06848,12.9590688,77.7162436,5
C06849,12.9303756,77.583314,20
C06850,12.9944482,77.6634697,2
C06851,12.9783537,77.635859,2
C06852,12.9599896,77.6356743,2
C06853,12.9562278,77.5686719,3
C06854,12.9161183,77.6352486,1
C06855,12.984977,77.5535912,3
C06856,12.9133022,77.6064761,11
C06857,12.9512697,77.5945254,4
C06858,12.9942493,77.6613022,3
C06859,12.9698357,77.7497385,2
C06860,12.9179053,77.6242849,6
C06861,13.0098821,77.4138097,2
C06862,13.0219401,77.6026255,12
C06863,12.9943979,77.5839177,13
C06864,12.9421715,77.585355,4
C06865,12.9642609,77.7128559,3
C06866,12.8756708,77.6718705,7
C06867,13.0950191,77.5775303,7
C06868,13.0006702,77.6241339,2
C06869,12.988467,77.5936266,2
C06870,13.057719,77.6438735,1
C06871,12.9270546,77.5924036,4
C06872,12.9776273,77.5695903,5
C06873,12.9227574,77.4961638,1
C06874,13.0356116,77.5575791,2
C06875,12.9786742,77.6427655,1
C06876,12.9284055,77.5816846,2
C06877,12.9752032,77.6041852,5
C06878,12.9309841,77.5836457,2
C06879,12.9634944,77.5677992,3
C06880,13.1993633,77.7092372,1
C06881,13.0955217,77.5409808,4
C06882,12.9368179,77.6148469,3
C06883,12.9439008,77.6065864,2
C06884,12.9061299,77.5920538,3
C06885,12.9690741,77.6481302,4
C06886,12.9784436,77.6414352,2
C06887,13.0015161,77.6184996,1
C06888,12.9407143,77.5452009,12
C06889,13.1715485,77.5581007,2
C06890,12.9675896,77.5899521,3
C06891,12.9602774,77.5128417,7
C06892,12.9090973,77.6425409,39
C06893,12.9318712,77.7426857,1
C06894,12.9459208,77.5272291,5
C06895,13.1935086,77.4865293,2
C06896,12.9787621,77.6355097,2
C06897,12.9381687,77.5499568,2
C06898,13.1222805,77.6302967,2
C06899,13.079901,77.554396,3
C06900,12.8921612,77.6257291,1
C06901,12.9755632,77.5367385,6
C06902,12.908153,77.5346211,3
C06903,12.8507137,77.6481224,4
C06904,13.0708963,77.5913313,2
C06905,12.9293288,77.5877091,3
C06906,13.0003797,77.552997,4
C06907,12.9264311,77.6016717,1
C06908,12.9671432,77.716589,3
C06909,13.0693666,77.5550299,2
C06910,12.972638,77.5357479,2
C06911,13.016856,77.5682738,1
C06912,12.913347,77.606165,8
C06913,13.0220667,77.6302525,2
C06914,12.9607352,77.4831822,7
C06915,13.17415,77.5950592,7
C06916,12.9426523,77.5942721,1
C06917,12.9798531,77.7541055,2
C06918,13.0068079,77.5901833,20
C06919,13.012893,77.7615811,11
C06920,12.9481111,77.6211966,3
C06921,13.0268483,77.5764654,4
C06922,13.0241418,77.5861513,2
C06923,12.9756154,77.6173406,4
C06924,13.0692601,77.6953433,2
C06925,12.9669964,77.7158509,1
C06926,12.8354996,77.4009393,1
C06927,12.9396745,77.7267965,3
C06928,12.9534194,77.573307,2
C06929,12.8291096,77.5868076,3
C06930,12.9591066,77.6545193,2
C06931,12.9204899,77.5958314,2
C06932,12.9698139,77.6379119,6
C06933,12.908545,77.6446411,4
C06934,13.1927382,77.6441037,3
C06935,12.9891463,77.5559752,6
C06936,13.0648476,77.5596219,5
C06937,12.9694804,77.6457024,9
C06938,12.9576956,77.5663234,2
C06939,12.9298642,77.5183216,2
C06940,12.9950441,77.5885519,1
C06941,12.9230934,77.6515362,2
C06942,12.9950789,77.6082101,7
C06943,13.0330528,77.533757,8
C06944,12.9964957,77.5426562,7
C06945,13.070411,77.5911362,1
C06946,13.1091446,77.602978,7
C06947,12.9177197,77.5799118,1
C06948,13.1025178,77.5961521,6
C06949,12.9661151,77.7018878,3
C06950,12.9220603,77.593564,5
C06951,13.0238651,77.6370524,1
C06952,12.8456194,77.6588954,8
C06953,12.9115867,77.6398924,1
C06954,12.9650368,77.641796,2
C06955,13.0244837,77.6032818,2
C06956,13.0223417,77.6474158,1
C06957,12.9698924,77.7497282,4
C06958,12.9343711,77.6109597,12
C06959,13.0369408,77.5233884,21
C06960,12.9988132,77.5839495,4
C06961,13.0039772,77.5509235,7
C06962,13.033232,77.5690512,4
C06963,12.9205173,77.6329082,5
C06964,12.9111236,77.6775281,3
C06965,12.967143,77.7075125,4
C06966,12.9562307,77.6058639,5
C06967,12.9739174,77.5702629,2
C06968,12.9165578,77.6356311,3
C06969,12.9369036,77.7495017,3
C06970,13.0187276,77.6531389,6
C06971,13.0112166,77.6743939,2
C06972,13.0370182,77.6278442,3
C06973,12.983648,77.6090046,13
C06974,12.9552296,77.6883054,7
C06975,12.9556136,77.7202264,9
C06976,13.0434593,77.6423053,3
C06977,13.0291844,77.5590389,4
C06978,12.8570072,77.5399821,7
C06979,12.9690162,77.6936245,10
C06980,12.9750658,77.5976204,1
C06981,13.0178038,77.636448,1
C06982,12.9556558,77.7213933,8
C06983,13.0361167,77.6283119,3
C06984,12.9738255,77.6262686,2
C06985,12.9105606,77.6326899,1
C06986,12.9368711,77.6248696,2
C06987,12.8471961,77.6541674,1
C06988,12.9559235,77.5923618,14
C06989,12.9754622,77.555843,3
C06990,12.9065122,77.5904379,3
C06991,12.8713439,77.5831454,5
C06992,12.9793609,77.7490769,7
C06993,13.079106,77.5924753,6
C06994,12.9173125,77.5647372,7
C06995,13.0112702,77.5556794,2
C06996,12.9962972,77.5719247,3
C06997,13.0360827,77.575065,6
C06998,12.972691,77.5353502,2
C06999,12.9970064,77.6960134,3
C07000,12.9137938,77.6090636,4
C07001,12.8642338,77.5752249,6
C07002,12.9735246,77.5103522,1
C07003,12.9103939,77.481932,5
C07004,12.9708508,77.6474894,3
C07005,12.9678522,77.6364212,5
C07006,12.9475264,77.6171647,6
C07007,12.8816585,77.5506615,10
C07008,12.9849929,77.7503729,9
C07009,12.9734366,77.6163896,9
C07010,12.9265102,77.5839311,9
C07011,13.0008257,77.6328326,4
C07012,12.9264033,77.561157,3
C07013,12.9373748,77.5494778,6
C07014,12.9606146,77.5565401,6
C07015,13.0052006,77.5609014,3
C07016,12.9627848,77.7013932,4
C07017,13.0411801,77.6204098,3
C07018,12.8854513,77.5668613,2
C07019,12.9518835,77.6081632,8
C07020,12.9244017,77.5974792,3
C07021,13.1033835,77.6236098,14
C07022,12.9734573,77.6163064,1
C07023,13.0021742,77.6598831,2
C07024,13.0061761,77.5647018,3
C07025,12.9575682,77.7409586,7
C07026,13.099148,77.587717,4
C07027,13.0105633,77.5840397,4
C07028,12.9917881,77.5707312,2
C07029,12.9107288,77.5993819,1
C07030,12.9479768,77.5830381,4
C07031,12.971884,77.6554114,1
C07032,12.9717905,77.5372864,2
C07033,12.9917024,77.5703066,5
C07034,12.9658172,77.6048515,2
C07035,12.8774351,77.4902322,10
C07036,12.9666218,77.7141612,8
C07037,12.9835004,77.5963419,1
C07038,12.9612252,77.638419,2
C07039,12.9424297,77.6974177,1
C07040,12.9751544,77.6031683,2
C07041,12.8728416,77.5665732,6
C07042,12.9393832,77.6902156,2
C07043,12.9836565,77.6340156,5
C07044,12.9223362,77.5859995,1
C07045,12.9869837,77.4761025,6
C07046,12.8832909,77.5500857,2
C07047,12.9734282,77.6093454,3
C07048,12.978163,77.5717468,3
C07049,12.9398014,77.725466,1
C07050,12.9241122,77.5664449,1
C07051,12.8846179,77.596233,7
C07052,13.0275425,77.6043333,4
C07053,13.0388971,77.5896159,7
C07054,13.0227783,77.6014591,4
C07055,12.881085,77.4693753,4
C07056,12.9364031,77.6207917,1
C07057,12.9778982,77.5716,3
C07058,12.9534355,77.5846438,3
C07059,12.9065787,77.6822926,13
C07060,12.93599,77.5534094,5
C07061,12.9151576,77.6995704,10
C07062,12.914543,77.6123719,5
C07063,12.9731431,77.581687,2
C07064,12.9749545,77.6075277,4
C07065,12.9335749,77.5835766,4
C07066,12.9466304,77.6002559,2
C07067,13.0101269,77.5676903,3
C07068,13.0338576,77.568906,3
C07069,12.9689605,77.545613,10
C07070,12.9511568,77.622471,1
C07071,12.9077497,77.6445912,8
C07072,12.9413673,77.6240803,2
C07073,12.9300005,77.5703092,1
C07074,13.1982399,77.7137736,8
C07075,12.9760475,77.6046532,6
C07076,13.0049038,77.5694286,8
C07077,12.9757456,77.6022593,6
C07078,12.9071935,77.5602324,14
C07079,12.9972417,77.560491,5
C07080,12.9155609,77.6365815,3
C07081,12.8356629,77.6913067,4
C07082,12.9605112,77.6435673,8
C07083,12.8789245,77.5455065,2
C07084,13.0245647,77.5783085,2
C07085,12.9566683,77.7099226,3
C07086,12.9184735,77.670746,1
C07087,12.9344461,77.611403,4
C07088,12.8760994,77.5956161,1
C07089,12.9365646,77.6207273,3
C07090,13.0360107,77.5211853,6
C07091,13.0842726,77.5602567,2
C07092,13.0039371,77.5537911,11
C07093,12.9763991,77.6032637,1
C07094,12.9245272,77.5870647,8
C07095,12.9716726,77.6573587,5
C07096,12.9524178,77.5889783,1
C07097,12.9588514,77.5661045,22
C07098,13.0605545,77.7156056,3
C07099,12.9779713,77.5712469,2
C07100,13.0243119,77.5482645,1
C07101,13.027731,77.6317491,3
C07102,12.9724234,77.6518118,3
C07103,13.0266388,77.5911497,4
C07104,12.9759242,77.622773,3
C07105,12.9590696,77.6573858,5
C07106,12.9724422,77.6518046,3
C07107,12.9840501,77.596628,1
C07108,12.9564439,77.7340271,3
C07109,13.02241,77.697152,1
C07110,12.9497654,77.5840136,4
C07111,13.1025776,77.6282994,2
C07112,12.9966967,77.6921457,4
C07113,13.0264736,77.599251,8
C07114,12.9365363,77.5167879,2
C07115,13.0087275,77.6270271,7
C07116,12.8843556,77.5960661,2
C07117,12.9561392,77.7320097,11
C07118,12.9772724,77.636354,3
C07119,12.9430815,77.7472952,2
C07120,12.9165245,77.6032301,5
C07121,12.9747756,77.6151783,2
C07122,12.8825322,77.5660077,2
C07123,12.8876178,77.6030677,2
C07124,12.9136855,77.6051806,3
C07125,12.9593018,77.5683815,8
C07126,13.0712038,77.6731772,1
C07127,13.0272498,77.6329512,3
C07128,13.0217093,77.524089,5
C07129,12.9687626,77.636944,4
C07130,12.9852598,77.6442717,8
C07131,12.9811614,77.636668,3
C07132,13.1871393,77.7756191,3
C07133,12.924066,77.4982484,5
C07134,13.0071676,77.5790958,4
C07135,12.9668909,77.6093255,3
C07136,12.9089466,77.6495173,5
C07137,12.9123213,77.5855908,2
C07138,12.9730699,77.6409199,2
C07139,13.0354035,77.5283456,2
C07140,13.0530655,77.6050627,9
C07141,12.8298795,77.4120769,1
C07142,12.9879241,77.5370622,4
C07143,12.913857,77.6665123,3
C07144,12.9900777,77.590988,1
C07145,13.0080767,77.4848449,4
C07146,12.9942724,77.6288179,5
C07147,12.9957625,77.6949399,5
C07148,12.9125207,77.6064232,1
C07149,13.0333376,77.5329187,9
C07150,12.9364743,77.6166077,2
C07151,12.9572323,77.6179802,5
C07152,12.9698038,77.6163373,6
C07153,13.0195687,77.6371797,2
C07154,12.9326219,77.5161453,5
C07155,12.9987184,77.552661,3
C07156,12.9647359,77.7175667,1
C07157,13.0255127,77.6515929,8
C07158,12.9509047,77.6236201,2
C07159,12.9279589,77.6008251,2
C07160,13.055117,77.6460309,3
C07161,12.9064778,77.5959125,4
C07162,12.9670863,77.7025092,3
C07163,12.934193,77.61286,5
C07164,12.9607245,77.5464821,1
C07165,12.9656864,77.5962047,2
C07166,13.0648967,77.4434208,3
C07167,12.8362983,77.6250349,13
C07168,13.0358933,77.7357104,3
C07169,12.905899,77.5417339,7
C07170,13.0178803,77.5537255,3
C07171,12.9688998,77.6365675,2
C07172,12.9792377,77.6418762,3
C07173,12.9221941,77.5850375,3
C07174,12.8791199,77.6382724,5
C07175,13.0595453,77.5900956,9
C07176,13.0000391,77.6770943,4
C07177,12.9145208,77.5207033,8
C07178,12.9809601,77.6156482,2
C07179,12.9067581,77.58791,2
C07180,12.9759634,77.6026133,2
C07181,12.9984145,77.5558812,4
C07182,12.8496608,77.6638059,3
C07183,12.9588377,77.6551114,6
C07184,12.9269036,77.6828134,2
C07185,12.9568142,77.6538254,3
C07186,12.9664718,77.7279846,5
C07187,12.9516069,77.4718966,1
C07188,12.9643071,77.6437722,15
C07189,12.9446031,77.594529,3
C07190,12.9117609,77.6816564,1
C07191,12.957998,77.6037312,4
C07192,12.9063508,77.5863145,3
C07193,12.9993056,77.5494692,3
C07194,13.0346551,77.5678409,7
C07195,12.9846593,77.7511117,6
C07196,12.9235556,77.5798613,4
C07197,13.0193324,77.6335714,5
C07198,12.967881,77.5962129,3
C07199,12.9780953,77.5875155,12
C07200,12.9318415,77.6914263,1
C07201,12.9280908,77.6722201,4
C07202,12.9378558,77.5755369,3
C07203,12.9519422,77.6397478,6
C07204,12.9647608,77.5324347,2
C07205,12.9417827,77.6970843,1
C07206,12.9637778,77.6423423,4
C07207,13.0577032,77.5957551,4
C07208,12.9781121,77.7693161,9
C07209,12.9240635,77.553429,1
C07210,13.1945923,77.643401,7
C07211,12.9767716,77.5738816,17
C07212,12.8881605,77.5820229,3
C07213,12.9876847,77.4932046,1
C07214,13.1214057,77.6140329,2
C07215,12.8145595,77.7510973,3
C07216,13.0256601,77.4476441,5
C07217,12.9708568,77.6072945,2
C07218,12.9894133,77.5560959,10
C07219,13.0456386,77.6267858,2
C07220,12.8709825,77.7338236,1
C07221,12.9391792,77.7211107,7
C07222,12.9117456,77.6428015,1
C07223,12.8759706,77.5296955,3
C07224,12.9115888,77.5583535,29
C07225,12.9373532,77.6195239,3
C07226,12.9226136,77.5601654,2
C07227,13.0359019,77.58927,3
C07228,12.9784912,77.6414337,3
C07229,13.1341639,77.6695965,4
C07230,12.9752226,77.5955056,5
C07231,12.9389445,77.7244923,2
C07232,12.9120672,77.6492031,11
C07233,12.9130339,77.6101804,4
C07234,13.0295068,77.5401118,6
C07235,12.8834298,77.5900572,2
C07236,13.0188553,77.4982868,8
C07237,13.0011328,77.6116423,3
C07238,12.9593539,77.5266218,4
C07239,12.9118512,77.5525391,2
C07240,12.9227933,77.5835861,2
C07241,12.9256044,77.625335,5
C07242,13.1057125,77.57246,2
C07243,13.1354991,77.5790525,2
C07244,13.04098,77.6243953,2
C07245,12.9802784,77.6404705,5
C07246,12.9362684,77.6076884,2
C07247,12.9677004,77.5450862,3
C07248,12.8790829,77.7627101,3
C07249,12.9117627,77.6326055,1
C07250,12.9893217,77.5559902,1
C07251,13.0354596,77.5269947,4
C07252,12.8638253,77.5533518,2
C07253,13.0086889,77.5689221,7
C07254,12.9065319,77.5866397,7
C07255,12.9117442,77.6440855,5
C07256,13.1940925,77.6439815,12
C07257,13.0620593,77.648917,3
C07258,12.9653425,77.538099,5
C07259,12.987826,77.7477949,2
C07260,12.973603,77.6132599,18
C07261,12.9733018,77.6138178,13
C07262,12.8846245,77.5527796,3
C07263,13.0465803,77.5755743,4
C07264,13.0588652,77.581031,9
C07265,12.9567814,77.7169855,3
C07266,12.9092617,77.5817945,2
C07267,12.934784,77.6159841,6
C07268,12.9008369,77.6406211,4
C07269,12.9518521,77.7001674,4
C07270,12.9808281,77.6368027,2
C07271,12.9725727,77.6205365,1
C07272,12.8452479,77.6653173,4
C07273,12.9383181,77.7472979,6
C07274,13.059096,77.6431078,3
C07275,13.021693,77.6404039,9
C07276,12.994772,77.6613103,2
C07277,12.9783817,77.6362087,2
C07278,12.8863886,77.6095157,3
C07279,12.9438932,77.6235775,3
C07280,13.0274673,77.6319806,6
C07281,12.9795731,77.6455423,2
C07282,13.019212,77.5709043,9
C07283,13.0514401,77.576034,13
C07284,12.9577993,77.7009213,3
C07285,12.97387,77.5446917,8
C07286,12.9393831,77.5641393,2
C07287,12.9616161,77.5986353,7
C07288,13.0586588,77.591111,7
C07289,12.9060669,77.5836596,6
C07290,12.9368715,77.6888055,3
C07291,12.9557192,77.7220254,1
C07292,13.071136,77.589502,2
C07293,12.9702565,77.7122947,2
C07294,12.8790736,77.7626442,2
C07295,12.9756889,77.5636781,4
C07296,12.9688976,77.7015009,2
C07297,12.9153968,77.6491631,2
C07298,12.9116751,77.6350367,2
C07299,12.9961891,77.613053,2
C07300,13.0234578,77.5489865,7
C07301,13.0043554,77.5612818,2
C07302,13.0201254,77.5900049,2
C07303,13.0002247,77.5519605,2
C07304,12.9977215,77.5488179,4
C07305,12.8809055,77.6010003,5
C07306,12.9696313,77.6405798,1
C07307,12.9743829,77.6150015,7
C07308,12.9639276,77.6474771,9
C07309,13.0401032,77.6246913,2
C07310,12.9621218,77.6365629,2
C07311,12.9139511,77.5669835,2
C07312,12.9666911,77.6100815,2
C07313,12.9737451,77.6415863,4
C07314,12.9856803,77.5958897,1
C07315,12.9724885,77.6509541,2
C07316,13.0418385,77.6246847,10
C07317,12.9070086,77.5488113,2
C07318,12.9736104,77.5444382,8
C07319,12.9498669,77.5832425,4
C07320,13.066117,77.6522496,1
C07321,13.0608558,77.5875414,5
C07322,13.0709335,77.6181976,3
C07323,12.9700413,77.5764018,2
C07324,13.0422691,77.5939505,4
C07325,12.9692682,77.6001826,5
C07326,12.980734,77.5962515,5
C07327,13.0007619,77.6131533,8
C07328,12.9071172,77.6491754,4
C07329,12.9751276,77.6063409,1
C07330,12.8766966,77.7238784,2
C07331,12.9279421,77.5180765,26
C07332,12.9506209,77.6999061,6
C07333,12.9660376,77.636865,17
C07334,12.835383,77.691914,9
C07335,12.9839499,77.5985328,4
C07336,12.8616691,77.5301618,4
C07337,12.8835095,77.550214,3
C07338,12.9864393,77.5384424,1
C07339,12.9980774,77.5714891,3
C07340,13.1144958,77.5678568,8
C07341,12.9107203,77.6401718,2
C07342,12.9934248,77.4023451,4
C07343,12.9131153,77.6383089,6
C07344,12.9210987,77.6747058,2
C07345,13.0114169,77.5553237,2
C07346,12.9887846,77.555898,2
C07347,12.9784191,77.6644907,2
C07348,13.0840392,77.6083207,1
C07349,12.9234682,77.611734,2
C07350,12.9966318,77.6125763,9
C07351,12.887017,77.7394456,2
C07352,12.9305831,77.6917143,4
C07353,12.9168326,77.5935009,2
C07354,13.0730662,77.5463531,8
C07355,13.0029345,77.5692079,8
C07356,12.967911,77.5786751,6
C07357,12.9759637,77.6388269,4
C07358,12.9794497,77.5442417,3
C07359,12.9567864,77.6477462,1
C07360,12.9834716,77.5856742,13
C07361,12.9876547,77.7461854,2
C07362,12.8922081,77.5963134,5
C07363,12.9618944,77.5977432,7
C07364,12.9300348,77.6834526,2
C07365,12.9988904,77.5812055,7
C07366,12.9700219,77.6505553,6
C07367,12.9670037,77.7169213,11
C07368,13.0562529,77.6330993,2
C07369,12.9658458,77.6129135,1
C07370,13.0209141,77.5844951,2
C07371,12.986105,77.5563836,4
C07372,12.9193173,77.5041769,3
C07373,13.0571359,77.6020006,3
C07374,12.9929957,77.6618949,1
C07375,13.0076876,77.6683121,5
C07376,12.9269849,77.5929284,13
C07377,13.0167935,77.6471454,5
C07378,12.964766,77.582137,5
C07379,12.9567764,77.7436396,5
C07380,13.0077061,77.5793938,4
C07381,12.9050686,77.6351798,6
C07382,13.0400432,77.5184589,4
C07383,12.934561,77.58316,3
C07384,12.9560619,77.7259342,2
C07385,12.9651565,77.5379718,3
C07386,12.9605395,77.6357663,4
C07387,12.9779298,77.6364858,3
C07388,12.9937001,77.571322,4
C07389,12.9116204,77.5640184,5
C07390,12.9584471,77.5927218,6
C07391,12.9606907,77.5455229,8
C07392,12.9484427,77.5719805,4
C07393,12.917714,77.650247,1
C07394,13.04347,77.5630839,3
C07395,12.8762037,77.5957797,3
C07396,12.9599648,77.6503055,1
C07397,12.9947176,77.6153985,9
C07398,12.9160037,77.6523087,4
C07399,13.023827,77.6362254,4
C07400,13.0141068,77.4924104,9
C07401,12.9723821,77.6185949,2
C07402,12.9776756,77.5796673,5
C07403,12.9785367,77.5783186,3
C07404,13.008246,77.563189,3
C07405,12.8814551,77.5460213,2
C07406,12.9634508,77.7130514,11
C07407,12.9730957,77.5353937,3
C07408,12.9996636,77.6158292,5
C07409,12.9476021,77.5836666,1
C07410,12.9824045,77.5886066,8
C07411,12.9725162,77.6513556,7
C07412,12.9727433,77.5359075,4
C07413,12.9795556,77.6578756,3
C07414,12.9784149,77.6370616,4
C07415,12.9393671,77.7306117,16
C07416,12.9079284,77.4765748,1
C07417,12.917403,77.651532,6
C07418,12.897289,77.4612476,2
C07419,13.0083625,77.5604012,3
C07420,12.9708954,77.6409413,3
C07421,12.9786327,77.6426351,2
C07422,12.9651176,77.5897462,3
C07423,13.0043466,77.564775,2
C07424,13.0172861,77.5630367,7
C07425,12.9510776,77.5372343,1
C07426,12.9250658,77.6803525,5
C07427,12.9737476,77.6412627,3
C07428,12.9071324,77.5734008,1
C07429,12.9952849,77.5331941,4
C07430,12.9622752,77.7488416,1
C07431,12.9372179,77.5919066,3
C07432,12.9598806,77.5640252,1
C07433,12.9253183,77.6348207,5
C07434,12.978113,77.6357537,2
C07435,13.0314658,77.5034853,2
C07436,12.9061467,77.5909889,4
C07437,12.9197041,77.6491433,2
C07438,13.0298041,77.570686,3
C07439,12.8854954,77.5750342,1
C07440,12.9976423,77.6175048,5
C07441,12.9879478,77.5361198,11
C07442,12.9252358,77.5836801,23
C07443,12.9723819,77.5366665,4
C07444,12.9915977,77.5703852,6
C07445,12.9054456,77.6124051,1
C07446,12.9521048,77.5945294,10
C07447,13.0001684,77.6187683,6
C07448,13.0358537,77.5256143,2
C07449,12.9634063,77.7083686,8
C07450,12.9201772,77.6851549,3
C07451,12.8494061,77.6551636,2
C07452,12.9955818,77.5538957,5
C07453,13.0872716,77.5973622,2
C07454,13.121367,77.6175957,7
C07455,13.0346821,77.5351685,2
C07456,13.011695,77.5553974,2
C07457,12.9746771,77.6058099,2
C07458,12.9748489,77.578734,6
C07459,12.9568272,77.6984718,2
C07460,12.8841338,77.6434522,1
C07461,12.963694,77.4014239,2
C07462,12.9441339,77.5971889,3
C07463,12.9007691,77.5737005,1
C07464,12.9759883,77.6415288,1
C07465,12.9949401,77.554936,15
C07466,12.9823892,77.6075826,2
C07467,12.9635115,77.5519675,3
C07468,12.9836774,77.7520031,3
C07469,12.9685905,77.6063181,2
C07470,12.996313,77.70122,5
C07471,12.9699661,77.7501765,6
C07472,12.9389525,77.5566263,3
C07473,12.8467448,77.6716182,1
C07474,12.9623454,77.6825383,8
C07475,13.027416,77.5610663,3
C07476,13.0142197,77.4935623,11
C07477,12.9670171,77.6210126,1
C07478,12.9312664,77.6097492,4
C07479,13.0255533,77.6313982,13
C07480,13.0728957,77.5978397,3
C07481,12.9485137,77.6198203,3
C07482,13.0553214,77.6495031,4
C07483,12.9933017,77.570107,2
C07484,12.9778851,77.571259,3
C07485,12.9345892,77.754915,3
C07486,13.094746,77.5985867,2
C07487,12.9322049,77.6321901,8
C07488,13.1885074,77.5074771,5
C07489,13.0004968,77.5782583,4
C07490,13.0060923,77.756807,6
C07491,13.0257752,77.6588103,3
C07492,12.9475017,77.583829,2
C07493,12.9222198,77.6693649,2
C07494,13.0244058,77.5941852,3
C07495,12.9728468,77.7148942,2
C07496,12.9750489,77.5761449,2
C07497,12.9808923,77.6458843,2
C07498,12.974779,77.6654084,15
C07499,12.9524597,77.5773297,1
C07500,12.9639309,77.5962324,3
C07501,13.0532531,77.6460092,11
C07502,12.9220109,77.5953422,4
C07503,13.0894389,77.5560759,6
C07504,13.0337518,77.5689442,4
C07505,13.0285491,77.5791071,2
C07506,12.9104282,77.5910714,1
C07507,12.882734,77.5694669,4
C07508,13.0703809,77.5554238,2
C07509,12.8922509,77.5817283,2
C07510,12.9956247,77.6082206,2
C07511,13.0620051,77.5930638,11
C07512,12.955452,77.697866,18
C07513,12.9757077,77.6259807,4
C07514,12.9179115,77.6515449,2
C07515,12.9962277,77.7606531,1
C07516,13.1735343,77.5700547,5
C07517,12.9160946,77.6907512,12
C07518,13.049933,77.6453644,3
C07519,12.9994615,77.5495391,1
C07520,12.9558361,77.6930802,5
C07521,12.974002,77.6091093,7
C07522,13.0040769,77.6236546,1
C07523,13.0805504,77.6663499,4
C07524,12.8409899,77.6505563,5
C07525,13.0553748,77.6027984,3
C07526,12.9702024,77.6447081,2
C07527,12.9717014,77.6181421,7
C07528,12.985777,77.6051098,3
C07529,13.0088908,77.5491321,1
C07530,12.9429852,77.5460604,1
C07531,12.9760075,77.5763577,8
C07532,13.0664226,77.6405985,5
C07533,12.8919415,77.5817506,4
C07534,13.0249311,77.5629804,2
C07535,12.9870772,77.5785393,2
C07536,13.0718029,77.556033,2
C07537,13.0376774,77.5535627,2
C07538,12.9337755,77.6236693,1
C07539,12.9099865,77.599711,2
C07540,12.9385117,77.6903051,3
C07541,13.0584698,77.7559258,5
C07542,12.9051928,77.6113706,3
C07543,12.9756929,77.5358082,6
C07544,13.0298633,77.5605424,9
C07545,13.0657316,77.6174064,7
C07546,12.9210712,77.6517899,5
C07547,13.0233794,77.5839061,3
C07548,12.9256754,77.674607,2
C07549,12.9512957,77.5698327,6
C07550,12.8013305,77.5728771,11
C07551,12.9803841,77.639309,4
C07552,13.0241157,77.5504265,13
C07553,13.1514508,77.5608292,1
C07554,12.9927527,77.5559972,1
C07555,12.9966811,77.5696708,6
C07556,12.9867389,77.5801121,4
C07557,12.9908221,77.5958341,8
C07558,12.9966807,77.6954878,3
C07559,12.9420932,77.7441185,2
C07560,12.9026679,77.5858171,3
C07561,12.9918092,77.6019113,1
C07562,13.0000396,77.5714322,2
C07563,12.8762947,77.6164979,7
C07564,12.9481217,77.5820667,6
C07565,12.9878281,77.6003898,4
C07566,13.0077753,77.5637631,1
C07567,12.841367,77.6477623,3
C07568,13.0221222,77.6034687,1
C07569,13.037758,77.5744038,8
C07570,12.9301613,77.618137,2
C07571,12.964638,77.7148162,2
C07572,12.9816932,77.6012916,3
C07573,12.9725763,77.573524,2
C07574,12.9654654,77.5989089,9
C07575,13.049152,77.510442,2
C07576,13.1229022,77.5755887,1
C07577,12.8915698,77.5652629,1
C07578,12.9304328,77.5062892,3
C07579,12.9724172,77.6109785,2
C07580,12.9166485,77.5945955,1
C07581,12.911262,77.6414828,8
C07582,12.8353006,77.6846424,5
C07583,13.0103347,77.5553052,3
C07584,12.8260429,77.6820929,9
C07585,13.0242421,77.586542,5
C07586,13.0240899,77.6032598,2
C07587,12.9264213,77.500273,2
C07588,13.035149,77.551521,6
C07589,12.9814345,77.6283604,4
C07590,12.9747968,77.5383435,4
C07591,13.1062987,77.6013894,2
C07592,12.9206651,77.6843281,5
C07593,12.9631421,77.5086468,2
C07594,12.9364212,77.5482939,3
C07595,12.9831416,77.5593081,9
C07596,13.0083098,77.5801356,2
C07597,12.9450878,77.5857378,1
C07598,12.939879,77.7243301,2
C07599,13.0081221,77.6462629,7
C07600,13.0066602,77.5690944,4
C07601,12.9280849,77.5837319,3
C07602,13.1996664,77.7087072,2
C07603,12.9733385,77.6197399,5
C07604,12.8759903,77.5954284,2
C07605,12.9907312,77.5959415,4
C07606,13.1067845,77.6015257,2
C07607,13.0263529,77.5933929,2
C07608,12.8145374,77.7511771,2
C07609,12.9738939,77.6019636,3
C07610,12.9746275,77.5729169,3
C07611,12.8926535,77.4574515,4
C07612,12.9220705,77.6513571,1
C07613,12.9069739,77.4730955,2
C07614,12.9478299,77.6993579,3
C07615,13.0043509,77.5522566,10
C07616,13.0845049,77.5527571,2
C07617,12.9902385,77.5959682,4
C07618,12.9706238,77.5990824,9
C07619,12.90991,77.64474,1
C07620,13.0638503,77.5875648,4
C07621,12.9711734,77.6068338,2
C07622,13.0170546,77.5585966,2
C07623,12.9801622,77.605818,2
C07624,13.0606301,77.5650162,2
C07625,12.9256888,77.5798,22
C07626,12.9724329,77.6082882,6
C07627,13.007644,77.565718,7
C07628,12.9701661,77.650474,5
C07629,12.978141,77.6317635,1
C07630,13.026009,77.6016293,4
C07631,13.0456346,77.621195,7
C07632,12.990128,77.6630368,2
C07633,12.9780309,77.6337864,7
C07634,13.0412984,77.589549,5
C07635,12.9787052,77.6443155,12
C07636,12.9057639,77.5580003,2
C07637,12.9478878,77.5803242,2
C07638,12.964346,77.557164,3
C07639,13.099653,77.5761409,9
C07640,12.9190901,77.6709687,1
C07641,13.1435,77.6171315,1
C07642,12.8845979,77.5669701,4
C07643,12.9831187,77.6804448,2
C07644,12.9693452,77.5764784,3
C07645,12.9998283,77.571342,6
C07646,12.9766569,77.4645643,2
C07647,12.9982239,77.6153159,1
C07648,12.9650864,77.6441914,14
C07649,12.9813064,77.7277203,2
C07650,13.0385761,77.5045157,2
C07651,12.8415266,77.6476526,7
C07652,12.9761609,77.6244665,3
C07653,12.9807706,77.6563527,3
C07654,13.0671183,77.5934375,5
C07655,13.0429393,77.5901048,7
C07656,13.0898554,77.4847269,3
C07657,13.0952106,77.5972931,10
C07658,13.0090854,77.6969567,1
C07659,13.1825978,77.6732247,6
C07660,12.9487326,77.6201392,2
C07661,13.014761,77.5716875,9
C07662,12.9785401,77.6303791,4
C07663,12.9880757,77.5496789,2
C07664,12.9765318,77.641257,5
C07665,13.0269861,77.6041889,6
C07666,12.9763058,77.5991645,5
C07667,12.9657966,77.6366986,2
C07668,12.9295126,77.4966896,2
C07669,13.0047475,77.5487571,3
C07670,13.0208458,77.4985525,3
C07671,12.9079549,77.6758087,6
C07672,12.9622025,77.5950041,1
C07673,12.9676644,77.6429248,4
C07674,12.9189814,77.59559,3
C07675,12.9671694,77.5355723,2
C07676,12.9258462,77.6184377,2
C07677,12.9875977,77.6222821,3
C07678,12.9201787,77.6843798,1
C07679,12.9123687,77.6446939,2
C07680,13.0002582,77.6112114,2
C07681,12.9640865,77.7162943,5
C07682,12.8002018,77.5084045,2
C07683,12.9121081,77.6244415,3
C07684,12.8736166,77.6660808,10
C07685,12.9367342,77.6131209,7
C07686,13.0290733,77.53987,6
C07687,12.9343675,77.630024,2
C07688,12.9743317,77.6398645,5
C07689,12.9928964,77.5897796,3
C07690,13.0233507,77.550854,3
C07691,13.1843106,77.518481,4
C07692,13.084278,77.560395,2
C07693,12.8794231,77.7537112,9
C07694,13.0379362,77.6233891,3
C07695,12.9792015,77.6357981,5
C07696,13.0681854,77.5544429,9
C07697,12.961585,77.6364805,7
C07698,12.9827426,77.6066139,1
C07699,13.0284621,77.5719342,5
C07700,12.9159981,77.6900674,6
C07701,12.946108,77.7181414,6
C07702,12.9032477,77.6026985,2
C07703,12.9918561,77.4427372,2
C07704,13.0050412,77.5693726,7
C07705,12.9170012,77.6314422,2
C07706,12.9548165,77.5938582,3
C07707,12.9684666,77.7560498,10
C07708,12.9168983,77.5973772,3
C07709,12.9792905,77.6419588,2
C07710,13.0313936,77.6355645,2
C07711,13.1883808,77.6446306,4
C07712,12.9004039,77.6311919,1
C07713,13.0298262,77.6347261,3
C07714,12.9608368,77.5485824,4
C07715,13.0133693,77.6355793,8
C07716,12.991837,77.5376289,5
C07717,12.9778758,77.5529801,2
C07718,12.9814894,77.6101459,8
C07719,13.0053962,77.5671027,3
C07720,12.977256,77.5979819,1
C07721,12.9364148,77.6161388,3
C07722,12.9657625,77.5964496,9
C07723,12.9428196,77.7501283,4
C07724,12.9121235,77.6471927,3
C07725,12.9614013,77.5404833,10
C07726,12.9388287,77.6189463,1
C07727,12.9785071,77.5427848,1
C07728,12.9680705,77.6702137,1
C07729,12.9648841,77.5234607,4
C07730,12.9997138,77.5041185,4
C07731,12.969833,77.5775083,10
C07732,12.9955832,77.5413211,4
C07733,12.9430273,77.5261831,3
C07734,12.9130752,77.6801477,3
C07735,12.9568717,77.7391303,4
C07736,12.9285254,77.6000608,1
C07737,12.9322172,77.6142725,22
C07738,13.0951323,77.6936376,5
C07739,13.0983961,77.5732108,4
C07740,13.0242377,77.5421852,5
C07741,12.9576285,77.5339363,5
C07742,12.9658982,77.6366866,3
C07743,12.9402915,77.6198934,2
C07744,12.9258312,77.5858477,5
C07745,12.9066729,77.5773665,4
C07746,13.05809,77.6023671,2
C07747,12.9725159,77.6474442,9
C07748,12.9210217,77.6652526,4
C07749,13.156078,77.6811061,6
C07750,12.9705742,77.6452469,9
C07751,13.098909,77.596219,3
C07752,13.0588547,77.5927285,4
C07753,12.9082273,77.6477342,6
C07754,12.9934269,77.6991357,2
C07755,12.9995101,77.6180956,3
C07756,12.9365864,77.7499295,4
C07757,12.9635071,77.7315275,2
C07758,12.9914411,77.687507,17
C07759,12.9496068,77.5702581,1
C07760,12.945782,77.595251,1
C07761,13.0769949,77.4323516,8
C07762,12.8437851,77.6659275,5
C07763,13.198107,77.7137194,2
C07764,12.9164443,77.6063121,5
C07765,12.9081457,77.5929709,9
C07766,13.0043393,77.5743495,3
C07767,12.9841607,77.7504265,20
C07768,12.9984691,77.5535378,1
C07769,12.9733898,77.6072915,5
C07770,12.8831063,77.7501677,8
C07771,12.9724603,77.7506679,6
C07772,12.9966939,77.5687228,3
C07773,12.9775675,77.6272973,3
C07774,12.9584561,77.5857024,5
C07775,13.0313386,77.5906312,6
C07776,12.9876836,77.5724109,5
C07777,13.0840295,77.634815,7
C07778,13.0427796,77.5129645,2
C07779,12.881686,77.6279626,3
C07780,13.047261,77.6285531,2
C07781,12.9123279,77.6326755,3
C07782,12.9486126,77.5817491,7
C07783,12.9536706,77.5687703,4
C07784,12.9794394,77.6338116,21
C07785,12.9840248,77.6388407,4
C07786,12.955353,77.5927762,3
C07787,12.9915476,77.5703926,4
C07788,12.914689,77.4878557,2
C07789,12.9525075,77.5673681,3
C07790,12.970417,77.6447349,7
C07791,12.936358,77.4283936,4
C07792,12.9873816,77.5744969,2
C07793,12.9227715,77.6138446,2
C07794,13.0995253,77.576873,2
C07795,12.9819957,77.5997714,3
C07796,13.0147943,77.5708654,8
C07797,12.9665457,77.7171571,1
C07798,13.0516187,77.5954092,3
C07799,13.0810084,77.5806834,4
C07800,12.9829919,77.7335734,1
C07801,12.9782524,77.6429753,2
C07802,12.9114499,77.637948,2
C07803,13.1036908,77.5769356,2
C07804,13.030455,77.5797656,4
C07805,12.9745134,77.5493883,3
C07806,12.9594016,77.7484054,2
C07807,12.993611,77.699175,4
C07808,12.996933,77.6907742,11
C07809,12.9225341,77.5837833,10
C07810,12.9361524,77.6285782,1
C07811,12.847296,77.6742042,5
C07812,12.9658546,77.7025095,3
C07813,12.8388774,77.6783157,4
C07814,12.9120695,77.5869772,3
C07815,12.9802567,77.6404701,4
C07816,13.0401281,77.6343169,4
C07817,12.9849224,77.5552703,2
C07818,12.960133,77.6441523,2
C07819,12.9171255,77.6518903,2
C07820,12.9982443,77.5821694,4
C07821,12.9417462,77.580349,5
C07822,12.9582468,77.6660472,6
C07823,13.1014613,77.5994503,2
C07824,12.9251115,77.6206366,4
C07825,12.9816046,77.5637263,7
C07826,12.9434676,77.6178331,8
C07827,12.9702596,77.6096405,3
C07828,12.96257,77.6432823,3
C07829,12.9811648,77.7274396,4
C07830,12.9735519,77.6134666,1
C07831,12.9335943,77.6108114,3
C07832,12.9140663,77.6778241,6
C07833,13.0338003,77.5269317,5
C07834,12.970738,77.6105649,3
C07835,12.9731764,77.7105508,4
C07836,13.008301,77.5668108,2
C07837,12.9729604,77.7104561,5
C07838,13.0734449,77.503117,3
C07839,13.0468096,77.5690797,3
C07840,12.8580977,77.538998,3
C07841,12.9706249,77.6196167,3
C07842,12.9306773,77.5474666,2
C07843,12.9695947,77.5769459,5
C07844,12.9606488,77.7202352,3
C07845,12.9655446,77.601164,10
C07846,12.9595311,77.7480711,9
C07847,13.0553708,77.6029726,2
C07848,13.0291377,77.5638132,3
C07849,12.9517777,77.4997562,2
C07850,13.0231635,77.5263171,3
C07851,13.0328036,77.633289,13
C07852,12.891396,77.6340809,3
C07853,12.9738061,77.643948,4
C07854,12.9743509,77.6075148,5
C07855,12.9410125,77.5471954,2
C07856,13.0257078,77.6517029,2
C07857,12.9118035,77.6698033,1
C07858,12.9973719,77.5859279,2
C07859,12.9424578,77.5851229,1
C07860,12.9713834,77.6158386,5
C07861,12.9583738,77.6884769,14
C07862,12.9834239,77.7675566,4
C07863,13.0040647,77.6192601,1
C07864,13.0210072,77.6434284,2
C07865,12.9543065,77.5444531,2
C07866,12.9149661,77.5208319,2
C07867,12.9810881,77.639041,6
C07868,12.902777,77.5073782,6
C07869,12.9872315,77.5788262,1
C07870,12.97196,77.6011648,6
C07871,12.9571608,77.7390545,10
C07872,12.945333,77.5814591,13
C07873,13.0681288,77.6287561,25
C07874,13.0554481,77.6031972,2
C07875,12.862565,77.5430321,24
C07876,12.9615281,77.5751736,3
C07877,12.9557117,77.7277054,2
C07878,12.9169845,77.5933628,4
C07879,13.000939,77.5714485,2
C07880,12.8705684,77.5830835,4
C07881,12.93777,77.7462086,1
C07882,12.8262067,77.712425,3
C07883,13.1220989,77.6278814,8
C07884,12.9783586,77.6363142,3
C07885,12.9708386,77.6941903,4
C07886,12.9201189,77.5177655,5
C07887,12.9798054,77.5955024,8
C07888,12.9899954,77.5372124,1
C07889,12.8924692,77.6423147,5
C07890,13.0031628,77.553654,3
C07891,12.9586061,77.6623373,4
C07892,12.9170404,77.5934403,7
C07893,13.0844634,77.4167289,1
C07894,12.9717604,77.6275714,2
C07895,12.95148,77.5863456,1
C07896,12.8810223,77.6490068,2
C07897,12.8757108,77.5956993,8
C07898,12.972478,77.750091,3
C07899,12.9721532,77.5824183,1
C07900,12.9215008,77.5836636,2
C07901,12.8923066,77.5976171,1
C07902,12.9676657,77.5746839,2
C07903,13.0149162,77.6466021,4
C07904,13.0470701,77.5539052,1
C07905,12.9682424,77.5886088,7
C07906,12.9164567,77.5859615,3
C07907,12.8008988,77.5738423,4
C07908,12.9808365,77.5981459,3
C07909,12.9606776,77.5286519,6
C07910,13.0379292,77.6234376,6
C07911,12.9719137,77.5772021,4
C07912,12.8857556,77.5823701,5
C07913,13.0782503,77.5908847,3
C07914,13.1432965,77.4846123,5
C07915,12.9859543,77.6448902,3
C07916,12.9447626,77.5717734,3
C07917,12.9246981,77.5508112,3
C07918,12.9722075,77.6184168,2
C07919,13.0068889,77.5488656,2
C07920,12.9647601,77.5068685,5
C07921,12.9461685,77.588169,8
C07922,12.9362945,77.6149366,8
C07923,12.9234317,77.5923374,1
C07924,12.94845,77.7079149,8
C07925,12.9393183,77.5831962,3
C07926,12.9127254,77.6798404,5
C07927,13.0311563,77.5778161,2
C07928,12.9974138,77.6969243,4
C07929,12.9999864,77.6110398,4
C07930,12.9972705,77.6967381,1
C07931,12.9697087,77.6097259,5
C07932,12.9346521,77.6297029,9
C07933,12.9677106,77.644613,3
C07934,12.9735045,77.607562,9
C07935,12.9872008,77.556077,3
C07936,13.0453218,77.6269445,6
C07937,12.9975064,77.5499528,1
C07938,13.0665886,77.5963966,18
C07939,12.9204402,77.5956155,9
C07940,12.9783314,77.6448308,3
C07941,12.9258745,77.5501431,1
C07942,12.9798386,77.6027906,4
C07943,13.0696459,77.6016015,1
C07944,12.9818715,77.6094935,5
C07945,12.9457917,77.7105538,4
C07946,12.9911127,77.5507508,2
C07947,12.9548569,77.6608219,7
C07948,13.0044793,77.6603632,6
C07949,12.9768117,77.5449094,7
C07950,12.9604369,77.638565,3
C07951,13.0209593,77.5844241,1
C07952,12.9730613,77.6469104,7
C07953,12.9893195,77.5567369,3
C07954,12.9777748,77.574757,1
C07955,12.9022414,77.6978441,9
C07956,12.9913252,77.5713263,14
C07957,12.9386739,77.6902173,3
C07958,12.9403012,77.5764705,15
C07959,12.9549596,77.6532881,4
C07960,12.9359771,77.615876,3
C07961,12.9085181,77.6505464,2
C07962,13.1067513,77.5708194,10
C07963,12.9227412,77.5846644,2
C07964,12.9781863,77.5876929,6
C07965,12.9270937,77.669922,2
C07966,12.9507267,77.6234214,2
C07967,12.9470578,77.5714933,7
C07968,13.0124799,77.6526379,3
C07969,12.979801,77.635713,3
C07970,12.9514379,77.6220795,7
C07971,12.9039915,77.603131,10
C07972,12.9336915,77.583999,5
C07973,13.1089445,77.5919121,2
C07974,12.9785967,77.5979887,2
C07975,12.879171,77.5673463,4
C07976,13.0412642,77.5895455,4
C07977,12.9848397,77.5965237,2
C07978,12.867378,77.6162668,6
C07979,12.919647,77.6506868,4
C07980,12.9044427,77.6958632,1
C07981,13.0249894,77.6198504,2
C07982,13.0299644,77.5640792,2
C07983,12.9677845,77.535901,3
C07984,12.976046,77.5987712,12
C07985,12.852699,77.667688,4
C07986,12.9784045,77.568007,2
C07987,12.9240986,77.6497423,4
C07988,12.8960028,77.5542251,3
C07989,12.9654174,77.53478,4
C07990,13.0418661,77.4482852,5
C07991,12.9482178,77.588168,8
C07992,12.9994495,77.6247073,3
C07993,12.9398043,77.5755209,10
C07994,13.0291141,77.5433251,6
C07995,12.991965,77.5710415,2
C07996,12.9349664,77.5469781,16
C07997,12.9497919,77.5738082,4
C07998,12.9708605,77.6410649,2
C07999,13.0333592,77.5740914,11
C08000,12.9574628,77.6550258,14
C08001,12.9536798,77.6419151,3
C08002,13.0301366,77.5712239,2
C08003,12.9645437,77.7487198,3
C08004,13.0082375,77.566471,5
C08005,13.02502,77.6035096,8
C08006,13.0846766,77.5595449,5
C08007,12.9944997,77.7578876,4
C08008,12.9464756,77.6725164,9
C08009,12.940921,77.5457658,3
C08010,13.029007,77.5433374,7
C08011,12.9074344,77.5468204,3
C08012,12.9594138,77.4808374,4
C08013,12.9408587,77.627609,3
C08014,12.9725129,77.6488871,3
C08015,12.95802,77.7009796,3
C08016,13.0010451,77.6618257,9
C08017,12.9672322,77.5891929,2
C08018,12.9898441,77.7326897,2
C08019,12.9812188,77.6367811,15
C08020,13.0096341,77.5432274,7
C08021,12.9984887,77.5504219,1
C08022,12.9893348,77.5543801,2
C08023,13.0744584,77.7469875,1
C08024,12.9557234,77.7276504,2
C08025,12.9530737,77.5842339,1
C08026,12.879981,77.752909,3
C08027,12.9446671,77.6289233,1
C08028,12.907279,77.5777041,3
C08029,13.0838355,77.6409036,1
C08030,13.0090828,77.6235594,4
C08031,12.9341641,77.6166913,2
C08032,12.9695445,77.5154183,10
C08033,12.9391778,77.6258972,9
C08034,13.0119992,77.529111,6
C08035,12.9798731,77.6403726,3
C08036,12.9788781,77.6944035,13
C08037,12.975596,77.5564839,1
C08038,13.0171237,77.5622974,1
C08039,12.972492,77.6489834,3
C08040,12.9517481,77.4939886,16
C08041,12.9198254,77.6127816,3
C08042,13.0311539,77.5707749,3
C08043,12.9824083,77.5885244,1
C08044,12.9944028,77.657986,6
C08045,12.910476,77.5822027,6
C08046,12.9821489,77.638143,6
C08047,12.8599776,77.5424451,2
C08048,13.0659006,77.6199862,2
C08049,12.9789373,77.6355642,1
C08050,12.9750597,77.602857,4
C08051,13.0704343,77.5553668,2
C08052,13.0292739,77.5636598,1
C08053,12.9118831,77.5528805,2
C08054,12.9491302,77.501359,2
C08055,13.063868,77.5897493,2
C08056,12.9168689,77.6007004,5
C08057,12.9823686,77.6082193,4
C08058,12.9969253,77.5689234,3
C08059,12.9128181,77.6351088,4
C08060,12.9583613,77.5713274,2
C08061,12.9967644,77.6113781,4
C08062,12.9667546,77.765345,4
C08063,12.9703581,77.63022,1
C08064,13.037202,77.6411602,7
C08065,12.9437412,77.7472692,2
C08066,12.9231573,77.6712019,4
C08067,12.8604915,77.7802604,8
C08068,13.0491178,77.5333275,6
C08069,13.0225774,77.5567554,3
C08070,13.0961377,77.5782858,3
C08071,12.9622425,77.6448007,6
C08072,12.9577479,77.6382507,5
C08073,13.0479288,77.5785318,2
C08074,12.9727841,77.6381267,2
C08075,12.9783705,77.6374326,1
C08076,13.1038688,77.5748633,4
C08077,13.0031618,77.7059531,3
C08078,13.0022886,77.5691885,7
C08079,12.9861507,77.6702891,4
C08080,13.0153124,77.7619563,8
C08081,12.9072691,77.6059652,2
C08082,12.9860915,77.4776166,7
C08083,12.9710711,77.6144452,2
C08084,12.9212413,77.6494174,6
C08085,12.9812365,77.6467545,1
C08086,12.9042683,77.6967012,4
C08087,12.980585,77.5485031,1
C08088,13.0116348,77.5553857,3
C08089,13.0367124,77.6547535,5
C08090,12.9530877,77.5365485,2
C08091,12.9288251,77.6916298,2
C08092,12.9968977,77.6967815,6
C08093,12.954627,77.5905488,3
C08094,12.9760905,77.5525048,2
C08095,12.9931034,77.5391257,3
C08096,12.9191136,77.670829,21
C08097,12.9793264,77.6410206,7
C08098,12.9674859,77.7143632,7
C08099,13.0642384,77.6051608,5
C08100,12.918707,77.5964054,4
C08101,12.8707266,77.6589309,1
C08102,12.9336553,77.6315409,2
C08103,12.9726301,77.6791685,2
C08104,12.9366466,77.618124,1
C08105,12.9509475,77.6229392,1
C08106,12.9387019,77.5524477,1
C08107,13.124683,77.5486118,3
C08108,12.9908478,77.6800019,6
C08109,12.9334854,77.6210369,7
C08110,12.9800466,77.5966246,4
C08111,12.9119818,77.6254463,2
C08112,12.9567879,77.5332602,1
C08113,13.027771,77.5745407,1
C08114,12.9565541,77.5289117,1
C08115,12.9723087,77.6186288,2
C08116,12.9559117,77.7167634,3
C08117,12.8332078,77.4016465,2
C08118,13.0077605,77.5635484,4
C08119,12.9446046,77.5791252,3
C08120,13.0192963,77.633699,3
C08121,12.9110469,77.6001538,7
C08122,12.9200067,77.6493586,1
C08123,13.0679426,77.5914641,4
C08124,12.8623159,77.5544965,3
C08125,12.9130408,77.680195,3
C08126,12.9121736,77.6471643,6
C08127,12.9640026,77.7403674,6
C08128,12.8950664,77.5396295,2
C08129,12.8251148,77.5135674,3
C08130,12.9103115,77.5937865,4
C08131,12.9789992,77.6424343,3
C08132,12.9376335,77.5849914,5
C08133,12.963965,77.6405596,4
C08134,12.9401924,77.7476735,12
C08135,13.0311741,77.6353899,1
C08136,13.0448529,77.5012583,3
C08137,12.9563776,77.5326378,2
C08138,12.9649703,77.5389842,5
C08139,13.0791605,77.5778697,1
C08140,12.9094255,77.5655013,4
C08141,12.8679557,77.7741925,2
C08142,13.1982398,77.7137839,2
C08143,12.9166134,77.5947605,1
C08144,12.9073134,77.4034803,2
C08145,12.9174015,77.6036834,7
C08146,12.9627015,77.7173969,3
C08147,12.9188287,77.6703171,5
C08148,13.0373659,77.568022,11
C08149,12.991587,77.5684205,4
C08150,12.9398397,77.6252767,2
C08151,13.1177735,77.6261222,5
C08152,12.9971262,77.5715091,2
C08153,12.9713114,77.7067073,2
C08154,12.93948,77.7213945,1
C08155,12.9221378,77.4924543,6
C08156,12.9787267,77.640527,3
C08157,12.9330581,77.584422,4
C08158,12.9690246,77.693603,2
C08159,12.9444107,77.5721169,5
C08160,12.9933123,77.5905954,2
C08161,13.0869293,77.520684,3
C08162,12.985164,77.671732,6
C08163,12.8740437,77.5945104,6
C08164,12.9806974,77.6405653,3
C08165,13.0097345,77.5515655,1
C08166,12.9787017,77.5742352,27
C08167,12.8937841,77.558542,11
C08168,12.9184311,77.6733027,6
C08169,12.8703135,77.6537185,2
C08170,13.0141307,77.5704327,3
C08171,12.9232041,77.663273,2
C08172,12.90306,77.4974982,8
C08173,12.949372,77.5798139,4
C08174,12.9060151,77.579232,2
C08175,13.1983776,77.7137207,2
C08176,12.9162396,77.6380678,7
C08177,12.9743703,77.6069754,10
C08178,12.9479382,77.5859235,10
C08179,12.9599222,77.5728426,6
C08180,12.9696095,77.5759104,3
C08181,13.0115083,77.5553276,1
C08182,12.8923531,77.6113104,4
C08183,13.0121881,77.6673811,3
C08184,12.9652449,77.7134399,4
C08185,12.9277768,77.6329941,3
C08186,13.1025097,77.5712728,1
C08187,12.9716596,77.6516938,5
C08188,12.9222709,77.6496746,5
C08189,12.979119,77.6412042,5
C08190,12.9311905,77.5908939,6
C08191,13.0075192,77.5711141,5
C08192,13.0013094,77.630483,2
C08193,12.9336643,77.6231619,3
C08194,13.0305521,77.5660376,4
C08195,12.953689,77.584188,4
C08196,13.0329207,77.6747772,7
C08197,12.9787019,77.6411945,5
C08198,12.9138636,77.607781,14
C08199,12.8984689,77.6572967,16
C08200,12.9049863,77.5606059,4
C08201,12.9181994,77.5958138,1
C08202,12.8388772,77.6601784,8
C08203,12.9121563,77.6378046,2
C08204,12.9849661,77.5963422,2
C08205,13.0673288,77.5538666,3
C08206,13.0576725,77.5932444,2
C08207,12.9779433,77.572024,5
C08208,12.8854267,77.5669172,1
C08209,12.993111,77.6666772,2
C08210,12.9138357,77.6114958,4
C08211,12.9197902,77.4894315,5
C08212,12.9144151,77.6448888,5
C08213,12.9762285,77.5644702,2
C08214,12.9668422,77.6499995,2
C08215,12.8954376,77.5818086,2
C08216,12.9692162,77.7501638,4
C08217,12.9754502,77.6469773,9
C08218,12.9679568,77.5915472,1
C08219,12.8832559,77.7524455,3
C08220,13.0636066,77.5886894,1
C08221,12.9721558,77.6421739,1
C08222,12.8402692,77.6599865,7
C08223,13.0364837,77.5895892,5
C08224,12.9992623,77.5496684,5
C08225,12.9600755,77.6448826,6
C08226,13.0276122,77.5764397,2
C08227,12.9735702,77.6134692,2
C08228,12.9517746,77.4997107,15
C08229,13.0707363,77.591228,3
C08230,12.9774564,77.6593253,6
C08231,12.921398,77.6632963,3
C08232,12.9543777,77.6209764,1
C08233,12.9474841,77.7544752,1
C08234,13.011525,77.5505497,2
C08235,12.9583199,77.6049603,7
C08236,12.956256,77.6953953,6
C08237,12.9760549,77.6547944,6
C08238,12.9896302,77.5560208,2
C08239,12.9162354,77.6518661,10
C08240,13.0042943,77.7122219,2
C08241,12.9400923,77.7468721,4
C08242,12.9750242,77.5520533,3
C08243,12.9700147,77.7502291,3
C08244,12.987324,77.5783227,8
C08245,12.9485766,77.5806648,2
C08246,13.0175676,77.5614253,1
C08247,12.9693581,77.5775277,3
C08248,13.1038749,77.5716206,3
C08249,12.9949932,77.6635028,35
C08250,12.954162,77.5673708,5
C08251,12.9298982,77.6854473,2
C08252,13.0179838,77.5531675,2
C08253,12.9593836,77.7164443,1
C08254,12.9701662,77.7498036,2
C08255,13.0333714,77.5689251,4
C08256,12.8984621,77.6077509,9
C08257,13.0156449,77.5710444,7
C08258,12.9758159,77.5757621,4
C08259,12.8918025,77.5835797,3
C08260,12.9103731,77.6328115,4
C08261,12.9445341,77.5946219,2
C08262,12.9207698,77.6503946,11
C08263,13.0008959,77.6755521,3
C08264,12.9887062,77.5808767,3
C08265,12.9990289,77.5692984,1
C08266,12.9064253,77.5981787,3
C08267,12.9868722,77.7362988,6
C08268,12.8682145,77.4518927,2
C08269,12.9721967,77.6523513,2
C08270,12.9737273,77.5098419,6
C08271,12.975403,77.6470594,1
C08272,12.9781539,77.6394005,7
C08273,12.9250705,77.5799496,2
C08274,12.9874041,77.5387106,3
C08275,13.0223907,77.6379343,2
C08276,13.0070581,77.6126039,4
C08277,12.9608001,77.6372345,19
C08278,12.9236239,77.6403133,6
C08279,13.0983668,77.5733927,2
C08280,12.860166,77.7836393,7
C08281,12.9577094,77.5696701,3
C08282,12.8856117,77.6036643,9
C08283,12.9792978,77.5859562,6
C08284,13.0629571,77.592948,1
C08285,12.9713194,77.6964768,2
C08286,12.9537691,77.7152697,6
C08287,13.0503583,77.5157328,4
C08288,12.956173,77.6949671,2
C08289,12.896052,77.4618775,2
C08290,12.9455956,77.5952641,1
C08291,12.8951016,77.5396128,3
C08292,12.9243033,77.597266,16
C08293,12.9567998,77.7410638,6
C08294,13.0266474,77.6040449,15
C08295,13.0935598,77.5895277,6
C08296,12.8629979,77.763056,7
C08297,12.9919183,77.6022398,13
C08298,12.9973999,77.6967169,4
C08299,12.8437224,77.6447875,3
C08300,12.9421664,77.4904481,7
C08301,12.9257654,77.5824151,9
C08302,12.906053,77.5890997,2
C08303,12.8405409,77.651351,2
C08304,13.0041718,77.6602519,4
C08305,12.8619368,77.4385339,6
C08306,12.9828866,77.7518975,6
C08307,12.9570712,77.5703413,1
C08308,12.8359981,77.6571688,13
C08309,12.9998657,77.6196688,2
C08310,12.9947371,77.6993007,3
C08311,12.9746882,77.628026,2
C08312,13.029998,77.5705549,22
C08313,12.9254648,77.5775504,4
C08314,13.1025052,77.595543,2
C08315,13.0190802,77.5202194,6
C08316,13.0833759,77.6436934,6
C08317,12.9796016,77.5107812,3
C08318,12.9651732,77.6412777,6
C08319,13.0008336,77.6327495,2
C08320,12.9420816,77.6220418,2
C08321,13.0181973,77.5581675,1
C08322,13.0328608,77.6230689,1
C08323,12.9881787,77.5526874,12
C08324,12.9014685,77.6504016,10
C08325,13.043384,77.5999701,3
C08326,12.9649402,77.5761878,11
C08327,12.8986874,77.5577817,3
C08328,13.0247023,77.5487874,3
C08329,12.9403258,77.5247379,3
C08330,12.9399342,77.6157295,3
C08331,12.9946162,77.7185937,3
C08332,12.9961908,77.5640237,7
C08333,12.9635168,77.5580738,4
C08334,12.986314,77.7458263,5
C08335,13.0277599,77.5738956,7
C08336,12.9782425,77.5825221,4
C08337,13.020731,77.70227,2
C08338,12.908506,77.6836249,1
C08339,12.9239053,77.6183201,4
C08340,13.0103911,77.5548848,3
C08341,12.9433767,77.6076357,4
C08342,12.9353555,77.6148616,3
C08343,13.0600394,77.5876573,20
C08344,13.0505862,77.6494896,1
C08345,12.8771394,77.5444517,1
C08346,12.9770963,77.6371837,4
C08347,12.9447767,77.624409,3
C08348,12.9610686,77.71376,4
C08349,12.9922626,77.6381761,5
C08350,12.9247336,77.565329,8
C08351,12.9660676,77.6034676,1
C08352,13.0051689,77.5718284,2
C08353,12.9314469,77.6853072,4
C08354,12.9740883,77.5832262,6
C08355,12.9589736,77.6628578,15
C08356,12.9566538,77.7440931,6
C08357,12.9242998,77.499047,3
C08358,12.9319376,77.6860759,2
C08359,12.9171118,77.5927033,2
C08360,12.9144145,77.5208702,2
C08361,13.0084832,77.5692697,5
C08362,12.9263972,77.502667,4
C08363,12.9857652,77.55176,1
C08364,12.9478623,77.5921306,2
C08365,13.0250118,77.5875048,6
C08366,12.924922,77.6281634,4
C08367,12.9720317,77.6009309,5
C08368,12.923222,77.6364709,4
C08369,13.04116,77.5580795,10
C08370,12.9873761,77.5387076,4
C08371,13.0251271,77.7625783,3
C08372,12.8947315,77.6615482,2
C08373,13.0008968,77.6618893,4
C08374,13.0345353,77.5342727,1
C08375,12.9195713,77.6682583,3
C08376,12.9729863,77.5398479,3
C08377,12.9331601,77.5833173,1
C08378,12.9176987,77.6515426,2
C08379,12.9995622,77.5496994,6
C08380,12.9463745,77.5298582,4
C08381,12.9656038,77.5363115,4
C08382,12.9411184,77.5737183,4
C08383,12.8886588,77.5821115,4
C08384,12.8484849,77.6550459,8
C08385,12.8387166,77.6777338,4
C08386,13.004739,77.4873051,1
C08387,13.0482487,77.6185279,10
C08388,12.9592625,77.5168068,4
C08389,13.0555615,77.6044933,2
C08390,12.8747558,77.7665878,1
C08391,12.9570197,77.5660532,4
C08392,12.911533,77.6764094,3
C08393,12.9223314,77.6652505,10
C08394,13.0232902,77.5501455,3
C08395,12.973066,77.647824,2
C08396,12.9937268,77.7008262,6
C08397,12.8610746,77.7825773,6
C08398,12.9477324,77.5847176,4
C08399,12.9414186,77.7470153,5
C08400,12.9742892,77.5778952,3
C08401,12.9307369,77.5926549,4
C08402,12.9015806,77.6328786,8
C08403,12.9122001,77.6489032,5
C08404,13.1806055,77.6409278,3
C08405,12.9131399,77.6799856,9
C08406,13.0598775,77.6425707,1
C08407,12.9460609,77.5949139,14
C08408,13.0225676,77.5847474,1
C08409,12.9288159,77.580007,2
C08410,12.9105706,77.6324633,3
C08411,12.9072177,77.5784721,3
C08412,12.9591817,77.7193501,7
C08413,12.9141593,77.4816613,2
C08414,12.9231702,77.6126406,4
C08415,13.0053573,77.5711059,2
C08416,12.8757154,77.6568415,4
C08417,12.8626506,77.610033,3
C08418,13.1024337,77.5955808,4
C08419,13.0028703,77.612152,2
C08420,12.8052422,77.6979088,2
C08421,13.0641199,77.5868748,4
C08422,13.0720352,77.6333905,6
C08423,13.171378,77.6365594,2
C08424,12.9077038,77.5847444,2
C08425,12.9169158,77.5607423,5
C08426,13.0191025,77.5069252,3
C08427,12.9212875,77.6514,6
C08428,12.9470899,77.7089263,2
C08429,12.9744109,77.6385723,1
C08430,12.9165,77.6013893,2
C08431,12.9981123,77.5406402,2
C08432,12.8353022,77.6925178,3
C08433,13.0730482,77.592515,2
C08434,12.8808502,77.6370167,6
C08435,12.9484948,77.6987857,3
C08436,13.0021664,77.5742095,4
C08437,12.9707264,77.5377251,4
C08438,12.8956472,77.7020757,4
C08439,13.0161215,77.5438434,3
C08440,12.8994138,77.6221123,5
C08441,12.9853101,77.6069879,2
C08442,12.9526755,77.4841408,9
C08443,12.9604348,77.6375467,3
C08444,12.9365435,77.5176752,1
C08445,12.9615359,77.6364148,4
C08446,12.9474363,77.5801089,2
C08447,13.1490964,77.49677,5
C08448,13.0048018,77.572048,16
C08449,13.1836643,77.6811451,2
C08450,12.9740805,77.6787512,4
C08451,12.9812222,77.646495,1
C08452,12.9384683,77.7432438,5
C08453,12.9061242,77.5912854,2
C08454,12.9516696,77.5212224,2
C08455,12.9553263,77.592815,2
C08456,12.973032,77.6409124,6
C08457,13.0041656,77.5533333,7
C08458,12.9482023,77.5808428,3
C08459,12.9124015,77.5856011,2
C08460,12.9773092,77.7395617,10
C08461,12.901616,77.5822469,2
C08462,12.9782913,77.5870713,1
C08463,13.0297739,77.5678793,5
C08464,12.9701608,77.6098414,2
C08465,13.084548,77.6347166,7
C08466,12.9643641,77.7134437,3
C08467,12.9255977,77.6086431,5
C08468,12.9245828,77.5649697,9
C08469,12.9785777,77.5149648,1
C08470,12.9576576,77.6143934,2
C08471,12.9716605,77.5439313,3
C08472,12.9778349,77.6465268,10
C08473,12.8876505,77.5507441,2
C08474,12.9524185,77.7178296,2
C08475,12.9652764,77.6069478,5
C08476,13.038,77.562,2
C08477,12.9744474,77.6394513,4
C08478,12.8993305,77.4721107,1
C08479,12.9811045,77.5888137,16
C08480,12.9214989,77.6703679,1
C08481,12.892659,77.6106015,3
C08482,12.801957,77.5746827,3
C08483,12.9730151,77.6155463,13
C08484,12.9578557,77.5338926,1
C08485,12.9121632,77.6098276,13
C08486,12.9795023,77.6357866,6
C08487,12.9735176,77.6028192,4
C08488,12.9831667,77.5604758,2
C08489,12.9790194,77.6438034,5
C08490,13.0069665,77.5789097,2
C08491,12.8805375,77.5055475,8
C08492,12.9434469,77.5830527,2
C08493,12.9141671,77.6383274,3
C08494,12.9683152,77.6004368,2
C08495,13.0219385,77.6385853,2
C08496,12.9690232,77.6064416,6
C08497,12.9685368,77.6934867,5
C08498,13.0162368,77.5708332,8
C08499,13.0635756,77.5855555,1
C08500,12.9386225,77.6291616,7
C08501,13.099548,77.5767124,19
C08502,12.9600685,77.6433729,2
C08503,13.0088366,77.5634201,13
C08504,12.9609007,77.6406632,3
C08505,12.970219,77.6442137,1
C08506,12.9728004,77.6165455,3
C08507,12.9757739,77.6022519,7
C08508,12.9900587,77.5661228,2
C08509,12.9271168,77.5861609,2
C08510,12.9822657,77.6391993,5
C08511,13.0461913,77.5559023,3
C08512,12.9636165,77.7081858,5
C08513,13.1193618,77.6098163,4
C08514,13.0074665,77.7330159,5
C08515,12.9107078,77.5843154,2
C08516,12.9395771,77.7361182,4
C08517,12.9358495,77.6248941,2
C08518,12.9618327,77.5211334,8
C08519,12.898871,77.566199,2
C08520,12.9067912,77.5122943,7
C08521,13.1006488,77.5822735,3
C08522,13.1996652,77.7097558,4
C08523,12.9255274,77.6870456,2
C08524,12.9757157,77.6407135,2
C08525,12.9713645,77.6052916,1
C08526,12.9256704,77.625097,2
C08527,12.9758029,77.6062514,3
C08528,12.9377472,77.7009815,4
C08529,12.9157857,77.5694773,7
C08530,12.9226321,77.5935954,2
C08531,12.914658,77.5225028,2
C08532,12.9569798,77.564357,1
C08533,12.9573521,77.5676114,5
C08534,12.9595468,77.6560186,9
C08535,12.9878709,77.7319773,8
C08536,12.9796219,77.5478668,5
C08537,13.074144,77.566703,5
C08538,12.9604467,77.7176996,11
C08539,12.9834197,77.5958254,4
C08540,13.0267603,77.5798301,5
C08541,13.047724,77.5761271,3
C08542,13.0410176,77.624008,1
C08543,12.9601639,77.5945806,2
C08544,12.9429247,77.6543887,3
C08545,12.9604109,77.7183512,3
C08546,12.9541309,77.7175389,13
C08547,12.9573761,77.7086858,4
C08548,12.8759616,77.5332439,8
C08549,13.0656732,77.6505851,2
C08550,12.9218801,77.5837308,3
C08551,13.0085772,77.5439447,1
C08552,12.9982481,77.5706369,2
C08553,13.0402806,77.5812569,5
C08554,12.9450065,77.5714721,3
C08555,12.9755693,77.60349,6
C08556,12.9884957,77.7478041,4
C08557,13.0239276,77.6923621,3
C08558,12.9867193,77.7465407,15
C08559,12.9593998,77.7482732,3
C08560,12.9647292,77.582038,7
C08561,12.9596032,77.5112481,3
C08562,12.9656404,77.6017608,5
C08563,12.9876486,77.7462077,6
C08564,12.916898,77.6515929,4
C08565,12.9642587,77.5418338,1
C08566,12.9738948,77.5785146,3
C08567,13.0698267,77.5638554,8
C08568,12.920788,77.5936239,5
C08569,13.0341673,77.568676,5
C08570,13.0041527,77.5711188,1
C08571,12.9237402,77.5882005,2
C08572,12.9736907,77.6412647,4
C08573,12.9173053,77.6330233,4
C08574,12.9898647,77.5545636,8
C08575,12.9223745,77.6756791,3
C08576,12.9662613,77.5350611,4
C08577,13.1039483,77.5733134,3
C08578,13.1728534,77.5643389,2
C08579,12.9844842,77.749381,1
C08580,12.9729515,77.6480638,4
C08581,12.9728112,77.6172247,4
C08582,12.9716416,77.7176798,2
C08583,12.8626957,77.7970661,1
C08584,12.9600702,77.6448451,5
C08585,13.015234,77.6174535,3
C08586,13.066162,77.5565834,5
C08587,12.8473634,77.6908708,12
C08588,12.9121236,77.6508737,1
C08589,13.0141168,77.5090508,2
C08590,13.0994918,77.7148543,3
C08591,13.0938786,77.594727,9
C08592,12.8610769,77.5294007,1
C08593,12.9372193,77.619574,13
C08594,12.9856809,77.5652513,4
C08595,12.9401246,77.5945482,3
C08596,12.93869,77.6261024,3
C08597,12.9437456,77.5402044,2
C08598,12.8899226,77.6398609,7
C08599,12.9728463,77.7504688,2
C08600,12.998,77.620755,4
C08601,12.9759272,77.6381679,3
C08602,12.90523,77.4889203,2
C08603,12.9397408,77.5829526,20
C08604,12.9298938,77.6838388,4
C08605,12.9113058,77.6001591,5
C08606,12.9156379,77.6491451,7
C08607,13.0552023,77.6021755,1
C08608,12.9586044,77.5641861,11
C08609,12.9956506,77.5510696,1
C08610,12.9281325,77.6692427,2
C08611,13.0016175,77.5713543,2
C08612,12.9958327,77.6068007,5
C08613,13.0210815,77.6432227,4
C08614,13.1935284,77.5017894,3
C08615,12.9239996,77.6814433,3
C08616,12.952526,77.5774328,2
C08617,12.9693187,77.5767288,1
C08618,12.9213881,77.6686263,6
C08619,12.9756471,77.5360648,5
C08620,12.97193,77.68042,10
C08621,12.9546117,77.4967995,2
C08622,13.0928523,77.5872557,5
C08623,13.0289918,77.539552,3
C08624,12.9048915,77.5624233,8
C08625,12.9722076,77.600877,7
C08626,12.9312166,77.6233097,4
C08627,12.9756449,77.6066901,3
C08628,12.99519,77.7578215,7
C08629,13.0196337,77.6342441,5
C08630,13.0523847,77.4879224,2
C08631,12.9118085,77.6512869,1
C08632,12.9703065,77.6168978,3
C08633,12.9737814,77.6359277,10
C08634,13.0012233,77.629344,7
C08635,12.875925,77.5471883,2
C08636,13.0393283,77.5385885,1
C08637,12.9159817,77.4153475,8
C08638,12.9702217,77.546174,1
C08639,13.1978387,77.7136591,5
C08640,13.0207254,77.593135,2
C08641,12.9571969,77.7384633,10
C08642,12.959944,77.6441379,2
C08643,12.9839881,77.6416769,7
C08644,12.8762879,77.6133473,4
C08645,12.9143782,77.5210809,4
C08646,12.9432335,77.5700564,1
C08647,13.1111353,77.6059377,1
C08648,12.9999029,77.619368,3
C08649,12.9830373,77.7087311,4
C08650,12.924971,77.549831,2
C08651,13.0379112,77.7598089,2
C08652,13.0291853,77.5611297,5
C08653,12.9578594,77.5926986,5
C08654,12.9322759,77.5858767,3
C08655,12.9571802,77.5030641,6
C08656,12.9728986,77.640896,1
C08657,12.9516961,77.7064343,3
C08658,12.9994204,77.6226779,11
C08659,12.9171996,77.6896564,3
C08660,12.9523954,77.5838654,4
C08661,12.9822201,77.537201,17
C08662,13.0833281,77.6429308,1
C08663,12.9327614,77.5849863,6
C08664,12.8956428,77.6265101,11
C08665,12.9795526,77.4982841,3
C08666,12.9571208,77.6416523,6
C08667,12.8751219,77.766578,2
C08668,13.0632769,77.6487414,2
C08669,13.017793,77.556767,4
C08670,13.0287244,77.6638803,6
C08671,12.9684449,77.6361007,7
C08672,12.9532625,77.7151999,10
C08673,12.8767868,77.5953714,3
C08674,13.0511064,77.621253,8
C08675,12.9587679,77.7156816,3
C08676,12.9683121,77.5287383,6
C08677,12.9534315,77.6430523,4
C08678,12.9873104,77.5933754,5
C08679,12.9936274,77.5390358,4
C08680,12.917953,77.5571384,1
C08681,12.9750684,77.680533,2
C08682,12.9563884,77.6960146,4
C08683,12.9721761,77.5368763,1
C08684,12.9850923,77.5232649,6
C08685,13.0595565,77.5903055,6
C08686,13.099335,77.5772599,4
C08687,12.970057,77.5358963,2
C08688,12.8737507,77.6259345,9
C08689,12.8840897,77.5664029,14
C08690,12.9756469,77.5358203,4
C08691,12.9727488,77.7189026,5
C08692,12.9734985,77.6106666,4
C08693,12.9504876,77.6999864,5
C08694,12.959253,77.7462166,3
C08695,12.9872243,77.5558262,3
C08696,12.9810372,77.7087623,6
C08697,12.9219011,77.6765701,17
C08698,13.0185202,77.5613079,1
C08699,13.0578944,77.6440562,3
C08700,12.9486713,77.6853423,1
C08701,12.9215801,77.5804942,10
C08702,13.0604648,77.5895297,2
C08703,12.997555,77.5445911,1
C08704,12.9705013,77.6447301,5
C08705,12.9778503,77.5722059,11
C08706,13.000026,77.5349139,5
C08707,12.9568705,77.7391916,4
C08708,12.8507304,77.6573836,4
C08709,12.8939257,77.6011614,9
C08710,13.0215753,77.6297995,2
C08711,13.0554849,77.5942147,3
C08712,12.9934221,77.7167666,2
C08713,12.9571645,77.5717017,1
C08714,12.9643591,77.5551587,3
C08715,12.947666,77.5846436,7
C08716,12.9959058,77.6135401,5
C08717,13.0585216,77.5877269,5
C08718,13.0996791,77.5304733,4
C08719,12.935471,77.5608687,5
C08720,13.0592878,77.5904071,2
C08721,12.933433,77.6216889,3
C08722,12.9217846,77.6616311,4
C08723,13.0101501,77.549804,4
C08724,12.9807404,77.680094,4
C08725,12.9803099,77.5956181,3
C08726,12.8432408,77.6602741,3
C08727,12.9685315,77.6514828,30
C08728,12.9496935,77.6174553,6
C08729,12.9696817,77.573717,4
C08730,12.9398459,77.6256078,3
C08731,13.1042735,77.5943727,2
C08732,12.9840625,77.580813,3
C08733,13.0193741,77.7630557,4
C08734,12.9561079,77.7280809,1
C08735,13.1857363,77.6106042,1
C08736,12.9727077,77.6347589,2
C08737,12.9785581,77.5490005,4
C08738,13.0424215,77.6215126,3
C08739,12.8416139,77.6443624,9
C08740,13.0028473,77.635349,1
C08741,12.9772383,77.5752995,2
C08742,13.0239995,77.6585299,10
C08743,12.9133573,77.6491178,4
C08744,12.9416336,77.5767895,6
C08745,12.9684421,77.6365392,14
C08746,13.0994189,77.5891274,2
C08747,13.0797112,77.5591265,3
C08748,12.9148654,77.6384313,3
C08749,12.96737,77.5993941,1
C08750,13.0011186,77.5255326,3
C08751,12.9766063,77.6023999,6
C08752,13.0687529,77.5547173,5
C08753,12.9673907,77.6420498,5
C08754,13.0554196,77.6027913,3
C08755,13.0949471,77.5383791,2
C08756,12.88809,77.5802594,8
C08757,12.8903278,77.6462926,2
C08758,13.0722173,77.5561443,4
C08759,12.8923922,77.5817134,4
C08760,12.9284049,77.5179223,9
C08761,12.8780308,77.7621095,7
C08762,12.930259,77.57615,1
C08763,12.9658004,77.6000096,1
C08764,12.9112304,77.6760618,5
C08765,12.9605462,77.5303143,3
C08766,12.9318838,77.5840243,2
C08767,12.9981587,77.5465007,7
C08768,12.9140156,77.6092776,4
C08769,12.9796435,77.634709,3
C08770,12.9848975,77.611694,6
C08771,12.9690441,77.5688544,3
C08772,12.9235173,77.6823783,10
C08773,12.9238866,77.6195995,2
C08774,12.949147,77.5011403,5
C08775,13.0192355,77.5189908,9
C08776,13.0022519,77.634193,1
C08777,12.9731876,77.6121868,3
C08778,12.9534349,77.5858064,7
C08779,12.9137948,77.6091679,7
C08780,12.9398542,77.6251855,3
C08781,12.9732593,77.6055206,2
C08782,12.945679,77.5711812,6
C08783,12.9189411,77.5958321,8
C08784,12.9354729,77.5396693,1
C08785,12.9696997,77.6387029,1
C08786,12.9821438,77.6379452,4
C08787,13.0728173,77.6033215,5
C08788,12.9351451,77.611553,3
C08789,13.0978966,77.6157367,5
C08790,12.9394891,77.721305,2
C08791,12.9787383,77.5913043,1
C08792,13.002725,77.6610961,2
C08793,12.9591844,77.7181933,3
C08794,12.9871688,77.5946714,3
C08795,12.9690348,77.7496245,1
C08796,12.9332872,77.5679132,1
C08797,12.9004465,77.5319694,2
C08798,12.9921317,77.569768,6
C08799,13.0706514,77.591623,8
C08800,12.9977909,77.6968282,8
C08801,12.9918958,77.5940293,2
C08802,12.9431166,77.6218102,1
C08803,13.0065732,77.5542349,5
C08804,13.023088,77.637015,5
C08805,12.957199,77.642917,4
C08806,12.9793697,77.7119958,1
C08807,12.9003782,77.6309033,2
C08808,13.0621975,77.5741087,3
C08809,12.9890454,77.7186025,5
C08810,12.9410968,77.5853528,6
C08811,12.9003193,77.6008061,4
C08812,12.9540062,77.5673571,4
C08813,12.9780369,77.633104,4
C08814,12.9643869,77.7152721,5
C08815,12.9375303,77.7462676,4
C08816,12.9063719,77.563376,3
C08817,12.8774812,77.6025003,3
C08818,12.982924,77.7512245,4
C08819,13.0089953,77.5406188,5
C08820,12.9589664,77.6569874,4
C08821,12.910823,77.5207892,4
C08822,12.9794922,77.6061321,8
C08823,12.9025398,77.6253423,4
C08824,12.9262563,77.5694193,2
C08825,13.0665115,77.6385623,6
C08826,13.000358,77.5701424,1
C08827,12.9789802,77.6413252,2
C08828,12.971289,77.6059404,4
C08829,12.9013273,77.6187939,5
C08830,12.9668493,77.6068628,1
C08831,12.9056206,77.6014402,3
C08832,12.9248398,77.4985018,2
C08833,12.8405853,77.6511955,2
C08834,13.0195923,77.707355,6
C08835,12.8836101,77.5828978,5
C08836,12.9952391,77.5388279,3
C08837,13.0395765,77.6048698,2
C08838,12.980813,77.6373961,1
C08839,12.9662292,77.7141268,9
C08840,12.966625,77.6483403,5
C08841,13.0119715,77.5558983,2
C08842,13.0297527,77.5552304,5
C08843,12.8003448,77.5989017,3
C08844,12.9865073,77.7451468,3
C08845,13.0075667,77.5780609,5
C08846,12.9857078,77.6718602,2
C08847,12.9449932,77.594988,3
C08848,13.0146758,77.4203834,4
C08849,12.922034,77.6815582,2
C08850,13.0713032,77.6518044,5
C08851,12.953865,77.5686754,12
C08852,12.9598095,77.7483757,2
C08853,12.9860833,77.5383466,1
C08854,12.9775682,77.5707662,1
C08855,12.9988718,77.5498125,3
C08856,13.0448787,77.6216681,2
C08857,12.9673775,77.5418993,4
C08858,12.8244971,77.6844177,4
C08859,12.9886175,77.7320534,1
C08860,12.8748547,77.6399437,1
C08861,13.019726,77.5552398,4
C08862,12.9269753,77.5643645,4
C08863,13.0057693,77.6236686,2
C08864,12.9711631,77.5364993,1
C08865,12.9472067,77.5879731,5
C08866,13.0034478,77.5673384,8
C08867,12.989866,77.554497,4
C08868,12.961084,77.5877158,2
C08869,12.9214585,77.6642458,3
C08870,13.0087274,77.625714,1
C08871,12.839432,77.6771361,7
C08872,12.9673983,77.5239973,4
C08873,13.0017936,77.5488666,1
C08874,12.9103984,77.5914952,3
C08875,12.9947971,77.6086523,5
C08876,13.1475251,77.6375739,3
C08877,12.9703686,77.5970335,3
C08878,12.9710711,77.605488,1
C08879,12.9589736,77.5683791,5
C08880,12.9440943,77.6077504,2
C08881,13.0341497,77.5993799,1
C08882,13.1715241,77.5990487,3
C08883,12.9296475,77.7124354,7
C08884,12.9547408,77.6612636,3
C08885,12.9898562,77.5556318,11
C08886,12.9509673,77.623189,4
C08887,12.9810232,77.637136,4
C08888,12.9009152,77.4875726,3
C08889,12.9664807,77.7195618,3
C08890,13.0422794,77.6248577,3
C08891,12.9585663,77.7028132,3
C08892,12.9822844,77.6395739,5
C08893,12.9263141,77.5146268,2
C08894,13.1070864,77.575818,2
C08895,12.947529,77.6192363,2
C08896,12.9651903,77.5346826,14
C08897,12.9786515,77.5872891,5
C08898,12.9387045,77.5523961,4
C08899,12.9568148,77.7433686,2
C08900,12.9076043,77.6408154,5
C08901,12.9313338,77.6163534,3
C08902,12.8963841,77.5407118,4
C08903,12.9931607,77.5394749,2
C08904,12.8443617,77.5980706,4
C08905,12.9647773,77.5986103,2
C08906,12.9061058,77.5876799,2
C08907,12.9302526,77.5845789,6
C08908,12.9750793,77.6952133,1
C08909,12.9175061,77.6741949,5
C08910,13.0329535,77.5691722,5
C08911,13.0810953,77.5886994,2
C08912,12.9630399,77.7131382,2
C08913,12.9141014,77.4429542,3
C08914,12.9101748,77.5992052,4
C08915,12.9466259,77.6465188,3
C08916,12.8965674,77.7201192,4
C08917,12.9170177,77.5947337,11
C08918,12.9741511,77.5957681,2
C08919,13.1717023,77.4359968,1
C08920,12.9641677,77.7143381,6
C08921,12.991257,77.5384096,11
C08922,12.9551211,77.5663064,4
C08923,12.9906435,77.6008786,2
C08924,12.9944317,77.6090256,3
C08925,13.011968,77.6659168,2
C08926,12.9974496,77.5487807,5
C08927,12.8649685,77.5200222,1
C08928,12.9159877,77.6326621,3
C08929,12.9791647,77.6313885,2
C08930,13.0042369,77.6170601,4
C08931,12.9902518,77.6869517,3
C08932,12.8696102,77.5432087,4
C08933,13.002035,77.5695036,3
C08934,12.9160465,77.6531026,2
C08935,12.8728736,77.4401625,5
C08936,12.9731666,77.6470466,3
C08937,13.0199738,77.5837071,2
C08938,12.9792765,77.6431666,16
C08939,12.9782986,77.7339188,5
C08940,12.9972788,77.5466831,3
C08941,12.9874647,77.4924724,9
C08942,12.9675523,77.6896575,12
C08943,12.9484774,77.5705547,3
C08944,12.9564797,77.5772696,4
C08945,12.8766497,77.6088757,2
C08946,12.972722,77.5356919,3
C08947,12.9969382,77.5682496,3
C08948,12.9975291,77.5416325,4
C08949,12.9347706,77.6110968,4
C08950,12.9072223,77.6965443,5
C08951,12.9670358,77.7177562,4
C08952,13.0383248,77.5890628,1
C08953,12.9365279,77.6148198,2
C08954,13.015404,77.762784,2
C08955,12.8957719,77.5702769,3
C08956,12.9718121,77.5372486,7
C08957,12.9063732,77.5600795,1
C08958,12.9394505,77.5839294,3
C08959,13.0552316,77.6012225,6
C08960,12.9693722,77.5793304,3
C08961,12.9682168,77.6366325,5
C08962,13.0229751,77.5496866,3
C08963,13.0128408,77.5746897,4
C08964,12.9887657,77.5918664,3
C08965,13.0272204,77.593535,5
C08966,12.9565679,77.6970278,1
C08967,12.8543999,77.6662466,3
C08968,12.9717482,77.6470434,4
C08969,12.9787461,77.6414747,5
C08970,12.9168099,77.6293825,9
C08971,13.1598735,77.566521,3
C08972,12.9878328,77.5376138,9
C08973,12.9866689,77.5558296,2
C08974,12.9859441,77.7452695,8
C08975,13.0409027,77.6240616,6
C08976,12.9514854,77.5703564,2
C08977,13.0636222,77.5878034,4
C08978,12.987884,77.5802023,3
C08979,12.9130791,77.6662145,5
C08980,12.9561944,77.7276653,3
C08981,13.1005731,77.5881723,3
C08982,12.9997867,77.5495464,9
C08983,12.9249638,77.681639,3
C08984,12.9797044,77.6462553,6
C08985,12.9066822,77.5851367,3
C08986,12.9522093,77.5677528,11
C08987,12.9756527,77.5553548,2
C08988,13.0562745,77.4884163,2
C08989,12.9200268,77.5838198,10
C08990,12.9153185,77.6367517,2
C08991,12.9866737,77.5408083,10
C08992,12.8771953,77.5853233,6
C08993,12.8602534,77.5423015,3
C08994,12.9489084,77.5810973,1
C08995,12.9976458,77.547388,3
C08996,12.9405589,77.6962167,4
C08997,12.8957727,77.5254951,8
C08998,12.9769023,77.7253279,10
C08999,12.9152101,77.6325371,2
C09000,12.9738683,77.652254,6
C09001,12.9779079,77.5723936,6
C09002,13.0693019,77.5916545,7
C09003,12.9526616,77.61503,5
C09004,12.8927777,77.611033,1
C09005,12.9034969,77.6037245,3
C09006,12.9674571,77.5997967,1
C09007,13.0679383,77.6113853,3
C09008,12.997442,77.6739055,7
C09009,13.1500745,77.7811249,4
C09010,13.009888,77.5560845,7
C09011,13.0965485,77.583904,4
C09012,12.8393621,77.659193,1
C09013,12.9511489,77.5652571,1
C09014,12.9254591,77.6698872,4
C09015,12.9188356,77.6097993,3
C09016,13.021405,77.6575435,2
C09017,12.9434017,77.5771336,1
C09018,12.968924,77.6064233,2
C09019,13.0050199,77.5711666,3
C09020,12.9407571,77.6025842,5
C09021,12.9718453,77.6815943,4
C09022,13.0019219,77.6317445,10
C09023,12.9900587,77.6545382,2
C09024,12.9687951,77.6488597,6
C09025,12.9754747,77.602054,3
C09026,12.9567585,77.6983837,5
C09027,12.8598841,77.7104562,2
C09028,13.1148963,77.6358856,7
C09029,12.9127423,77.6353557,4
C09030,12.975197,77.6938832,2
C09031,12.9860194,77.5881341,3
C09032,12.9960418,77.6692897,3
C09033,12.948416,77.6995832,5
C09034,12.9397862,77.5483625,1
C09035,13.120977,77.6176084,3
C09036,12.9576037,77.5685697,4
C09037,12.9243881,77.650437,3
C09038,12.9782505,77.6405667,9
C09039,12.9841919,77.5815976,6
C09040,12.9533282,77.6978119,3
C09041,13.0165353,77.5101111,4
C09042,13.1038871,77.5745656,4
C09043,13.0784775,77.4225682,4
C09044,12.9289537,77.486678,1
C09045,12.916813,77.6052477,3
C09046,12.8895775,77.6394582,1
C09047,12.9699181,77.6413837,8
C09048,12.9854732,77.7269512,3
C09049,13.0838254,77.484473,3
C09050,12.9556523,77.6916169,6
C09051,12.930842,77.633114,4
C09052,13.0001758,77.6869647,2
C09053,12.9216804,77.5801411,3
C09054,12.9179183,77.5567127,3
C09055,12.9786625,77.5739751,1
C09056,12.9762391,77.5939686,2
C09057,12.9166044,77.6148886,3
C09058,12.9141661,77.590697,3
C09059,12.9863991,77.5707542,1
C09060,12.9701735,77.638341,7
C09061,12.9734621,77.6019267,3
C09062,12.9677633,77.7183822,3
C09063,13.0057354,77.5763934,4
C09064,12.9724783,77.6491054,2
C09065,12.915965,77.6489855,5
C09066,13.1669517,77.6312211,3
C09067,12.9812255,77.6368206,2
C09068,12.9532162,77.5844072,5
C09069,12.9974413,77.6889476,9
C09070,12.9486492,77.605889,6
C09071,12.9706278,77.5258392,6
C09072,12.9854964,77.5964219,2
C09073,13.0267584,77.6040579,1
C09074,12.9591233,77.661584,9
C09075,12.8775236,77.638837,14
C09076,12.9288004,77.6353345,10
C09077,13.0978476,77.5968473,3
C09078,12.9208307,77.6201778,1
C09079,13.1660238,77.6435805,2
C09080,12.9848686,77.5881046,1
C09081,12.9857937,77.5884792,3
C09082,12.9844166,77.5928213,10
C09083,12.9438501,77.6189683,3
C09084,13.102027,77.5732547,4
C09085,12.9695571,77.6358305,9
C09086,12.9666245,77.5919645,3
C09087,13.0564626,77.5068874,14
C09088,12.9723434,77.650478,13
C09089,12.985053,77.5791058,3
C09090,13.1040018,77.5715488,2
C09091,12.9127486,77.6325388,5
C09092,12.9713618,77.6062443,3
C09093,12.9683679,77.6388822,1
C09094,12.9508415,77.5664705,8
C09095,13.0097161,77.6237297,8
C09096,12.9098429,77.6857975,4
C09097,13.0003789,77.756831,1
C09098,12.9385162,77.742893,1
C09099,12.9874717,77.5385173,4
C09100,13.0685272,77.5783963,2
C09101,12.9583897,77.4797902,3
C09102,12.8830421,77.569638,7
C09103,12.9614166,77.5486757,6
C09104,12.9758932,77.6520407,9
C09105,13.0389419,77.7399628,2
C09106,12.9881243,77.5939577,3
C09107,12.891927,77.5943529,6
C09108,12.9376734,77.5802836,5
C09109,12.9075864,77.6402268,10
C09110,12.9065707,77.5875216,4
C09111,12.9160985,77.6516245,12
C09112,13.0433838,77.5206908,5
C09113,12.9639156,77.6423423,7
C09114,12.9573744,77.6359739,3
C09115,12.9514973,77.7174226,3
C09116,13.0329046,77.5335945,6
C09117,13.1971662,77.7195125,10
C09118,12.9592397,77.7015645,6
C09119,13.0584262,77.6327057,3
C09120,12.8609956,77.6651798,9
C09121,12.8747878,77.7666653,1
C09122,12.9349175,77.5829015,1
C09123,12.9559247,77.7215365,5
C09124,13.0131149,77.5544165,3
C09125,13.0420496,77.6248696,5
C09126,12.9557425,77.5344068,3
C09127,13.0500016,77.5975254,5
C09128,12.9359062,77.5178788,2
C09129,13.0016951,77.6236518,5
C09130,12.9784108,77.6370964,7
C09131,13.1991422,77.7096814,8
C09132,13.0050579,77.623362,14
C09133,12.9287707,77.5824139,4
C09134,12.865466,77.6543682,4
C09135,12.973198,77.6801887,1
C09136,12.9750675,77.5869566,2
C09137,12.9757512,77.5730887,3
C09138,13.0636348,77.5832498,7
C09139,13.0724567,77.6041563,2
C09140,12.9109528,77.5516022,6
C09141,13.0311884,77.5753526,3
C09142,12.9557318,77.6601889,3
C09143,12.8984204,77.5625859,4
C09144,12.994746,77.6611413,3
C09145,12.9617173,77.7479186,2
C09146,12.943282,77.5852421,1
C09147,12.871405,77.5941368,3
C09148,13.0020334,77.5690756,2
C09149,12.9198566,77.5142588,2
C09150,12.9015167,77.6008228,4
C09151,12.9821372,77.5665358,5
C09152,13.0591909,77.5875414,4
C09153,12.9377734,77.6946701,7
C09154,13.0765576,77.6809788,5
C09155,12.9714764,77.6389942,3
C09156,12.9824546,77.7491971,2
C09157,13.0459291,77.5006967,4
C09158,12.9691872,77.6361242,5
C09159,13.0339172,77.622515,9
C09160,12.9361338,77.5738973,8
C09161,12.9724579,77.6500589,2
C09162,13.1506153,77.411755,3
C09163,12.9793422,77.6323235,5
C09164,12.912357,77.6429444,7
C09165,12.9855428,77.6019699,6
C09166,13.0454262,77.626711,3
C09167,12.975632,77.5553523,1
C09168,12.9380577,77.6261445,2
C09169,12.9212255,77.6637104,4
C09170,13.0092904,77.5614979,4
C09171,13.0576155,77.5913588,2
C09172,12.8918378,77.5795358,3
C09173,12.9385877,77.6970018,5
C09174,13.115486,77.635823,1
C09175,13.0038706,77.6226005,7
C09176,13.0000914,77.5500488,3
C09177,12.861953,77.4393989,8
C09178,12.941685,77.621969,2
C09179,13.04165,77.5967025,2
C09180,12.9017851,77.5563991,2
C09181,12.9757062,77.5973383,3
C09182,12.9658991,77.5348151,3
C09183,12.9759889,77.6151466,3
C09184,12.9781152,77.6369674,4
C09185,12.9148275,77.63836,3
C09186,13.0704861,77.5907399,3
C09187,13.0138137,77.5694411,1
C09188,12.8790241,77.6372193,4
C09189,12.9549381,77.5916832,3
C09190,13.0038472,77.5495336,10
C09191,12.9244193,77.601276,2
C09192,12.9930628,77.6621635,1
C09193,12.9704001,77.6171095,5
C09194,12.8504871,77.4241787,4
C09195,12.9604798,77.7194142,2
C09196,12.9790704,77.693907,1
C09197,12.9571016,77.5639451,10
C09198,12.9257906,77.5640961,9
C09199,12.9568142,77.7399271,1
C09200,12.8962312,77.5963832,2
C09201,13.1011285,77.4057263,11
C09202,12.9172545,77.631759,2
C09203,13.0333587,77.5581786,2
C09204,12.945121,77.6289356,3
C09205,12.9061075,77.5862616,2
C09206,13.0077699,77.5794951,1
C09207,12.912674,77.6524696,7
C09208,12.9435227,77.5590375,1
C09209,12.9164193,77.6047377,4
C09210,13.098633,77.5773144,6
C09211,12.929944,77.5687446,1
C09212,12.9656547,77.6018918,2
C09213,12.9702244,77.6388413,8
C09214,12.9169721,77.5977608,5
C09215,12.9213694,77.5182487,2
C09216,12.9262321,77.5479944,8
C09217,12.9716103,77.657149,8
C09218,12.9819252,77.6010923,4
C09219,12.9265193,77.6828966,2
C09220,12.8744332,77.6470699,2
C09221,12.801233,77.574211,4
C09222,12.9321619,77.6860272,3
C09223,13.0334148,77.6364061,6
C09224,13.1234777,77.6394543,1
C09225,13.0055704,77.5713507,1
C09226,12.9447201,77.6074518,4
C09227,13.0145459,77.582214,2
C09228,12.9604446,77.504936,2
C09229,12.9897517,77.7278678,1
C09230,12.9535544,77.5678415,3
C09231,12.9371565,77.6194335,3
C09232,12.9345803,77.5893442,5
C09233,13.1146253,77.5789648,3
C09234,12.8677078,77.543301,3
C09235,13.0227998,77.6374429,8
C09236,12.9617837,77.7089394,1
C09237,13.0201071,77.7209598,5
C09238,13.0063748,77.5693297,1
C09239,12.9823745,77.6378264,2
C09240,12.8935005,77.6442533,1
C09241,12.9406356,77.5948929,6
C09242,12.9782608,77.5729,3
C09243,12.9590061,77.6585621,3
C09244,12.9409643,77.618331,2
C09245,12.983973,77.5870015,3
C09246,13.0085607,77.5268696,2
C09247,13.0360606,77.5261271,4
C09248,13.1026581,77.6297932,2
C09249,13.103924,77.5837862,8
C09250,12.9307125,77.5779663,1
C09251,12.9731634,77.5410962,2
C09252,12.9373897,77.56002,11
C09253,12.9805726,77.7160131,2
C09254,12.9580965,77.593251,1
C09255,12.9653878,77.6417316,4
C09256,12.861657,77.5861144,2
C09257,13.0075028,77.5635659,2
C09258,12.9235231,77.6805805,2
C09259,12.9993902,77.6160619,23
C09260,13.0006924,77.6326046,3
C09261,12.9641916,77.6395453,1
C09262,12.9835537,77.6406446,9
C09263,12.9702157,77.609592,5
C09264,12.9914936,77.538699,2
C09265,13.0977026,77.5917658,2
C09266,13.1204919,77.4231509,5
C09267,12.9393363,77.5824542,3
C09268,12.9819128,77.5963739,1
C09269,12.9806166,77.5874405,12
C09270,13.0002142,77.6181157,2
C09271,12.942169,77.5855049,9
C09272,13.1693422,77.7939056,8
C09273,12.9397911,77.6222423,2
C09274,12.9544584,77.5733572,7
C09275,12.9351043,77.600767,2
C09276,13.1904539,77.6276853,1
C09277,13.0578821,77.5873552,2
C09278,12.9244905,77.5653351,4
C09279,12.9596115,77.7473085,2
C09280,12.9261952,77.585063,3
C09281,12.9485625,77.5976727,7
C09282,12.9494647,77.6154126,4
C09283,12.9188948,77.6058905,2
C09284,12.9786535,77.5017455,5
C09285,13.0042636,77.5751704,4
C09286,12.9748508,77.6151564,1
C09287,12.9365495,77.6113287,4
C09288,12.9075461,77.6490336,4
C09289,12.948499,77.5805392,3
C09290,12.9370632,77.6269756,6
C09291,12.9285463,77.584396,2
C09292,12.9084589,77.6836162,4
C09293,12.9855486,77.5961594,1
C09294,13.0206843,77.5886129,4
C09295,12.9819801,77.599455,13
C09296,13.0153898,77.7093102,2
C09297,12.9152154,77.4819735,2
C09298,12.9695435,77.6411125,2
C09299,12.9877704,77.5781496,4
C09300,12.9702144,77.6051485,2
C09301,12.9348468,77.7433697,4
C09302,13.0062575,77.5837835,6
C09303,12.9724885,77.6507419,5
C09304,13.0081407,77.6462314,1
C09305,12.9210658,77.6807407,7
C09306,12.8351292,77.6944783,6
C09307,12.9121865,77.6379811,6
C09308,12.9285357,77.5453297,4
C09309,12.997183,77.5484972,4
C09310,13.0701876,77.6011884,7
C09311,12.9757116,77.5567775,13
C09312,12.9225142,77.6683721,2
C09313,12.979429,77.6142741,7
C09314,12.8800977,77.6530592,3
C09315,13.0666195,77.6372598,3
C09316,12.956801,77.7419198,1
C09317,12.9333552,77.6224709,3
C09318,13.0061885,77.6593709,2
C09319,12.9978333,77.6075801,2
C09320,12.905101,77.6119457,2
C09321,13.0126247,77.5750928,2
C09322,12.9083807,77.6912574,2
C09323,12.8216944,77.6870991,4
C09324,13.0051977,77.5693485,1
C09325,12.947907,77.5327064,1
C09326,12.8569364,77.5407065,4
C09327,12.9555812,77.7214813,2
C09328,12.8868411,77.5969514,7
C09329,12.984955,77.6022466,4
C09330,13.0628197,77.5922136,5
C09331,12.9412148,77.4253589,9
C09332,12.8245919,77.411626,3
C09333,13.1696762,77.4516328,2
C09334,13.094328,77.5945392,6
C09335,12.9616307,77.7134248,5
C09336,12.9865133,77.5830766,3
C09337,13.0015778,77.5482141,9
C09338,12.9744109,77.6382219,3
C09339,13.014501,77.5734712,3
C09340,12.8971942,77.6454983,3
C09341,13.1145776,77.6369895,2
C09342,12.9199338,77.5805785,4
C09343,12.9035841,77.6011747,9
C09344,12.9808553,77.6019476,5
C09345,12.9769835,77.5933333,3
C09346,13.0079066,77.5639571,3
C09347,12.9605005,77.5685496,4
C09348,12.9815781,77.6044787,6
C09349,13.0518156,77.4115028,5
C09350,12.9855077,77.5964131,3
C09351,13.0708173,77.5897796,4
C09352,12.9867896,77.5423336,5
C09353,12.939257,77.555911,2
C09354,12.9751437,77.7509404,4
C09355,12.805379,77.6274177,1
C09356,12.9530901,77.6746006,5
C09357,13.0299092,77.5705804,5
C09358,12.9722315,77.6187728,6
C09359,13.1164481,77.6054987,3
C09360,12.9605867,77.7181125,4
C09361,12.8944811,77.5687665,9
C09362,12.8452422,77.6653606,9
C09363,12.8365378,77.6858336,3
C09364,12.9304642,77.5396411,4
C09365,12.9337842,77.6224798,7
C09366,12.9111796,77.5645732,1
C09367,13.1210351,77.6174285,3
C09368,12.9667074,77.5880067,8
C09369,12.940448,77.6938156,7
C09370,12.9886728,77.5931202,4
C09371,12.9502095,77.7456747,1
C09372,12.9874406,77.5509466,3
C09373,12.9196629,77.6114297,2
C09374,13.0724033,77.6229893,4
C09375,12.9400354,77.6254608,2
C09376,12.9153354,77.6517132,2
C09377,13.029264,77.5366641,1
C09378,13.0242975,77.5928708,8
C09379,12.9180182,77.6521705,3
C09380,12.8600093,77.790927,4
C09381,12.9815612,77.5948108,3
C09382,12.9402157,77.525289,2
C09383,13.0330373,77.672722,1
C09384,12.975173,77.6051035,2
C09385,12.9755584,77.6031289,2
C09386,12.9920471,77.7178948,4
C09387,12.9918753,77.7131856,2
C09388,12.979788,77.7504994,11
C09389,12.9264043,77.6695995,7
C09390,12.8848337,77.5826781,6
C09391,13.0033932,77.6209962,3
C09392,12.9843792,77.749701,10
C09393,12.9660184,77.7119979,3
C09394,13.0393774,77.6240079,3
C09395,13.0214275,77.5270781,4
C09396,13.0058168,77.6267398,5
C09397,13.1040407,77.5711475,5
C09398,12.8355112,77.401038,2
C09399,12.9589729,77.593575,2
C09400,12.9662669,77.714526,5
C09401,12.9969929,77.5613395,5
C09402,12.8011511,77.5737759,3
C09403,13.0287619,77.539867,1
C09404,12.9820577,77.6404784,3
C09405,12.9168805,77.5825015,5
C09406,12.9500234,77.593064,12
C09407,12.9702907,77.6393544,1
C09408,13.088688,77.495298,2
C09409,12.9752131,77.6086452,3
C09410,12.9158782,77.636274,9
C09411,12.9152208,77.573598,3
C09412,12.9721872,77.594908,2
C09413,13.0269891,77.6041517,5
C09414,12.9127356,77.6380054,3
C09415,12.9821556,77.5969868,1
C09416,12.9701135,77.5437369,2
C09417,12.9078709,77.4769832,11
C09418,13.0918442,77.7416817,4
C09419,13.0626504,77.566659,4
C09420,13.102292,77.6289175,3
C09421,13.0145862,77.5821249,4
C09422,12.8356079,77.6788813,4
C09423,13.0040737,77.5536459,4
C09424,12.9073417,77.6108455,4
C09425,13.0612056,77.5749043,6
C09426,12.8313708,77.5004868,3
C09427,12.9721868,77.6008731,2
C09428,12.9319448,77.6156962,2
C09429,12.943395,77.542448,1
C09430,12.9618971,77.552098,14
C09431,12.8393679,77.6507683,6
C09432,12.9578451,77.5338685,2
C09433,12.9917803,77.6907504,3
C09434,12.986719,77.7447523,2
C09435,13.0633116,77.5908397,10
C09436,12.9708156,77.6506256,1
C09437,12.974963,77.5928561,4
C09438,12.9841871,77.7282341,3
C09439,12.9845421,77.5991446,6
C09440,12.9832756,77.7682509,3
C09441,12.9280307,77.6061242,1
C09442,12.9687739,77.5306387,3
C09443,12.9973171,77.6037642,2
C09444,12.967488,77.7143126,4
C09445,12.9399274,77.6094872,9
C09446,12.9698339,77.700326,1
C09447,12.9825246,77.6020789,2
C09448,13.0711439,77.5889294,2
C09449,12.9522306,77.5897955,3
C09450,13.0930335,77.6778996,6
C09451,13.0240447,77.6031596,3
C09452,12.974449,77.6067124,4
C09453,13.0228757,77.6509402,2
C09454,12.9674896,77.7142837,4
C09455,12.9466573,77.7087976,6
C09456,12.941781,77.5558894,2
C09457,12.8976922,77.5825743,6
C09458,12.9602074,77.7222172,3
C09459,12.9917048,77.5709199,7
C09460,13.1723014,77.5031105,3
C09461,12.9258574,77.4924751,4
C09462,13.0395641,77.6247698,3
C09463,12.9760819,77.7285339,3
C09464,13.1287331,77.5879531,4
C09465,12.8419523,77.7742302,5
C09466,13.0450062,77.7606364,1
C09467,13.1005622,77.5992483,9
C09468,13.1234888,77.7442695,1
C09469,12.9152929,77.6445664,2
C09470,12.9701153,77.6431839,3
C09471,13.0707807,77.5909786,4
C09472,13.0025681,77.6120094,10
C09473,12.9088536,77.5644582,1
C09474,12.9122982,77.633186,2
C09475,12.9598156,77.7481385,1
C09476,12.9322938,77.6966227,3
C09477,12.982368,77.7087588,4
C09478,12.9896098,77.6957963,10
C09479,12.9754943,77.6071818,4
C09480,12.9586402,77.566479,7
C09481,12.9068614,77.541664,5
C09482,12.9195592,77.5005615,2
C09483,12.8756086,77.5953765,1
C09484,12.9958497,77.6067797,4
C09485,12.8871258,77.5821622,1
C09486,12.9814332,77.7292129,8
C09487,12.972547,77.529541,3
C09488,13.0113802,77.6465207,8
C09489,13.0101171,77.6573914,2
C09490,13.0015902,77.6327951,4
C09491,12.860915,77.5853472,4
C09492,13.0553493,77.6018546,3
C09493,12.9867471,77.7447863,2
C09494,12.8416847,77.6670908,4
C09495,12.8775024,77.5845488,2
C09496,12.984022,77.5875776,1
C09497,12.9356671,77.6144578,8
C09498,13.0654506,77.685891,6
C09499,12.9888226,77.592415,3
C09500,12.9760006,77.602614,11
C09501,12.9570024,77.5648634,3
C09502,13.0134827,77.7090081,8
C09503,12.929433,77.7379793,4
C09504,12.9609947,77.5508936,2
C09505,12.8942703,77.6094497,12
C09506,12.9643354,77.6381007,7
C09507,12.9885723,77.4725886,3
C09508,13.0578349,77.5875037,6
C09509,12.9966075,77.5425278,3
C09510,12.9408398,77.5732596,6
C09511,12.9537945,77.6173101,1
C09512,12.9778564,77.6322647,2
C09513,12.996974,77.5678633,7
C09514,12.9170191,77.5972034,3
C09515,12.8985449,77.6582915,4
C09516,12.9907873,77.61323,1
C09517,12.8967362,77.5633917,12
C09518,12.9559654,77.7177081,8
C09519,12.9451192,77.6245441,3
C09520,12.9119183,77.6825843,3
C09521,13.0003233,77.550144,7
C09522,13.1070097,77.6002084,13
C09523,12.970383,77.6410648,6
C09524,12.9378559,77.6990187,15
C09525,13.0100667,77.5552757,2
C09526,12.999402,77.549169,2
C09527,12.986421,77.7458657,1
C09528,12.9187904,77.6698156,5
C09529,13.0222422,77.5538305,4
C09530,13.0286575,77.543415,3
C09531,13.0375538,77.5743328,6
C09532,12.918078,77.580926,8
C09533,12.9394601,77.7348009,1
C09534,12.9713403,77.6576221,2
C09535,12.9827818,77.7383003,6
C09536,12.923857,77.611355,2
C09537,12.9779204,77.662729,2
C09538,13.0253084,77.5124837,7
C09539,12.9595145,77.7483651,1
C09540,12.9434331,77.5663121,3
C09541,12.826249,77.678792,4
C09542,12.9152038,77.6102199,2
C09543,12.9918628,77.6020497,6
C09544,13.0795856,77.4246072,2
C09545,12.9659324,77.5883414,9
C09546,13.0251702,77.7626681,3
C09547,12.9198847,77.6491762,5
C09548,13.0034927,77.629575,6
C09549,12.9719476,77.5320111,2
C09550,13.0004061,77.6398487,1
C09551,13.1040974,77.5706648,4
C09552,12.9072515,77.5782713,3
C09553,13.0367624,77.6409616,5
C09554,12.9784769,77.6295389,3
C09555,12.9670219,77.6649676,2
C09556,13.0267718,77.5373998,14
C09557,12.9702372,77.6380876,1
C09558,12.9865571,77.6915187,6
C09559,12.898651,77.6280784,2
C09560,12.9164962,77.689881,3
C09561,12.9544981,77.6401572,3
C09562,12.9850931,77.6748005,2
C09563,13.0243229,77.5863476,5
C09564,12.9166989,77.6150867,9
C09565,12.9253887,77.5797929,5
C09566,13.0114964,77.5549008,4
C09567,12.9782871,77.6426631,2
C09568,12.9742141,77.6057978,5
C09569,12.9422555,77.5482906,15
C09570,13.0249984,77.6407176,3
C09571,13.1039745,77.5941829,3
C09572,12.9918978,77.5705614,2
C09573,13.0591971,77.5908034,2
C09574,12.9164063,77.6365397,1
C09575,12.9968944,77.5683957,4
C09576,12.9820759,77.6090805,2
C09577,12.9904879,77.4874377,1
C09578,12.9379211,77.7472151,6
C09579,12.9304666,77.6183064,2
C09580,13.0839841,77.6361579,3
C09581,13.0241537,77.5860736,9
C09582,13.0811012,77.5805678,1
C09583,12.9182691,77.6231178,1
C09584,12.8358986,77.6887744,4
C09585,13.0947799,77.5846767,7
C09586,12.99111,77.5777982,1
C09587,12.9759367,77.6469418,4
C09588,12.9664848,77.6427254,5
C09589,12.9786915,77.6430065,1
C09590,12.916748,77.6519226,6
C09591,12.9600398,77.6452145,6
C09592,12.9107527,77.5824296,3
C09593,13.0966734,77.5979322,8
C09594,12.9110743,77.5780949,7
C09595,12.9365007,77.5811501,4
C09596,12.9281352,77.6052337,2
C09597,12.9726552,77.5378281,2
C09598,13.0260656,77.6370378,3
C09599,12.9791721,77.5934264,5
C09600,12.8255799,77.5158098,3
C09601,12.9974732,77.5415977,1
C09602,12.9602967,77.5302803,8
C09603,12.9369779,77.5786559,4
C09604,13.0260169,77.6354154,3
C09605,12.8856424,77.5825719,6
C09606,12.8818812,77.4630238,10
C09607,13.0219271,77.6026686,1
C09608,12.9894253,77.7277667,4
C09609,12.9188148,77.5025188,1
C09610,12.9517332,77.6994362,5
C09611,12.9715689,77.6415131,4
C09612,12.9456961,77.6293342,5
C09613,12.9857287,77.5524808,2
C09614,13.0068,77.5825497,1
C09615,13.0843057,77.6431187,2
C09616,13.0371655,77.5230021,4
C09617,12.8886473,77.5820373,7
C09618,12.9225658,77.6496506,1
C09619,12.8818799,77.5957811,7
C09620,12.8781189,77.6027377,2
C09621,12.9306091,77.5853075,4
C09622,12.9762403,77.6227329,2
C09623,12.8638852,77.4326006,4
C09624,13.0162478,77.5648911,6
C09625,12.9876702,77.5511003,1
C09626,13.0047381,77.5713234,2
C09627,12.9715348,77.5439059,4
C09628,12.9844175,77.6033409,18
C09629,12.9327937,77.5677437,2
C09630,12.9564558,77.7427026,14
C09631,13.1740587,77.5403711,14
C09632,12.9469174,77.6992165,3
C09633,12.9997111,77.6181673,3
C09634,12.9721073,77.6528331,2
C09635,13.0712216,77.6519754,3
C09636,12.9207382,77.6338341,1
C09637,12.9050379,77.6436802,3
C09638,12.933863,77.5830336,9
C09639,12.9576641,77.518908,2
C09640,13.0372971,77.5905991,3
C09641,12.9653505,77.5346913,1
C09642,12.9730091,77.6082319,4
C09643,12.9073815,77.7058349,4
C09644,13.0100959,77.5547872,3
C09645,12.9851007,77.5708153,3
C09646,13.0259163,77.6374163,3
C09647,13.0183846,77.647491,5
C09648,12.9991338,77.5509354,3
C09649,12.881902,77.612665,4
C09650,12.9347724,77.511431,4
C09651,12.9954289,77.697316,7
C09652,12.9595167,77.5141601,5
C09653,13.0009598,77.6240983,4
C09654,13.0670719,77.5752764,10
C09655,12.99131,77.6878396,4
C09656,12.9870391,77.5744897,8
C09657,12.980979,77.6365966,5
C09658,13.006205,77.7004289,1
C09659,12.9322271,77.6940849,8
C09660,12.9982979,77.5573209,4
C09661,13.0222694,77.6397678,3
C09662,12.881709,77.5759556,4
C09663,13.0223133,77.6373233,3
C09664,12.9945649,77.589853,4
C09665,13.0022137,77.6237059,2
C09666,12.948708,77.707873,8
C09667,13.0837525,77.6437939,3
C09668,13.0720813,77.5728428,3
C09669,12.9729937,77.6374046,2
C09670,13.0705325,77.6552081,4
C09671,12.993765,77.5393225,4
C09672,12.9103456,77.6097988,4
C09673,12.9288444,77.5828703,2
C09674,12.9708897,77.5229331,1
C09675,13.0578971,77.5644207,5
C09676,12.9370584,77.5819902,9
C09677,12.9568292,77.739353,2
C09678,12.9979583,77.5419037,10
C09679,12.9201575,77.684754,4
C09680,13.0610325,77.6420653,3
C09681,12.8156772,77.583174,3
C09682,12.9646629,77.7017825,1
C09683,12.8826955,77.5659769,7
C09684,13.0293165,77.4645099,2
C09685,13.013523,77.5696919,2
C09686,12.9738919,77.6099222,7
C09687,12.9852813,77.4800802,1
C09688,12.9848155,77.5707656,1
C09689,13.0085466,77.5693751,3
C09690,12.9021091,77.5857727,4
C09691,12.8811509,77.5461593,5
C09692,13.0579017,77.6440795,3
C09693,12.8883943,77.5820546,20
C09694,13.0394495,77.5186809,3
C09695,12.9064098,77.596723,3
C09696,12.9654005,77.6048081,2
C09697,13.0941941,77.554559,4
C09698,12.9451836,77.5964615,5
C09699,13.0033773,77.6295176,8
C09700,12.9716124,77.7117564,1
C09701,12.99614,77.5431935,3
C09702,12.9749658,77.606555,5
C09703,13.0453266,77.6267172,5
C09704,12.9540074,77.5673748,3
C09705,12.9743666,77.6072198,5
C09706,12.9127707,77.6351127,2
C09707,13.0154005,77.4434612,10
C09708,13.1221334,77.6305012,7
C09709,12.913749,77.6146127,1
C09710,13.0267995,77.5870813,2
C09711,13.0008414,77.5359036,2
C09712,13.0027573,77.5465737,5
C09713,12.9458746,77.5877756,1
C09714,12.9473301,77.6805927,3
C09715,13.0080917,77.6463237,5
C09716,12.9016397,77.4876562,3
C09717,12.8987938,77.6512063,4
C09718,12.9715246,77.6088542,2
C09719,12.8913095,77.5816605,5
C09720,12.9960796,77.6933786,2
C09721,12.9137362,77.605835,3
C09722,13.0572169,77.4731579,4
C09723,12.9035614,77.7039581,4
C09724,12.9334731,77.5099571,3
C09725,12.8609441,77.5293363,2
C09726,12.9391928,77.494989,3
C09727,12.9733443,77.6468191,3
C09728,13.0222132,77.5781101,1
C09729,12.949233,77.5835556,2
C09730,12.9214393,77.5933817,4
C09731,12.9662002,77.6416839,1
C09732,13.0293894,77.4835383,7
C09733,12.9492483,77.5934342,8
C09734,13.007887,77.5639611,1
C09735,12.9081116,77.6486571,9
C09736,12.9978471,77.5407804,3
C09737,13.0057911,77.6595163,4
C09738,12.9808974,77.6967931,2
C09739,13.1542879,77.5676595,6
C09740,12.9883253,77.5497463,4
C09741,12.9721953,77.618389,2
C09742,12.907878,77.6491188,1
C09743,12.9726995,77.5973703,1
C09744,13.0100968,77.5551844,4
C09745,13.0388466,77.6772433,5
C09746,12.949455,77.6171956,5
C09747,12.9822569,77.6393124,3
C09748,13.0317411,77.611461,1
C09749,12.992209,77.7229064,2
C09750,12.975886,77.6026229,7
C09751,12.9619887,77.7014082,2
C09752,12.9777949,77.6399308,4
C09753,12.963951,77.64308,2
C09754,13.0228775,77.5649604,4
C09755,12.989639,77.5732106,2
C09756,12.9601577,77.6443247,7
C09757,12.9651869,77.5617183,6
C09758,12.975699,77.5603955,2
C09759,13.0577398,77.6439304,3
C09760,12.9754589,77.6067378,2
C09761,12.9929279,77.5887916,1
C09762,12.9247397,77.5798104,2
C09763,13.1241224,77.4312152,4
C09764,13.0816353,77.6182669,4
C09765,12.9794113,77.6406278,4
C09766,12.9338857,77.6194174,3
C09767,12.9713848,77.6067146,6
C09768,12.9713379,77.6493013,3
C09769,12.8311136,77.4291715,5
C09770,12.9692553,77.7496784,1
C09771,13.0080094,77.6833497,1
C09772,12.9740785,77.5498168,4
C09773,12.9163429,77.6112447,1
C09774,12.9948336,77.6107384,3
C09775,12.9170758,77.6290832,3
C09776,12.9126706,77.6061609,10
C09777,13.0685251,77.5600191,4
C09778,12.9480283,77.5849067,4
C09779,12.8446457,77.6656044,6
C09780,12.9274788,77.5835475,4
C09781,12.9412355,77.5578065,2
C09782,13.0988857,77.587211,7
C09783,13.0253668,77.5888342,2
C09784,12.9960196,77.6128413,4
C09785,12.9874542,77.5495752,1
C09786,13.0596934,77.5930734,4
C09787,12.9749094,77.6054364,4
C09788,12.9351488,77.621022,11
C09789,12.9536888,77.543512,1
C09790,12.9159911,77.6513702,2
C09791,12.9237747,77.651372,6
C09792,12.9166635,77.5937037,4
C09793,13.0116374,77.5569977,4
C09794,12.9767494,77.5725371,2
C09795,12.9065774,77.6492549,2
C09796,12.9440234,77.6088867,8
C09797,12.9494002,77.5926204,3
C09798,12.8510856,77.6602398,4
C09799,12.9299126,77.621549,3
C09800,12.9651343,77.7138623,1
C09801,13.0441926,77.7566409,6
C09802,13.0224361,77.5847518,5
C09803,12.937667,77.7479502,17
C09804,12.9578735,77.5342317,2
C09805,12.98491,77.6793715,6
C09806,12.9261107,77.5898357,1
C09807,12.936655,77.750235,4
C09808,12.9520113,77.5806257,7
C09809,12.9567662,77.6982162,1
C09810,12.9166156,77.5965051,3
C09811,12.9434819,77.5263581,2
C09812,12.9714323,77.6351019,2
C09813,12.9705666,77.6505746,4
C09814,12.956499,77.7168607,7
C09815,12.9522859,77.6053317,3
C09816,12.9873328,77.5940132,4
C09817,12.9316792,77.5450887,4
C09818,12.9375475,77.6279931,3
C09819,13.0008128,77.5701799,2
C09820,12.9704825,77.6427909,7
C09821,13.0363437,77.5245042,4
C09822,12.9307552,77.5475178,4
C09823,12.80223,77.574735,2
C09824,13.065917,77.5599037,2
C09825,13.0369268,77.7963184,3
C09826,12.9992577,77.5827274,1
C09827,12.988073,77.7338527,1
C09828,12.9089912,77.542847,2
C09829,12.9290329,77.5859122,5
C09830,12.8193944,77.6883453,2
C09831,12.9149827,77.605687,2
C09832,12.9761448,77.6030051,2
C09833,12.9162445,77.6519142,2
C09834,13.0050334,77.5693747,3
C09835,12.9898477,77.5551537,15
C09836,12.8867987,77.5675026,7
C09837,12.917402,77.6010132,7
C09838,12.9261989,77.6835446,8
C09839,12.9156177,77.6347321,2
C09840,13.126172,77.6208084,1
C09841,13.0416135,77.5942885,2
C09842,12.8856635,77.5416809,8
C09843,13.0145928,77.6462464,2
C09844,13.0033101,77.607122,1
C09845,12.9716134,77.5963504,2
C09846,12.9491363,77.5893864,3
C09847,13.0089378,77.6674347,4
C09848,13.002416,77.7125734,4
C09849,12.9487956,77.6201164,2
C09850,13.0015366,77.5477387,5
C09851,12.9320295,77.6854691,2
C09852,12.9109221,77.5729938,3
C09853,12.9801411,77.6374953,5
C09854,12.9771479,77.5700436,2
C09855,13.0126649,77.6474598,2
C09856,12.9409838,77.5850433,5
C09857,12.9244997,77.5007772,2
C09858,12.9586066,77.564198,3
C09859,12.9683462,77.5270066,5
C09860,12.9992982,77.7575636,14
C09861,12.9486722,77.5826276,5
C09862,12.9718697,77.6009513,5
C09863,12.9140071,77.5993825,5
C09864,12.9795064,77.606818,2
C09865,12.9685151,77.5371276,4
C09866,12.9290137,77.6276776,3
C09867,12.9592168,77.6551073,4
C09868,13.194356,77.6413545,4
C09869,13.0994756,77.5882426,4
C09870,13.0573975,77.5909347,3
C09871,12.9988382,77.5550964,3
C09872,12.97106,77.5366692,1
C09873,12.9487765,77.5822511,3
C09874,12.9550094,77.5857787,9
C09875,13.063603,77.5912381,4
C09876,12.9486908,77.5808158,3
C09877,12.9477206,77.6192277,13
C09878,12.9609494,77.5613939,1
C09879,13.1912308,77.7634608,2
C09880,13.0725691,77.6024289,11
C09881,12.9827335,77.5189304,3
C09882,12.8410319,77.6600262,3
C09883,12.9702025,77.6389092,1
C09884,12.9797287,77.7271089,5
C09885,12.9749842,77.6973784,5
C09886,12.9782362,77.5808398,2
C09887,12.923879,77.6728478,3
C09888,12.9582412,77.6595909,3
C09889,12.9042758,77.6966643,4
C09890,12.9775958,77.6421858,2
C09891,12.9947071,77.689124,8
C09892,12.9845512,77.5528322,6
C09893,12.8123669,77.6923627,3
C09894,13.006778,77.698644,3
C09895,12.9656534,77.534819,3
C09896,12.9951,77.6963703,2
C09897,13.084113,77.6401931,2
C09898,12.9813023,77.6364984,3
C09899,12.9392324,77.5949154,10
C09900,12.9072425,77.5787712,6
C09901,12.9786398,77.6416352,6
C09902,12.9481502,77.5806921,4
C09903,13.068829,77.6275063,2
C09904,12.9179404,77.5860042,3
C09905,12.9136049,77.606949,7
C09906,12.9180303,77.6521381,1
C09907,12.915939,77.4932278,5
C09908,12.9604205,77.7201528,17
C09909,12.9963894,77.612109,7
C09910,12.981703,77.5971992,9
C09911,12.9672279,77.6066828,4
C09912,12.9271131,77.5471291,7
C09913,12.8429136,77.6151227,2
C09914,12.9654268,77.5787874,6
C09915,12.8914338,77.62642,5
C09916,12.9461645,77.5734435,4
C09917,12.9920653,77.4944741,8
C09918,12.9231276,77.5860269,2
C09919,12.9548113,77.7003014,3
C09920,12.9970678,77.5536547,4
C09921,13.0629032,77.5921632,2
C09922,13.0255067,77.6392248,4
C09923,13.0575188,77.6327683,1
C09924,13.008259,77.5549659,7
C09925,12.9038928,77.5307716,3
C09926,12.8575245,77.6534136,2
C09927,12.8391693,77.6575573,2
C09928,12.9779859,77.6429555,3
C09929,12.9349444,77.6293498,5
C09930,13.0538127,77.6020437,5
C09931,12.9931212,77.6795196,2
C09932,13.0163724,77.6428346,2
C09933,13.0494009,77.5574312,5
C09934,12.9701216,77.6095142,2
C09935,12.8714097,77.5383958,3
C09936,13.1264782,77.566199,4
C09937,12.9511478,77.5776467,4
C09938,12.9118526,77.6409371,6
C09939,12.915607,77.6472892,1
C09940,12.9960692,77.540254,1
C09941,12.8614576,77.6609162,2
C09942,12.9518415,77.5874529,12
C09943,12.9590811,77.661316,14
C09944,12.9990352,77.5416176,12
C09945,13.0020346,77.5993076,3
C09946,12.8872468,77.5623226,1
C09947,12.9743717,77.5775468,1
C09948,12.9690604,77.6024708,2
C09949,12.9589981,77.5825067,3
C09950,12.8640503,77.5733065,8
C09951,12.9517621,77.5750763,6
C09952,12.9781095,77.6348789,4
C09953,12.928945,77.5859387,2
C09954,12.9294521,77.5850281,2
C09955,12.8490827,77.5220958,4
C09956,12.969407,77.6377426,5
C09957,12.9165795,77.6362187,4
C09958,12.9711796,77.6008907,2
C09959,12.9628641,77.6604996,5
C09960,12.9991513,77.5695657,4
C09961,12.8947594,77.6150069,2
C09962,12.8369187,77.7851182,2
C09963,12.9197542,77.5812215,5
C09964,13.019851,77.6339757,3
C09965,12.9756198,77.5729864,10
C09966,12.9803441,77.637495,5
C09967,13.0230548,77.6472679,2
C09968,13.0573972,77.590806,3
C09969,12.9894635,77.5533365,3
C09970,13.0113153,77.6621399,2
C09971,13.0469764,77.5687776,2
C09972,13.0633812,77.5914149,5
C09973,12.9728208,77.6066762,6
C09974,13.0271281,77.6042299,5
C09975,13.0814685,77.5882534,10
C09976,13.0728944,77.5978746,2
C09977,12.9646622,77.5392138,11
C09978,12.9935838,77.6607658,2
C09979,12.9477974,77.6259438,2
C09980,12.955693,77.7204456,1
C09981,13.003024,77.5484964,2
C09982,12.9821863,77.5660957,2
C09983,12.9648434,77.6439312,5
C09984,12.9916087,77.5704303,4
C09985,13.0586705,77.538076,1
C09986,12.9014789,77.5734953,3
C09987,12.871686,77.5425249,3
C09988,12.9220015,77.6193966,1
C09989,12.8923027,77.5981823,2
C09990,12.956735,77.6982165,2
C09991,12.9723435,77.6514754,9
C09992,13.0144093,77.5736842,4
C09993,12.9761897,77.5331156,5
C09994,12.9690381,77.6483419,1
C09995,12.9561944,77.5460348,8
C09996,12.8774214,77.6388932,8
C09997,12.9790743,77.6357695,1
C09998,12.9152285,77.6321683,2
C09999,12.9502567,77.5957807,5
C10000,12.9446183,77.7469154,5
