customer_id,latitude,longitude,volume,hub_id,distance_km,weighted_distance
C00001,12.8984117,77.6753647,5,4,1.7756936536850951,8.878468268425475
C00002,12.8853599,77.6417564,3,4,2.1751420344897143,6.525426103469143
C00003,13.0092018,77.5835956,5,5,2.910959456693551,14.554797283467755
C00004,12.908844,77.5410977,10,8,4.8309464365129084,48.30946436512909
C00005,13.0000077,77.552163,3,5,0.7072027021904872,2.1216081065714616
C00006,12.9074619,77.5950566,3,8,1.6720103649981302,5.016031094994391
C00007,13.100742,77.4861734,10,2,11.200305803722845,112.00305803722844
C00008,12.9775705,77.5312574,6,5,3.840873548781961,23.045241292691767
C00009,12.9998962,77.5693762,2,5,1.1639700493660503,2.3279400987321006
C00010,13.155488,77.52295,5,2,10.942390002262366,54.71195001131183
C00011,12.8559982,77.5703537,2,8,7.082031369190667,14.164062738381334
C00012,13.0028459,77.620199,2,1,2.67857485237871,5.35714970475742
C00013,13.0027344,77.6283176,4,1,2.4998764954953803,9.999505981981521
C00014,12.9566622,77.5333202,1,3,5.1764191226299925,5.1764191226299925
C00015,12.9401016,77.5643797,1,8,3.2422457644439144,3.2422457644439144
C00016,12.9993193,77.6157833,2,1,2.5471551993999806,5.094310398799961
C00017,13.0577588,77.595066,2,2,2.522904335856421,5.045808671712842
C00018,13.0126344,77.761099,4,7,6.680871641331613,26.723486565326454
C00019,12.9862525,77.615515,2,1,1.5894903918281236,3.178980783656247
C00020,12.9451318,77.5965522,1,8,3.230070820032982,3.230070820032982
C00021,12.9368483,77.7496436,9,7,4.146347422104503,37.31712679894053
C00022,12.9914643,77.5712116,3,5,1.6285563088349524,4.885668926504858
C00023,13.1011193,77.6349963,3,2,5.746407528261198,17.239222584783594
C00024,12.9496216,77.6997317,1,7,3.1032627411043627,3.1032627411043627
C00025,12.9683009,77.5377378,2,5,4.13546714200233,8.27093428400466
C00026,12.9721073,77.4604407,4,3,5.710576250062936,22.842305000251745
C00027,12.9780533,77.6330968,1,1,0.524060276452412,0.524060276452412
C00028,12.9526492,77.5773228,4,8,3.864365674270871,15.457462697083484
C00029,13.0207823,77.636101,2,1,4.567096676474436,9.134193352948872
C00030,12.9995426,77.6107599,3,1,2.90319266311778,8.70957798935334
C00031,12.9458038,77.5884207,2,8,3.0571693794481254,6.114338758896251
C00032,12.9658588,77.5924927,12,1,4.244549509615516,50.93459411538619
C00033,12.9779357,77.6332748,3,1,0.5471640060188651,1.6414920180565953
C00034,12.9168805,77.5800258,2,8,0.5157765897313603,1.0315531794627206
C00035,12.960753,77.575626,6,5,4.670107333601828,28.020644001610968
C00036,12.8440173,77.7758454,1,4,13.811357728236585,13.811357728236585
C00037,13.0436723,77.5674972,4,2,4.461308515783793,17.845234063135173
C00038,12.9585492,77.5620042,1,5,4.550022057124296,4.550022057124296
C00039,12.9133572,77.5859308,1,8,0.5853906641228303,0.5853906641228303
C00040,13.0460325,77.6019944,4,2,4.0091587948523495,16.036635179409398
C00041,12.9703096,77.5761097,6,5,3.7477097021156696,22.48625821269402
C00042,12.9866784,77.7446635,4,7,3.327845658681173,13.311382634724692
C00043,12.9189105,77.6493579,3,4,2.9269707056723777,8.780912117017133
C00044,13.0636337,77.5888045,3,2,1.7275359747967205,5.182607924390162
C00045,12.9039299,77.5094821,1,3,3.5467105650650748,3.5467105650650748
C00046,12.9982515,77.5489122,2,5,1.0673555461812625,2.134711092362525
C00047,12.9467794,77.67533,2,7,5.631163765286038,11.262327530572076
C00048,12.9845494,77.5118053,7,5,5.34913217475261,37.443925223268266
C00049,12.901075,77.6509734,4,4,1.185321225071049,4.741284900284196
C00050,13.1326124,77.4035472,1,2,20.766750784522635,20.766750784522635
C00051,12.9877647,77.5558484,4,5,1.3368903589827128,5.347561435930851
C00052,12.9585512,77.5253725,3,3,4.604087962506369,13.812263887519105
C00053,12.8994971,77.5613308,2,8,3.2758482778550806,6.551696555710161
C00054,13.0409904,77.5636179,5,5,4.621495322580308,23.10747661290154
C00055,12.9381919,77.556125,7,8,3.7765571142163266,26.435899799514285
C00056,12.9598498,77.7173096,6,7,0.8866617898412454,5.319970739047473
C00057,12.9077814,77.4765263,2,3,3.1910054835262707,6.382010967052541
C00058,12.9964417,77.695743,3,7,4.673182077675724,14.019546233027173
C00059,12.9704514,77.6530301,4,1,2.844233192961891,11.376932771847564
C00060,13.0115445,77.5548961,7,5,1.3919148421677983,9.743403895174588
C00061,12.9492318,77.5829608,2,8,3.4108609868449906,6.821721973689981
C00062,12.9264043,77.4942917,3,3,0.5931975611260345,1.7795926833781035
C00063,13.1024731,77.6284623,2,2,5.185861673367244,10.371723346734488
C00064,12.835602,77.6906797,1,4,7.338219436096672,7.338219436096672
C00065,12.9419235,77.5712377,6,8,2.9700087269787496,17.8200523618725
C00066,12.9825032,77.6016498,9,1,2.955720273513856,26.601482461624702
C00067,12.8788511,77.6370793,3,4,2.985781426474103,8.957344279422308
C00068,13.0563555,77.6022113,7,2,3.0133076402751393,21.093153481925974
C00069,12.9657866,77.6417312,4,1,2.123580556372846,8.494322225491384
C00070,12.883542,77.5662616,2,8,4.342346453947347,8.684692907894695
C00071,13.0639031,77.5883845,4,2,1.6933107212057101,6.7732428848228405
C00072,12.8764914,77.5746366,10,8,4.766863132040971,47.66863132040971
C00073,13.0243374,77.5862759,3,5,4.06564312228791,12.196929366863731
C00074,13.00032,77.6160306,10,1,2.625883450232451,26.258834502324508
C00075,12.9842579,77.6793484,1,7,5.309693818646876,5.309693818646876
C00076,12.9398518,77.6257018,6,1,4.473969802777583,26.8438188166655
C00077,12.9588435,77.6597215,4,1,4.105624391938273,16.42249756775309
C00078,12.9610487,77.5261786,3,3,4.852183992322053,14.556551976966158
C00079,13.0006526,77.6755508,4,1,5.562041483455798,22.24816593382319
C00080,12.9600613,77.6451094,1,1,2.845007640953002,2.845007640953002
C00081,12.9721584,77.5830647,3,5,4.024165415916975,12.072496247750923
C00082,12.9701437,77.5762001,4,5,3.7685156182317705,15.074062472927082
C00083,12.939797,77.7471995,9,7,3.726368048701149,33.53731243831034
C00084,13.0470848,77.5735469,2,2,3.8378605033494573,7.6757210066989146
C00085,13.0233107,77.6373863,2,1,4.867819324554709,9.735638649109418
C00086,12.9772008,77.5733371,2,5,2.940074131407332,5.880148262814664
C00087,12.9517821,77.7001004,6,7,2.947660108742197,17.685960652453183
C00088,12.9857306,77.6145196,4,1,1.665691987439382,6.662767949757528
C00089,12.9958696,77.5025178,2,5,6.107232627087242,12.214465254174485
C00090,12.9095608,77.6043781,5,8,2.3727458602121123,11.863729301060562
C00091,12.915413,77.6357011,4,4,3.4774843561357365,13.909937424542946
C00092,12.9408887,77.6957776,7,7,4.024728124892397,28.17309687424678
C00093,13.0116759,77.5548264,2,5,1.4080425737897029,2.8160851475794058
C00094,12.9141965,77.6098793,3,8,2.7961942763712946,8.388582829113883
C00095,12.9895619,77.7327219,3,7,2.930071049552736,8.790213148658207
C00096,12.9201628,77.6846279,1,4,3.9431789716068537,3.9431789716068537
C00097,12.9720276,77.6803329,4,7,4.805466262179255,19.22186504871702
C00098,12.9608058,77.7201818,4,7,0.5800040767490736,2.3200163069962945
C00099,12.86652,77.5993069,3,8,5.969610903429181,17.90883271028754
C00100,12.9793925,77.7512601,3,7,3.392446073121259,10.177338219363776
C00101,12.9583212,77.659636,1,1,4.131590180534101,4.131590180534101
C00102,13.0491569,77.4874879,2,5,9.478831606163755,18.95766321232751
C00103,12.8677963,77.5769733,3,8,5.6667477826963095,17.00024334808893
C00104,13.0706821,77.5901444,2,2,0.9959401124475854,1.9918802248951708
C00105,13.095608,77.4040855,3,5,19.861420063817715,59.58426019145314
C00106,12.9561059,77.728155,4,7,1.0401266481912863,4.160506592765145
C00107,12.8057638,77.6993057,12,4,10.723692156018807,128.68430587222568
C00108,13.1261778,77.5665048,4,2,5.662443726641498,22.64977490656599
C00109,13.1917707,77.6449996,4,6,5.258386241844833,21.03354496737933
C00110,12.9808177,77.535785,3,5,3.2330266027102903,9.699079808130872
C00111,12.991706,77.6893145,1,7,4.813419813889341,4.813419813889341
C00112,12.9893109,77.7284525,3,7,2.7860569288724246,8.358170786617274
C00113,13.0859294,77.5554179,3,2,3.5103877204013,10.5311631612039
C00114,12.9583367,77.7154806,19,7,1.1458894669930197,21.771899872867376
C00115,12.9835508,77.602996,3,1,2.8232560973443075,8.469768292032922
C00116,13.1993319,77.7088604,4,6,4.559832584095324,18.239330336381297
C00117,12.840586,77.6512633,3,4,6.02698092291237,18.08094276873711
C00118,12.9463287,77.6815209,1,7,5.026598189459362,5.026598189459362
C00119,12.9853462,77.5708101,7,5,2.049952242128261,14.349665694897828
C00120,12.9524904,77.5773248,6,8,3.8471060769527328,23.082636461716397
C00121,12.9360247,77.7211769,6,7,3.170744212895443,19.02446527737266
C00122,12.9787862,77.6406827,2,1,1.301925164715061,2.603850329430122
C00123,13.0793576,77.607557,9,2,2.228767987964917,20.058911891684254
C00124,12.9466331,77.6186349,1,1,3.870604943340232,3.870604943340232
C00125,12.920006,77.6208506,5,8,3.951185998720876,19.75592999360438
C00126,13.0479002,77.5137672,15,5,7.239699887507136,108.59549831260705
C00127,12.9721449,77.6518743,2,1,2.660230205201758,5.320460410403516
C00128,12.9587374,77.5635594,2,5,4.54590812835771,9.09181625671542
C00129,12.999958,77.5526294,4,5,0.6563084184467146,2.6252336737868585
C00130,13.0191154,77.5851502,2,5,3.6014937404720566,7.202987480944113
C00131,12.9167139,77.6214094,1,8,4.012788782621093,4.012788782621093
C00132,13.0848432,77.6406397,3,2,5.852692352254635,17.558077056763903
C00133,12.9915545,77.5710486,2,5,1.6082847677465233,3.2165695354930466
C00134,12.9698194,77.6317472,5,1,1.1889414838569154,5.944707419284577
C00135,13.0295035,77.6379716,2,1,5.553219414937079,11.106438829874158
C00136,13.0813561,77.5597829,10,2,2.965568938018331,29.65568938018331
C00137,12.9827024,77.6346767,2,1,0.7002941704829068,1.4005883409658135
C00138,13.0018848,77.5944286,3,5,3.891368594852346,11.674105784557039
C00139,13.0553751,77.6322956,6,2,5.573404799735392,33.44042879841235
C00140,12.976856,77.5930816,1,1,3.8916306633590048,3.8916306633590048
C00141,13.0013412,77.6149976,4,1,2.7812667660271764,11.125067064108705
C00142,12.8983182,77.6198745,8,4,4.327655998158467,34.621247985267736
C00143,12.9366068,77.5176248,1,3,2.724510329762797,2.724510329762797
C00144,12.9827236,77.5871529,4,5,3.6089492316808447,14.435796926723379
C00145,12.9794855,77.6950527,4,7,3.5451084975585134,14.180433990234054
C00146,12.9540038,77.5801262,6,8,3.9635131999539213,23.78107919972353
C00147,12.931257,77.7418047,1,7,4.164373753893071,4.164373753893071
C00148,13.1284262,77.5725129,1,2,5.678029596358643,5.678029596358643
C00149,12.961826,77.6388929,5,1,2.3074865864841367,11.537432932420684
C00150,12.9416715,77.5251166,4,3,3.6547802826197735,14.619121130479094
C00151,12.9736956,77.6536931,4,1,2.7984350323091984,11.193740129236794
C00152,13.0108586,77.5069287,4,5,5.753366089191529,23.013464356766114
C00153,12.9371376,77.6241392,2,8,4.775433479855852,9.550866959711705
C00154,13.0258423,77.585423,4,5,4.114102350783282,16.45640940313313
C00155,12.9423428,77.6947814,4,7,4.006787951992249,16.027151807968995
C00156,13.0666217,77.5961004,2,2,1.700536267859572,3.401072535719144
C00157,13.1259046,77.5917583,12,2,5.201913527330115,62.42296232796138
C00158,12.9348122,77.612678,5,8,3.5555197824247236,17.77759891212362
C00159,12.8914399,77.577242,1,8,3.0923947543286823,3.0923947543286823
C00160,12.9151456,77.6325028,5,4,3.7247907220968957,18.623953610484477
C00161,13.1038383,77.5742273,2,2,3.0659584257165795,6.131916851433159
C00162,12.9713557,77.6063804,6,1,2.618722306580222,15.712333839481332
C00163,12.920717,77.6868756,7,4,4.158400825067571,29.108805775472998
C00164,12.981279,77.7088355,2,7,2.473950564810497,4.947901129620994
C00165,12.9492162,77.585193,7,8,3.405898863736302,23.841292046154116
C00166,12.9338175,77.6201615,4,8,4.229454473323295,16.91781789329318
C00167,12.8379839,77.6027762,6,4,8.776351031709963,52.65810619025977
C00168,13.1179122,77.6887357,13,6,5.256279491557697,68.33163339025006
C00169,12.9496369,77.5769836,3,8,3.5466954795492964,10.64008643864789
C00170,12.9582751,77.5866433,2,8,4.413981447465136,8.827962894930272
C00171,12.9212407,77.5721232,2,8,1.378437367784543,2.756874735569086
C00172,12.8775861,77.5445791,2,8,6.265294126596571,12.530588253193143
C00173,13.0510007,77.5077223,3,5,7.939106175031901,23.8173185250957
C00174,12.9586058,77.5649032,4,5,4.579683922594308,18.31873569037723
C00175,12.9691447,77.6244445,4,1,1.306288537981804,5.225154151927216
C00176,12.9728225,77.537934,6,5,3.7143931306845426,22.286358784107257
C00177,12.9409367,77.6958029,3,7,4.019185542260616,12.05755662678185
C00178,12.9743165,77.6076285,9,1,2.3845676606770065,21.46110894609306
C00179,12.9481356,77.5999766,3,8,3.6904296290282415,11.071288887084725
C00180,12.9916949,77.5710365,22,5,1.598709361577914,35.17160595471411
C00181,12.8976252,77.5994818,5,8,2.822095021196747,14.110475105983735
C00182,12.8807559,77.6455534,2,4,2.1429444118620706,4.285888823724141
C00183,12.9249266,77.6890972,2,4,4.659753637695563,9.319507275391127
C00184,13.1998005,77.7106771,5,6,4.715426372322529,23.577131861612646
C00185,12.9028697,77.5214198,3,3,4.429175328544301,13.287525985632904
C00186,13.040877,77.6183731,5,2,5.433149607075889,27.165748035379448
C00187,12.9556699,77.5402492,5,5,5.249495826298963,26.247479131494813
C00188,12.9733973,77.5781068,3,5,3.580491362914007,10.741474088742022
C00189,13.0978039,77.5811889,2,2,2.160511830155773,4.321023660311546
C00190,12.9531464,77.652966,1,1,3.979821670104111,3.979821670104111
C00191,13.0453792,77.6267297,2,2,5.704324974048237,11.408649948096475
C00192,13.0186697,77.6596016,6,1,5.42006023225551,32.520361393533065
C00193,12.9889735,77.5468723,4,5,1.7322774330632351,6.9291097322529405
C00194,13.024502,77.6033331,1,5,5.581851301374225,5.581851301374225
C00195,12.9063347,77.4691479,4,3,3.8169872547565777,15.267949019026311
C00196,12.882941,77.5831498,4,8,3.933871096935884,15.735484387743536
C00197,12.9558441,77.6928214,2,7,3.5121092480364133,7.024218496072827
C00198,13.002768,77.5536287,4,5,0.6535864171766803,2.6143456687067212
C00199,12.9284272,77.5365559,3,3,4.736758320765797,14.21027496229739
C00200,13.0401523,77.6794578,1,1,8.624479027835124,8.624479027835124
C00201,12.9034398,77.5161114,4,3,4.000155203325547,16.000620813302188
C00202,13.03553,77.5027084,5,5,7.263723137252306,36.31861568626153
C00203,12.9100981,77.5921837,7,8,1.2459818308315032,8.721872815820522
C00204,12.8349928,77.695376,7,4,7.644899330997401,53.5142953169818
C00205,12.8914742,77.5816905,1,8,3.0020883300972785,3.0020883300972785
C00206,13.0670424,77.5539093,2,2,3.8343699746981548,7.6687399493963095
C00207,12.9089414,77.6517168,5,4,1.8171727596577083,9.08586379828854
C00208,12.9713351,77.6068689,5,1,2.570438094608951,12.852190473044756
C00209,12.9288673,77.5850418,5,8,1.154090501382692,5.77045250691346
C00210,12.9611063,77.5089279,49,3,3.690665880786512,180.84262815853907
C00211,12.9284692,77.5839834,5,8,1.1099022106789478,5.549511053394739
C00212,12.9899192,77.5718369,7,5,1.7821823084177104,12.475276158923974
C00213,12.9334096,77.5622345,6,8,2.929657676774453,17.577946060646717
C00214,12.919989,77.5139568,5,3,2.609770402587327,13.048852012936635
C00215,12.933081,77.7426334,3,7,4.031395631834553,12.094186895503661
C00216,12.9622462,77.6189542,6,1,2.250867206201909,13.505203237211454
C00217,13.0363059,77.5748837,2,5,4.436018421326806,8.872036842653612
C00218,12.9049503,77.6958191,3,4,4.109903481482783,12.329710444448349
C00219,12.9143691,77.600264,2,8,1.770829395926687,3.541658791853374
C00220,12.93132,77.6088007,4,8,2.998688648207747,11.994754592830988
C00221,12.9965158,77.6684619,17,1,4.67380666727827,79.45471334373059
C00222,13.0691775,77.6154768,1,2,3.2791802413392386,3.2791802413392386
C00223,12.9733,77.6074809,5,1,2.4327200208849424,12.163600104424713
C00224,13.0481669,77.6288875,1,2,5.692176341522236,5.692176341522236
C00225,12.9875238,77.7469566,2,7,3.567199824532739,7.134399649065478
C00226,12.9975851,77.6136744,7,1,2.531473188603138,17.720312320221968
C00227,12.9222167,77.5893947,3,8,0.6754671119336269,2.0264013358008803
C00228,12.9386194,77.6968704,2,7,4.106796220828017,8.213592441656035
C00229,12.9334666,77.6208718,2,8,4.284973699722907,8.569947399445814
C00230,12.952795,77.6402944,5,1,3.2769602696894085,16.38480134844704
C00231,12.9375675,77.7476451,2,7,3.942806885919834,7.885613771839668
C00232,13.073014,77.7921381,4,7,14.10825758279985,56.4330303311994
C00233,13.1045677,77.4344668,3,2,16.78960717572957,50.368821527188715
C00234,12.8932294,77.6199699,2,4,4.297847588477457,8.595695176954914
C00235,12.980827,77.6397762,15,1,1.196960188542387,17.954402828135805
C00236,12.9603157,77.5930493,5,1,4.456783228613105,22.283916143065525
C00237,12.9365433,77.6067081,1,8,3.13456186124404,3.13456186124404
C00238,12.9738764,77.609241,4,1,2.231274270674469,8.925097082697876
C00239,12.8655685,77.6001278,2,8,6.095332137972695,12.19066427594539
C00240,12.9702558,77.6281889,6,1,1.0977306078846687,6.586383647308012
C00241,12.9048732,77.7251308,2,7,6.606540852729636,13.213081705459272
C00242,13.0420275,77.6196581,3,2,5.424468688809352,16.273406066428056
C00243,13.0753537,77.5676271,5,2,2.145637545628293,10.728187728141465
C00244,12.9641353,77.5513024,6,5,3.9977488950928195,23.986493370556918
C00245,12.9167282,77.5997303,1,8,1.665145008770549,1.665145008770549
C00246,12.9786029,77.6310756,3,1,0.30349845944056314,0.9104953783216894
C00247,12.9208893,77.5971712,2,8,1.402380621596407,2.804761243192814
C00248,12.9491329,77.6213403,2,1,3.5276396661369143,7.0552793322738285
C00249,12.9652692,77.6393889,11,1,2.011023035961647,22.12125339557812
C00250,12.9110517,77.6517239,4,4,2.0263847771930577,8.10553910877223
C00251,12.9366448,77.612113,1,8,3.611888214190272,3.611888214190272
C00252,12.9156309,77.6468534,6,4,2.7212900247093263,16.32774014825596
C00253,13.1050815,77.5928726,15,2,2.940829189142434,44.11243783713651
C00254,13.0287464,77.6638996,7,1,6.5934033355243935,46.153823348670755
C00255,13.0056502,77.5485621,1,5,1.288860790017624,1.288860790017624
C00256,13.0296128,77.5607646,2,5,3.338467936241968,6.676935872483936
C00257,12.9829836,77.5856052,8,5,3.450689787680964,27.605518301447713
C00258,13.0350701,77.5276471,2,5,5.177972022474223,10.355944044948446
C00259,12.9708565,77.6067087,5,1,2.6069976420303123,13.03498821015156
C00260,12.9251926,77.6803632,6,4,4.089165167317953,24.534991003907717
C00261,12.9314394,77.6913134,2,7,5.095965634509299,10.191931269018598
C00262,12.8482581,77.6625319,3,4,5.120916842166589,15.362750526499767
C00263,12.9227496,77.5839284,1,8,0.47936730865714133,0.47936730865714133
C00264,12.9179468,77.6493572,2,4,2.828490949853171,5.656981899706342
C00265,12.9977968,77.6959728,3,7,4.771653666604703,14.314960999814108
C00266,12.9672774,77.7163372,1,7,0.8784149750142987,0.8784149750142987
C00267,12.9698067,77.6383793,10,1,1.5493106746315992,15.493106746315991
C00268,12.9989861,77.550271,1,5,0.9124774762235888,0.9124774762235888
C00269,12.8897698,77.5941264,2,8,3.343023134505231,6.686046269010462
C00270,12.9435401,77.5618941,4,8,3.7057654113771323,14.82306164550853
C00271,13.0320546,77.5698106,9,5,3.7988985001945927,34.19008650175134
C00272,13.0308448,77.6686663,1,1,7.087995215469455,7.087995215469455
C00273,13.0040144,77.568516,7,5,1.1797089484790078,8.257962639353055
C00274,13.057495,77.5902182,3,2,2.4211771272898845,7.263531381869654
C00275,12.9789434,77.6331909,2,1,0.4981756067376614,0.9963512134753228
C00276,12.9858992,77.5557672,5,5,1.5404287686624978,7.702143843312489
C00277,12.9899286,77.7285916,4,7,2.8560324938770765,11.424129975508306
C00278,12.9696041,77.6243903,2,1,1.2611762865049057,2.5223525730098113
C00279,12.991464,77.6151865,3,1,1.934381064802172,5.803143194406516
C00280,12.9737687,77.643565,3,1,1.7547373241435704,5.2642119724307115
C00281,12.8763595,77.6026806,4,8,5.060845674626375,20.2433826985055
C00282,12.9164462,77.6072593,5,8,2.4816514852681433,12.408257426340716
C00283,13.023763,77.6029395,10,5,5.504449840344409,55.044498403444095
C00284,12.8916707,77.6195466,1,4,4.352478138185464,4.352478138185464
C00285,12.9826459,77.5374853,15,5,2.961906489800758,44.42859734701137
C00286,12.9017004,77.5823794,1,8,1.8688115665602167,1.8688115665602167
C00287,12.9898377,77.5550568,3,5,1.141232529981829,3.423697589945487
C00288,12.9796156,77.6413767,5,1,1.3697117349918608,6.848558674959304
C00289,12.9973063,77.6138674,4,1,2.4943917578583688,9.977567031433475
C00290,13.0520168,77.6460806,2,2,7.077875069775522,14.155750139551044
C00291,13.0383902,77.6640554,3,1,7.498402425270554,22.495207275811662
C00292,12.9385446,77.6261803,2,1,4.6148261504624415,9.229652300924883
C00293,12.9082067,77.6516183,2,4,1.75088027194542,3.50176054389084
C00294,12.9749863,77.6066026,6,1,2.4737518795883693,14.842511277530216
C00295,13.0987887,77.5728817,4,2,2.6613991000654322,10.645596400261729
C00296,13.0078677,77.5795899,2,5,2.452439918652735,4.90487983730547
C00297,13.0662346,77.5972173,6,2,1.8072088635678463,10.843253181407079
C00298,13.1412357,77.5260412,4,2,9.540059590987607,38.16023836395043
C00299,12.9174473,77.5777675,6,8,0.7391133862421404,4.434680317452843
C00300,12.9322826,77.5836572,5,8,1.5333310258667767,7.666655129333884
C00301,12.9635616,77.7493148,2,7,2.758235229941803,5.516470459883606
C00302,12.9365891,77.7503139,2,7,4.216713495474458,8.433426990948917
C00303,12.9636734,77.5740355,6,5,4.305058538386977,25.83035123032186
C00304,12.951206,77.5916371,5,8,3.707299684018113,18.536498420090567
C00305,12.935039,77.5859186,3,8,1.8422198328834807,5.526659498650442
C00306,12.9375291,77.6176417,4,8,4.172532181635583,16.690128726542333
C00307,12.9557182,77.7243611,8,7,0.9775638949383947,7.8205111595071575
C00308,13.0367319,77.5237031,2,5,5.599779376232148,11.199558752464297
C00309,13.0575391,77.6439643,5,2,6.6262206088983255,33.131103044491624
C00310,12.9147654,77.6383124,3,4,3.2214848189184635,9.66445445675539
C00311,12.9812894,77.610261,3,1,2.0133914320035466,6.04017429601064
C00312,13.0287107,77.5193387,7,5,5.352712080306813,37.46898456214769
C00313,12.9784564,77.708794,6,7,2.2527073211339395,13.516243926803636
C00314,13.0483167,77.574566,6,2,3.669994964217293,22.019969785303758
C00315,13.1095538,77.6344905,8,2,6.153582703534075,49.2286616282726
C00316,12.9870531,77.5946559,3,1,3.781354945512139,11.344064836536418
C00317,13.0582022,77.6437419,5,2,6.577485098465622,32.887425492328106
C00318,12.9766767,77.5761455,3,5,3.162036970427231,9.486110911281694
C00319,12.8920902,77.5815631,4,8,2.935730396801432,11.742921587205728
C00320,13.0032862,77.5499273,3,5,1.0353075249592463,3.105922574877739
C00321,13.086031,77.6862593,4,6,8.772546570749066,35.090186282996264
C00322,12.8975618,77.5464399,5,8,4.735522417992108,23.67761208996054
C00323,13.0283661,77.5863827,2,5,4.387209208271328,8.774418416542655
C00324,12.9943339,77.6155865,14,1,2.124123036683075,29.737722513563046
C00325,12.9875385,77.7461558,2,7,3.507997261302577,7.015994522605154
C00326,12.966924,77.5745737,1,5,4.0007095200971925,4.0007095200971925
C00327,12.9730408,77.6154753,7,1,1.644346835668277,11.51042784967794
C00328,13.0554499,77.6002759,6,2,2.99121472805959,17.94728836835754
C00329,12.9785564,77.6294684,5,1,0.1925340718060482,0.962670359030241
C00330,12.9824433,77.5927509,5,1,3.9184958213045,19.5924791065225
C00331,12.910925,77.6098697,3,8,2.8784744450042132,8.63542333501264
C00332,12.9564476,77.6963172,2,7,3.129029772430085,6.25805954486017
C00333,13.0146244,77.5852695,4,5,3.3371354592957823,13.348541837183129
C00334,12.9390389,77.6259421,2,1,4.561879663624309,9.123759327248617
C00335,13.0380621,77.6261302,7,2,6.2204280012576705,43.54299600880369
C00336,12.9945193,77.7578103,3,7,4.95442249059495,14.863267471784848
C00337,12.9709404,77.6402441,2,1,1.609925702482059,3.219851404964118
C00338,12.9884188,77.5378231,3,5,2.5741633106886614,7.722489932065985
C00339,12.9511633,77.6402859,4,1,3.4442627894062166,13.777051157624866
C00340,13.0610952,77.5065467,2,5,8.85646452765822,17.71292905531644
C00341,12.9276696,77.5150909,2,3,2.4327098027550904,4.865419605510181
C00342,12.9444948,77.6297409,4,1,3.9489812662804864,15.795925065121946
C00343,12.8929425,77.6077625,4,8,3.7892322058180783,15.156928823272313
C00344,12.9919093,77.5705987,2,5,1.5459204771432298,3.0918409542864596
C00345,13.016181,77.5726554,2,5,2.3890526480253227,4.778105296050645
C00346,12.8620669,77.5639299,4,8,6.629263385873091,26.517053543492363
C00347,12.8843474,77.596172,1,8,3.982684265802547,3.982684265802547
C00348,12.9684464,77.6371542,1,1,1.5837636246624023,1.5837636246624023
C00349,12.973471,77.6064612,2,1,2.5325316291769284,5.065063258353857
C00350,12.9262096,77.6868139,3,4,4.6001788253962035,13.800536476188611
C00351,13.0240558,77.6240521,4,1,4.886539605396768,19.546158421587073
C00352,12.9588832,77.7192399,9,7,0.8070399262902898,7.2633593366126075
C00353,12.9798339,77.6361209,6,1,0.7986306501576305,4.7917839009457825
C00354,13.0833428,77.6435579,3,2,6.152851596880613,18.458554790641838
C00355,13.0247172,77.5483657,3,5,3.0042162958989382,9.012648887696814
C00356,12.9860932,77.7466835,2,7,3.4346232958688354,6.869246591737671
C00357,13.0276245,77.6324005,3,1,5.269417899814894,15.808253699444684
C00358,13.0142084,77.6362576,3,1,3.856141610222284,11.568424830666851
C00359,12.971597,77.5941126,4,1,3.8800167654914426,15.52006706196577
C00360,12.9296699,77.58844,2,8,1.3131848595148392,2.6263697190296784
C00361,12.983068,77.5959854,5,1,3.573746745389023,17.868733726945113
C00362,12.9702309,77.7308598,10,7,0.9814075137408359,9.81407513740836
C00363,12.913824,77.6325155,3,4,3.6354147061439446,10.906244118431834
C00364,13.011218,77.5554078,4,5,1.341738616040712,5.366954464162848
C00365,12.913213,77.6445226,5,4,2.6421822361259752,13.210911180629877
C00366,12.996409,77.6289225,3,1,1.7992595545732395,5.397778663719718
C00367,12.9917517,77.5576615,4,5,0.8670681859472631,3.4682727437890524
C00368,12.9423878,77.7474336,3,7,3.539194947989451,10.617584843968354
C00369,12.8664201,77.5354575,4,8,7.844307711026869,31.377230844107476
C00370,13.0096891,77.644262,2,1,3.676375984012028,7.352751968024056
C00371,13.0408816,77.5892901,3,2,4.242334763598014,12.727004290794042
C00372,12.9827478,77.5940108,5,1,3.784426551990705,18.922132759953524
C00373,12.9773082,77.5750587,9,5,3.0357627938378693,27.321865144540823
C00374,12.9210453,77.5835608,6,8,0.30419554093111784,1.825173245586707
C00375,12.8922252,77.6247786,15,4,3.7814553635135715,56.72183045270357
C00376,13.0339935,77.5688182,2,5,3.9716769209667944,7.943353841933589
C00377,12.9727753,77.606803,6,1,2.520967199849455,15.12580319909673
C00378,12.9591346,77.6565349,4,1,3.8078756985841764,15.231502794336706
C00379,12.9595569,77.5142941,15,3,3.857336494017134,57.86004741025701
C00380,12.9519348,77.7027723,2,7,2.6877884913673635,5.375576982734727
C00381,12.9876923,77.6769799,2,1,5.299549182073051,10.599098364146101
C00382,12.973415,77.6164258,2,1,1.5339817902836772,3.0679635805673544
C00383,13.0005913,77.5634317,1,5,0.5313033476343939,0.5313033476343939
C00384,13.1308842,77.4190932,2,2,19.09802561396881,38.19605122793762
C00385,13.0748888,77.6189885,2,2,3.500951147163359,7.001902294326718
C00386,12.8919438,77.5801537,4,8,2.9722507426423657,11.889002970569463
C00387,12.934111,77.7448542,4,7,4.063066250641799,16.252265002567196
C00388,12.95223,77.6526779,12,1,4.036405544240754,48.43686653088905
C00389,12.8026883,77.5088247,6,3,14.373747015586558,86.24248209351934
C00390,13.0318378,77.6124561,2,2,5.91941626403712,11.83883252807424
C00391,12.9976869,77.5511653,2,5,0.8384856843707602,1.6769713687415204
C00392,12.987562,77.726836,5,7,2.568289722344181,12.841448611720905
C00393,12.9750833,77.6517316,1,1,2.5550302433731082,2.5550302433731082
C00394,12.910813,77.6403798,12,4,2.759532582413395,33.114390988960736
C00395,12.9724001,77.6510384,8,1,2.565257158252562,20.522057266020497
C00396,12.9273325,77.5182504,2,3,2.7769734456933604,5.553946891386721
C00397,12.9865466,77.5950151,1,1,3.7321445818879395,3.7321445818879395
C00398,12.9179144,77.5967581,9,8,1.3327458417638804,11.994712575874924
C00399,12.9898189,77.6540261,3,1,2.942870638384579,8.828611915153736
C00400,12.9320659,77.6182289,8,8,3.9604667311945296,31.683733849556237
C00401,12.9172731,77.6450753,1,4,2.9767029556994253,2.9767029556994253
C00402,13.0363508,77.5980075,2,2,4.884521324710636,9.769042649421271
C00403,12.9207274,77.5835381,3,8,0.2722142802620523,0.8166428407861569
C00404,13.0036418,77.5700467,3,5,1.317395337489991,3.952186012469973
C00405,12.9528642,77.5289366,2,3,4.550512581131377,9.101025162262754
C00406,12.9748728,77.6065328,5,1,2.4840527382855897,12.420263691427948
C00407,13.0034433,77.6323983,2,1,2.607757233154341,5.215514466308682
C00408,12.8478047,77.7648328,3,4,12.548063624279708,37.644190872839125
C00409,12.9482393,77.6988082,4,7,3.2704812025736643,13.081924810294657
C00410,12.9602743,77.7199662,5,7,0.6388252224359475,3.1941261121797377
C00411,12.9386698,77.5524175,5,8,4.139853765962608,20.699268829813036
C00412,13.0024232,77.6613912,2,1,4.314517520703084,8.629035041406167
C00413,12.9588096,77.6177216,1,1,2.6500340827278563,2.6500340827278563
C00414,12.9393275,77.7294836,8,7,2.855377713401153,22.843021707209225
C00415,12.9701199,77.5762439,4,5,3.7731924902769607,15.092769961107843
C00416,12.9723374,77.6187616,2,1,1.3892248975198989,2.7784497950397977
C00417,12.9355699,77.6142407,10,8,3.744285092070451,37.44285092070451
C00418,12.9522605,77.7002399,4,7,2.9092548741024418,11.637019496409767
C00419,12.9294386,77.6325022,8,4,4.86170114458212,38.89360915665696
C00420,12.9983605,77.5491093,3,5,1.0445965443342735,3.1337896330028205
C00421,12.9797866,77.6211119,14,1,0.832533790221191,11.655473063096673
C00422,12.965423,77.6419072,11,1,2.1664241321279336,23.83066545340727
C00423,13.0074466,77.5488708,3,5,1.3777051081262435,4.13311532437873
C00424,12.8814903,77.4633765,7,3,6.416491628780343,44.9154414014624
C00425,13.0230217,77.6431387,5,1,4.994884980132024,24.97442490066012
C00426,13.0238806,77.643224,9,1,5.088143713569568,45.79329342212611
C00427,12.876884,77.6392801,2,4,2.933411145533867,5.866822291067734
C00428,13.0639147,77.589641,5,2,1.7093775683704413,8.546887841852207
C00429,12.9570283,77.5694518,7,8,4.571564668087949,32.00095267661564
C00430,13.0056248,77.5622366,1,5,0.7790151218634264,0.7790151218634264
C00431,12.8297065,77.6818318,1,4,7.562725872402412,7.562725872402412
C00432,13.0687676,77.5547451,1,2,3.685616686855094,3.685616686855094
C00433,12.8896776,77.5820164,3,8,3.1968207795271693,9.590462338581508
C00434,12.8998618,77.6085502,5,8,3.3253845677153446,16.626922838576725
C00435,12.9747199,77.584898,10,5,3.9560757820733787,39.560757820733784
C00436,12.9622109,77.5954049,3,1,4.131257788924025,12.393773366772077
C00437,12.8984265,77.6107309,10,8,3.6097855690875016,36.097855690875015
C00438,12.9512344,77.5870455,1,8,3.639002858284252,3.639002858284252
C00439,12.9015042,77.5441292,1,8,4.767959520070869,4.767959520070869
C00440,13.0035647,77.5127828,3,5,4.99961979485696,14.99885938457088
C00441,12.9586983,77.5356684,4,5,5.16235023051759,20.64940092207036
C00442,12.9626393,77.5857113,3,8,4.8926882829943485,14.678064848983045
C00443,12.9329962,77.5850947,1,8,1.6109222818068096,1.6109222818068096
C00444,12.9191813,77.6381379,3,4,3.59249206879343,10.77747620638029
C00445,12.9700452,77.6407993,1,1,1.7197794524073915,1.7197794524073915
C00446,13.0164088,77.5682496,5,5,2.1393757077167264,10.696878538583633
C00447,12.8759894,77.5955735,4,8,4.852130651669511,19.408522606678044
C00448,12.9757596,77.5975294,2,1,3.426352236952112,6.852704473904224
C00449,12.8488383,77.6575738,2,4,5.050727561546222,10.101455123092444
C00450,13.129855,77.5870592,2,2,5.613717425540504,11.227434851081007
C00451,12.9604853,77.5680425,3,5,4.439631764807713,13.318895294423138
C00452,13.0579806,77.5942266,6,2,2.4695402637263744,14.817241582358246
C00453,13.0038285,77.6154682,2,1,2.9920716196478447,5.9841432392956895
C00454,12.9675719,77.5746436,5,5,3.9394797750570953,19.697398875285476
C00455,13.0770012,77.5581038,2,2,3.146578652134469,6.293157304268938
C00456,12.9447294,77.4964669,2,3,1.4973461428173056,2.994692285634611
C00457,12.8645386,77.5982045,3,8,6.151046694556091,18.453140083668274
C00458,12.9444702,77.5847747,2,8,2.8798660931912723,5.759732186382545
C00459,12.9152752,77.5394034,2,8,4.9088919429549085,9.817783885909817
C00460,12.9239802,77.5837211,1,8,0.6173688288586173,0.6173688288586173
C00461,12.9745173,77.6074333,13,1,2.399092130920532,31.188197701966917
C00462,13.0011064,77.5969579,3,1,4.159925998268523,12.47977799480557
C00463,12.928997,77.5861425,2,8,1.1805352479009343,2.3610704958018687
C00464,13.0146472,77.5782943,4,5,2.7100852391533516,10.840340956613407
C00465,12.9432666,77.5585119,3,8,3.9373477231045646,11.812043169313693
C00466,12.9751276,77.6472097,3,1,2.077607416615078,6.232822249845234
C00467,12.9895972,77.7280808,5,7,2.8105095039859522,14.05254751992976
C00468,12.967291,77.5429164,6,5,3.9560084709012897,23.736050825407737
C00469,12.9756151,77.6411895,2,1,1.4387539966060643,2.8775079932121286
C00470,12.9752011,77.6041985,2,1,2.7234368321845457,5.446873664369091
C00471,12.9528447,77.571206,3,8,4.071013819182061,12.213041457546183
C00472,12.9510527,77.5911638,1,8,3.6802545243924945,3.6802545243924945
C00473,12.9785778,77.5720175,1,5,2.7346050578735612,2.7346050578735612
C00474,12.9690294,77.7500256,9,7,2.8765520062925516,25.888968056632965
C00475,12.908221,77.6403396,11,4,2.5834917793841186,28.418409573225304
C00476,12.9656927,77.6001774,3,1,3.4927661110852997,10.4782983332559
C00477,13.0052576,77.5715263,5,5,1.534074212915865,7.670371064579325
C00478,13.0397397,77.5640747,4,5,4.490244487755037,17.960977951020148
C00479,12.9047743,77.6919057,29,4,3.698229219959659,107.24864737883011
C00480,12.934246,77.6157354,7,8,3.8158330171489543,26.71083112004268
C00481,13.0185287,77.6549166,3,1,5.108694437855311,15.326083313565933
C00482,12.9776695,77.5553656,2,5,2.4453339555432883,4.8906679110865765
C00483,13.0069903,77.7543365,1,7,5.743206255651256,5.743206255651256
C00484,12.953323,77.6498665,4,1,3.7507191117720695,15.002876447088278
C00485,13.0412578,77.5902846,2,2,4.208475219620392,8.416950439240784
C00486,12.9401156,77.5839124,1,8,2.3985200128483264,2.3985200128483264
C00487,12.9712331,77.5373405,2,5,3.893799651945343,7.787599303890686
C00488,13.0370746,77.5656715,2,5,4.225707963010599,8.451415926021198
C00489,12.81802,77.4928871,11,3,12.574236149132863,138.3165976404615
C00490,13.0544797,77.6710295,6,1,9.419819493175542,56.51891695905325
C00491,13.0020607,77.6324471,3,1,2.457424217249876,7.372272651749627
C00492,12.9734934,77.6078611,9,1,2.3868379069605297,21.481541162644767
C00493,13.0222667,77.6470832,4,1,5.067705560609934,20.270822242439735
C00494,12.9375545,77.6281177,2,1,4.716381600708321,9.432763201416641
C00495,12.8720023,77.5701117,10,8,5.3739962136861985,53.73996213686198
C00496,12.9491696,77.5853015,5,8,3.40102432476203,17.00512162381015
C00497,12.9720123,77.6409807,2,1,1.6029442600128379,3.2058885200256757
C00498,12.9595272,77.6564161,3,1,3.771199082425789,11.313597247277368
C00499,13.0395699,77.6073304,2,2,4.90372314638066,9.80744629276132
C00500,13.0639378,77.5899559,1,2,1.7128840742724143,1.7128840742724143
C00501,12.8846435,77.5527546,6,8,5.088012278957044,30.528073673742263
C00502,12.9043117,77.568727,13,8,2.3201346829340523,30.16175087814268
C00503,13.0090515,77.5807017,1,5,2.6146837223245187,2.6146837223245187
C00504,12.9720694,77.6089097,5,1,2.3346345065480665,11.673172532740333
C00505,12.9757691,77.6228178,2,1,0.8084349147987798,1.6168698295975596
C00506,12.9443543,77.6945749,2,7,3.892551707700986,7.785103415401972
C00507,12.9607836,77.6003789,2,1,3.754945118745253,7.509890237490506
C00508,12.9479149,77.5794869,2,8,3.3060569958679547,6.612113991735909
C00509,13.0303875,77.6079607,3,2,5.855850108781917,17.567550326345753
C00510,13.0007109,77.6239498,2,1,2.334818941321464,4.669637882642928
C00511,13.020096,77.6929133,4,7,7.011884774891593,28.04753909956637
C00512,12.9188259,77.6701594,3,4,2.9377211797993774,8.813163539398133
C00513,12.9714816,77.7064422,3,7,2.048409770866125,6.145229312598375
C00514,12.9945449,77.6084153,2,1,2.7240080355862664,5.448016071172533
C00515,12.9555907,77.7253412,2,7,1.0023333769980305,2.004666753996061
C00516,12.91268,77.679947,6,4,3.0002816162858554,18.001689697715133
C00517,12.9479011,77.6993831,5,7,3.239744629011768,16.19872314505884
C00518,12.8966309,77.5862714,2,8,2.4234559398362965,4.846911879672593
C00519,12.9369135,77.6905688,4,7,4.740672395871855,18.96268958348742
C00520,12.9548407,77.6491037,6,1,3.5672885976590667,21.4037315859544
C00521,12.9791558,77.6355262,1,1,0.7415846472180141,0.7415846472180141
C00522,13.0882301,77.5560431,5,2,3.5085090229201246,17.54254511460062
C00523,12.9140448,77.6383391,2,4,3.1641340419906245,6.328268083981249
C00524,12.9721987,77.6976091,5,7,2.980909724659671,14.904548623298355
C00525,12.9745034,77.7212365,2,7,1.1412935294791584,2.282587058958317
C00526,12.984305,77.7515099,1,7,3.708723465586843,3.708723465586843
C00527,12.9271045,77.5763095,1,8,1.3064860584210394,1.3064860584210394
C00528,12.9560863,77.5771714,3,8,4.240765729969461,12.722297189908385
C00529,13.0068743,77.6125185,4,1,3.443909173927184,13.775636695708736
C00530,13.0217392,77.6397872,2,1,4.755968265099202,9.511936530198405
C00531,12.9200698,77.667263,5,4,2.9606917638432817,14.80345881921641
C00532,12.8466888,77.6715401,1,4,5.442937537572419,5.442937537572419
C00533,12.937648,77.6267717,3,1,4.710501460671723,14.13150438201517
C00534,12.9118578,77.6517238,1,4,2.1077765260248276,2.1077765260248276
C00535,12.8376225,77.6581721,2,4,6.2895702955453485,12.579140591090697
C00536,12.910803,77.5787134,3,8,1.0544036986258256,3.163211095877477
C00537,12.9810472,77.6371441,2,1,0.9142517972650641,1.8285035945301282
C00538,12.9964948,77.5632993,3,5,0.6050036844788178,1.8150110534364534
C00539,12.953493,77.7180598,7,7,1.3789461773097362,9.652623241168154
C00540,13.0197834,77.673589,2,1,6.550735862676323,13.101471725352646
C00541,13.0276331,77.63229,6,1,5.26948409838216,31.616904590292958
C00542,13.0147187,77.5539779,2,5,1.7570654314634213,3.5141308629268426
C00543,12.9894159,77.556053,5,5,1.154047063364524,5.770235316822619
C00544,12.832975,77.5891537,9,8,9.47555206347766,85.27996857129895
C00545,13.0860793,77.5556803,1,2,3.4861968999254027,3.4861968999254027
C00546,12.9176041,77.5927545,2,8,0.9016119131048921,1.8032238262097842
C00547,12.8564021,77.6634179,5,4,4.23013394180237,21.15066970901185
C00548,13.0257924,77.6037965,3,5,5.6971533162695005,17.091459948808502
C00549,12.9978986,77.4895384,4,3,7.345638212119924,29.382552848479698
C00550,12.9079064,77.640438,2,4,2.55437864005755,5.1087572801151
C00551,12.9592729,77.5360288,4,5,5.087760941745252,20.351043766981007
C00552,12.9706111,77.6447314,3,1,2.029372844925859,6.088118534777577
C00553,12.906053,77.5897421,8,8,1.4862954995527249,11.890363996421799
C00554,12.8749691,77.5950421,4,8,4.947950861207074,19.791803444828297
C00555,12.9879742,77.5764499,4,5,2.3159297839393695,9.263719135757478
C00556,13.1677718,77.6250708,2,6,6.531763993310919,13.063527986621837
C00557,12.9642449,77.5923432,2,1,4.3291796944888175,8.658359388977635
C00558,12.9231939,77.5851987,2,8,0.5300759180233597,1.0601518360467195
C00559,13.0018028,77.5712157,4,5,1.3860597474567604,5.544238989827042
C00560,12.9610494,77.5124747,2,3,3.8801737796702227,7.760347559340445
C00561,12.8906819,77.5819411,4,8,3.0867854659430654,12.347141863772261
C00562,12.9675529,77.6109517,14,1,2.385118384749032,33.39165738648645
C00563,12.9689388,77.5950441,6,1,3.8662761474054985,23.19765688443299
C00564,12.9752206,77.6221318,3,1,0.904454593318176,2.713363779954528
C00565,12.9680925,77.5700945,8,5,3.6939618535466003,29.551694828372803
C00566,13.0014935,77.5694596,2,5,1.1923967361600019,2.3847934723200037
C00567,13.0387546,77.6415959,1,1,6.634457729733572,6.634457729733572
C00568,12.992784,77.5742564,2,5,1.8500657922696118,3.7001315845392235
C00569,12.9755955,77.6164167,1,1,1.4330993202367754,1.4330993202367754
C00570,13.0021998,77.6251814,3,1,2.4711354514886583,7.413406354465975
C00571,12.8991373,77.7131919,3,4,5.851314989694639,17.553944969083915
C00572,13.0334391,77.5557171,11,5,3.7677343597130397,41.445077956843434
C00573,12.9109842,77.6001833,4,8,1.893480599058351,7.573922396233404
C00574,13.0627726,77.5872356,3,2,1.812107188920197,5.436321566760591
C00575,13.0682587,77.5566819,6,2,3.5054871038617477,21.032922623170485
C00576,13.0230704,77.6508206,1,1,5.319447182193185,5.319447182193185
C00577,12.973528,77.6203608,4,1,1.1713246629563745,4.685298651825498
C00578,13.0285112,77.5835663,6,5,4.195728512639093,25.174371075834557
C00579,13.0342601,77.574479,1,5,4.2110275631278205,4.2110275631278205
C00580,12.9140082,77.607945,7,8,2.5932826218157365,18.152978352710157
C00581,12.9688815,77.5791931,4,5,4.058674337578591,16.234697350314363
C00582,12.9701273,77.6445989,2,1,2.045668799713902,4.091337599427804
C00583,13.0085545,77.5635455,5,5,1.131622752051924,5.65811376025962
C00584,12.9565025,77.7455903,16,7,2.5143963931992017,40.23034229118723
C00585,12.9155206,77.6449606,4,4,2.82068416723467,11.28273666893868
C00586,13.0765293,77.5937558,4,2,0.7861394366061417,3.144557746424567
C00587,13.0082237,77.6952052,2,7,5.754429339201241,11.508858678402483
C00588,12.8662453,77.7683221,2,7,11.901786398277485,23.80357279655497
C00589,13.0636881,77.5905633,6,2,1.7533197598044703,10.519918558826822
C00590,13.0011065,77.624216,2,1,2.3713221899830517,4.742644379966103
C00591,12.9093844,77.6378877,3,4,2.8748714728467664,8.624614418540299
C00592,12.9378029,77.5755637,2,8,2.35105862727357,4.70211725454714
C00593,12.9858618,77.5877734,5,5,3.5034658026594676,17.51732901329734
C00594,12.9505504,77.5934449,4,8,3.683212452002364,14.732849808009457
C00595,12.9862367,77.5707724,7,5,1.9727790698149223,13.809453488704456
C00596,12.9188186,77.6097984,2,8,2.7476583389062994,5.495316677812599
C00597,12.9693009,77.6317545,3,1,1.2444827693456226,3.733448308036868
C00598,12.9368587,77.6200385,2,8,4.36384401292318,8.72768802584636
C00599,12.9623762,77.7165261,2,7,0.8387986925081717,1.6775973850163435
C00600,12.9269593,77.5454463,4,8,4.343263974859298,17.37305589943719
C00601,12.9719543,77.6409398,6,1,1.6029026811220715,9.61741608673243
C00602,12.9243833,77.4867217,2,3,1.0555634357476134,2.1111268714952267
C00603,12.8889433,77.6027595,6,8,3.8216111633853664,22.9296669803122
C00604,12.9012706,77.7079872,9,4,5.317039805484212,47.85335824935791
C00605,12.9841703,77.5869736,4,5,3.5120488578955706,14.048195431582283
C00606,13.1025916,77.6292752,12,2,5.268985410944882,63.22782493133859
C00607,12.9485561,77.5806108,2,8,3.3585879827564096,6.717175965512819
C00608,13.0370574,77.5896455,1,2,4.66719950510795,4.66719950510795
C00609,13.0006319,77.663217,1,1,4.372629052043673,4.372629052043673
C00610,12.9681189,77.54325,9,5,3.857721463910673,34.71949317519606
C00611,12.9100655,77.5921205,5,8,1.24408629172897,6.22043145864485
C00612,12.9036309,77.5440956,3,8,4.683726521657264,14.051179564971793
C00613,12.9061152,77.5887159,4,8,1.440726327037871,5.762905308151484
C00614,12.9166545,77.5942339,2,8,1.0759389381599367,2.1518778763198734
C00615,12.9456627,77.570339,18,8,3.381295047886254,60.86331086195257
C00616,12.9659365,77.7138374,4,7,1.106710153902529,4.426840615610116
C00617,12.9510578,77.5829803,4,8,3.612661844486055,14.45064737794422
C00618,13.0012808,77.5783329,6,5,2.1442889508763447,12.86573370525807
C00619,12.8794525,77.7615986,5,7,10.26942967501509,51.34714837507545
C00620,13.0687552,77.6034879,4,2,2.125010360092608,8.500041440370431
C00621,13.0068461,77.5691003,2,5,1.3933090863684592,2.7866181727369184
C00622,12.9503659,77.6151518,5,1,3.6139776009831914,18.069888004915956
C00623,12.9126891,77.6325502,12,4,3.559545553438751,42.71454664126501
C00624,12.97241,77.6511337,9,1,2.574643645727507,23.17179281154756
C00625,13.0636616,77.5899684,10,2,1.7431819402630342,17.431819402630342
C00626,12.9105841,77.6008291,2,8,1.975929092553505,3.95185818510701
C00627,12.9607841,77.7148673,2,7,1.0681971877311662,2.1363943754623325
C00628,12.9396495,77.5853022,3,8,2.3477190276939375,7.043157083081812
C00629,12.9564551,77.709996,3,7,1.7577667236870054,5.273300171061016
C00630,12.9785713,77.4778584,7,3,5.451867917096607,38.16307541967625
C00631,13.0282177,77.6207124,1,1,5.391758868442117,5.391758868442117
C00632,12.9757481,77.5373265,10,5,3.505474522399745,35.05474522399745
C00633,12.9350476,77.613283,3,8,3.625340634124075,10.876021902372225
C00634,12.9738188,77.5910912,2,1,4.150258508923265,8.30051701784653
C00635,13.0065349,77.6237528,2,1,2.970479854064304,5.940959708128608
C00636,12.965757,77.5904035,1,1,4.4598139536988874,4.4598139536988874
C00637,12.9562633,77.7295136,6,7,1.0985067439593934,6.591040463756361
C00638,12.8801983,77.5144615,3,3,6.148549832991601,18.445649498974802
C00639,13.0242739,77.5981924,1,5,5.090986350878359,5.090986350878359
C00640,12.967716,77.5054094,1,3,4.214282605507935,4.214282605507935
C00641,12.9149968,77.6449862,3,4,2.771282738044905,8.313848214134715
C00642,13.0811411,77.5879745,11,2,0.24441716702325084,2.688588837255759
C00643,12.9856882,77.5565229,3,5,1.5489138239211115,4.646741471763335
C00644,12.980087,77.6461181,1,1,1.8831480494446862,1.8831480494446862
C00645,13.0014995,77.6308859,3,1,2.373814147516501,7.121442442549503
C00646,12.9196523,77.6114056,3,8,2.924879671925717,8.77463901577715
C00647,12.9572056,77.7371941,1,7,1.6531588898081024,1.6531588898081024
C00648,13.0039619,77.6273052,3,1,2.6400742693657633,7.920222808097289
C00649,12.9635773,77.7481446,3,7,2.631210654671666,7.893631964014999
C00650,13.0708682,77.5895852,5,2,0.9572159782996702,4.786079891498351
C00651,13.0958449,77.7353505,12,6,9.415007613465141,112.98009136158169
C00652,13.0113593,77.5566723,7,5,1.3277622228998973,9.294335560299281
C00653,12.9946468,77.6092321,3,1,2.6593743905003744,7.978123171501123
C00654,12.976722,77.5933363,2,1,3.865535589561719,7.731071179123438
C00655,12.9857143,77.6462187,20,1,1.9914740529911,39.829481059822
C00656,13.0374105,77.6082063,3,2,5.16003085884744,15.48009257654232
C00657,12.9739057,77.7530511,3,7,3.3274485619794674,9.982345685938402
C00658,12.9642138,77.5776413,3,5,4.418399915091725,13.255199745275174
C00659,12.9368847,77.6246206,4,8,4.81066555996609,19.24266223986436
C00660,12.9617515,77.7302214,3,7,0.7494883174056987,2.248464952217096
C00661,12.9677987,77.654435,2,1,3.1037875249247366,6.207575049849473
C00662,12.9692952,77.5766217,2,5,3.872701495715719,7.745402991431438
C00663,12.931392,77.5683011,3,8,2.267805481302689,6.803416443908066
C00664,12.8899259,77.6392156,2,4,2.26130681436019,4.52261362872038
C00665,12.9607436,77.6389824,2,1,2.4179634021082386,4.835926804216477
C00666,13.0238561,77.7469162,4,7,7.025003516371922,28.100014065487688
C00667,12.9607301,77.527248,3,3,4.91567401720115,14.74702205160345
C00668,13.0474129,77.628536,10,2,5.712712003006579,57.12712003006579
C00669,13.005019,77.6239403,1,1,2.8018083830394582,2.8018083830394582
C00670,12.9646524,77.6602981,7,1,3.8288131355572133,26.801691948900494
C00671,13.0062108,77.5712536,8,5,1.5545567501951698,12.436454001561358
C00672,12.9700441,77.5764584,1,5,3.792242952528956,3.792242952528956
C00673,13.0198088,77.5837552,3,5,3.530114788395024,10.590344365185071
C00674,12.9592212,77.7182084,3,7,0.8558479212921692,2.5675437638765075
C00675,12.9872074,77.7538642,1,7,4.106109494711778,4.106109494711778
C00676,12.9945667,77.5691333,2,5,1.2623613470631472,2.5247226941262944
C00677,13.0541756,77.6019547,2,2,3.2038287604971987,6.407657520994397
C00678,12.975719,77.606009,11,1,2.5194255530937375,27.713681084031112
C00679,13.033163,77.5691004,6,5,3.8922524313821,23.353514588292597
C00680,12.8593715,77.5703418,8,8,6.718300962493156,53.746407699945244
C00681,13.0489302,77.5977161,6,2,3.5399887256026235,21.239932353615742
C00682,12.9099986,77.5928725,2,8,1.3051533982289194,2.610306796457839
C00683,12.9723773,77.6165146,2,1,1.5849241185221992,3.1698482370443983
C00684,12.9228872,77.6174916,5,8,3.6161344023666446,18.080672011833222
C00685,12.912102,77.4916924,1,3,2.1657494484492306,2.1657494484492306
C00686,13.0296603,77.5805059,5,5,4.0927857637635245,20.46392881881762
C00687,12.9688306,77.7999412,3,7,8.266640105183019,24.799920315549056
C00688,12.9394985,77.7230174,3,7,2.773823510384906,8.321470531154718
C00689,12.9086939,77.6037357,5,8,2.35197409604995,11.75987048024975
C00690,13.0674903,77.5754418,5,2,1.8004678932929914,9.002339466464957
C00691,13.0752074,77.5576357,3,2,3.218053995579716,9.654161986739147
C00692,13.0053362,77.5715593,7,5,1.5409482456469172,10.786637719528422
C00693,12.9987069,77.5699054,2,5,1.224026219078234,2.448052438156468
C00694,12.9701239,77.6357946,5,1,1.3470443430103476,6.735221715051738
C00695,13.0553344,77.6002401,5,2,3.000571113211382,15.00285556605691
C00696,12.9261578,77.6761827,3,4,3.9512303467133587,11.853691040140076
C00697,12.9986872,77.5531093,4,5,0.6095255326332814,2.4381021305331254
C00698,12.841845,77.6770949,1,4,6.125233307125728,6.125233307125728
C00699,12.9106109,77.6520674,6,4,1.9665077436695106,11.799046462017063
C00700,12.9783733,77.576356,3,5,3.0283835572790823,9.085150671837248
C00701,12.9383901,77.7469296,2,7,3.8231015894262197,7.646203178852439
C00702,12.9582555,77.7031243,7,7,2.363669411392461,16.545685879747225
C00703,12.9592189,77.6550673,2,1,3.6771543287149364,7.354308657429873
C00704,12.9811714,77.6059779,1,1,2.4769916476875307,2.4769916476875307
C00705,13.0605758,77.5939077,1,2,2.186865585965866,2.186865585965866
C00706,13.0684459,77.5543868,5,2,3.7337215998982227,18.668607999491115
C00707,13.0933683,77.5939798,1,2,1.7465898039490706,1.7465898039490706
C00708,12.9558306,77.7137275,11,7,1.468497990481544,16.153477895296984
C00709,12.9288251,77.6303011,1,4,4.957242009885113,4.957242009885113
C00710,13.0076533,77.5483261,11,5,1.4380048470371771,15.818053317408948
C00711,12.9737489,77.590017,4,1,4.266518526651067,17.06607410660427
C00712,12.9567487,77.700455,3,7,2.690767492918349,8.072302478755047
C00713,12.9891269,77.7184682,2,7,2.78592640710568,5.57185281421136
C00714,12.970121,77.6368712,4,1,1.4167302384687246,5.666920953874898
C00715,12.9627703,77.6424953,3,1,2.433851976290405,7.301555928871215
C00716,12.9812254,77.5637346,7,5,2.0990298988604263,14.693209292022985
C00717,12.9287251,77.5911273,4,8,1.3456426408066964,5.3825705632267855
C00718,12.9568252,77.7408435,4,7,2.025181438916315,8.10072575566526
C00719,12.9809794,77.5975758,3,1,3.3877715092399883,10.163314527719965
C00720,12.9621375,77.6365672,3,1,2.1667081122069196,6.500124336620759
C00721,13.0219084,77.6577437,4,1,5.590461161234027,22.36184464493611
C00722,12.9778265,77.5935704,1,1,3.8300690273229145,3.8300690273229145
C00723,12.9893211,77.7320373,1,7,2.8813127279089406,2.8813127279089406
C00724,12.9437494,77.5716777,6,8,3.1267593631467334,18.7605561788804
C00725,13.0206859,77.5521442,4,5,2.446915724609479,9.787662898437915
C00726,12.852801,77.5880283,3,8,7.27755889266505,21.832676677995153
C00727,13.0155071,77.702372,3,7,6.108610689780209,18.325832069340628
C00728,13.0411886,77.623837,4,2,5.797844127903591,23.191376511614365
C00729,12.9331051,77.62526,2,8,4.713867049815548,9.427734099631095
C00730,12.9700592,77.5763455,2,5,3.784572894523101,7.569145789046202
C00731,12.9928196,77.5306777,4,5,3.12663580566916,12.50654322267664
C00732,13.028586,77.5406946,2,5,3.7617625387345597,7.523525077469119
C00733,12.9975224,77.6148206,4,1,2.4472994953392577,9.789197981357031
C00734,12.9496114,77.5790786,1,8,3.498605240961116,3.498605240961116
C00735,12.9989809,77.5694952,7,5,1.1776903904815519,8.243832733370864
C00736,12.9700003,77.6410842,5,1,1.7465741234470578,8.732870617235289
C00737,12.9694309,77.6829853,4,7,4.478333931672036,17.913335726688143
C00738,12.914082,77.6105925,7,8,2.8746663179344725,20.122664225541307
C00739,12.9736663,77.642755,11,1,1.679449048207901,18.47393953028691
C00740,12.9568108,77.7365507,7,7,1.6153885664379783,11.307719965065848
C00741,12.808615,77.699385,1,4,10.43915103249824,10.43915103249824
C00742,12.9752086,77.6068423,1,1,2.442808471833171,2.442808471833171
C00743,13.1036863,77.5769869,2,2,2.9269172219021,5.8538344438042
C00744,12.9992771,77.4961909,3,5,6.78056241596085,20.34168724788255
C00745,13.0572301,77.6441366,5,2,6.656054322408951,33.28027161204476
C00746,13.0478429,77.6446325,2,2,7.148096401109404,14.296192802218808
C00747,12.9836112,77.752016,4,7,3.7089734077668624,14.83589363106745
C00748,12.978349,77.6315072,2,1,0.3580478677935563,0.7160957355871126
C00749,12.9240063,77.6545058,2,4,3.31985068957018,6.63970137914036
C00750,13.120648,77.6114683,1,2,5.30545622258583,5.30545622258583
C00751,12.9834422,77.5958308,2,1,3.5944145401669148,7.1888290803338295
C00752,12.9881698,77.6897409,1,7,4.541134540169252,4.541134540169252
C00753,12.8872184,77.4533279,2,3,6.538917585138224,13.077835170276447
C00754,12.8761282,77.5956939,7,8,4.8405154435888065,33.883608105121645
C00755,13.0638418,77.5872695,2,2,1.6938183077088127,3.3876366154176254
C00756,13.0116624,77.5549201,21,5,1.4036404126621547,29.47644866590525
C00757,12.9796282,77.7243891,5,7,1.6712661522731829,8.356330761365914
C00758,12.9445779,77.6949987,4,7,3.8406683125116667,15.362673250046667
C00759,12.9285179,77.5843951,2,8,1.1139484859980475,2.227896971996095
C00760,12.9633811,77.606725,5,1,3.0292820168470627,15.146410084235313
C00761,13.0174886,77.5919026,2,5,4.119980942005284,8.239961884010569
C00762,12.9153637,77.6448637,4,4,2.8122655640153225,11.24906225606129
C00763,12.9594016,77.7184562,20,7,0.8225911002215059,16.45182200443012
C00764,12.9413253,77.5212118,3,3,3.2406062482485427,9.721818744745628
C00765,12.9824116,77.7163129,7,7,2.1445429479247466,15.011800635473227
C00766,13.0556069,77.6449111,2,2,6.8011967360544325,13.602393472108865
C00767,12.9137354,77.6063863,3,8,2.4336251332730967,7.30087539981929
C00768,12.9782761,77.587084,11,5,3.8796714965110866,42.67638646162195
C00769,12.9138278,77.6068639,2,8,2.48217006595201,4.96434013190402
C00770,12.989817,77.5558289,12,5,1.117499101329085,13.409989215949018
C00771,12.9843577,77.7496932,5,7,3.5549789919149197,17.7748949595746
C00772,13.0219543,77.5534496,2,5,2.5464818517788492,5.0929637035576985
C00773,12.910721,77.6491129,5,4,2.129256803531208,10.64628401765604
C00774,12.874452,77.5383926,7,8,6.984863949407233,48.89404764585063
C00775,12.9547472,77.6982166,5,7,2.9949115628673035,14.974557814336517
C00776,12.9782427,77.6303751,1,1,0.2741382054104277,0.2741382054104277
C00777,12.9559991,77.5806662,2,8,4.1766306131503,8.3532612263006
C00778,13.1925241,77.6456434,3,6,5.24807536041784,15.744226081253519
C00779,13.06084,77.5756311,3,2,2.373037867137271,7.119113601411813
C00780,13.1037228,77.5755565,5,2,2.9917888772188204,14.958944386094101
C00781,12.9219633,77.5896562,4,8,0.681683879833064,2.726735519332256
C00782,12.9782811,77.6609695,1,1,3.501586722004983,3.501586722004983
C00783,12.9591813,77.6382984,4,1,2.541773401781418,10.167093607125672
C00784,12.8747315,77.7663458,5,7,10.957401973004641,54.78700986502321
C00785,13.0712519,77.5900659,5,2,0.9338321410940038,4.669160705470019
C00786,12.9446296,77.594531,7,8,3.0954418876389806,21.668093213472865
C00787,12.8739896,77.650836,6,4,2.4510679757492606,14.706407854495563
C00788,12.9124512,77.6396711,5,4,2.9380035590378557,14.690017795189279
C00789,12.9631181,77.7082171,3,7,1.7132840962341376,5.1398522887024125
C00790,12.9134456,77.6051098,1,8,2.3059448376467735,2.3059448376467735
C00791,13.1439953,77.6177894,4,6,7.68576673212004,30.74306692848016
C00792,12.9296701,77.5764082,4,8,1.5206658293467104,6.082663317386841
C00793,12.9391987,77.5517587,4,8,4.231688028551659,16.926752114206636
C00794,12.9368859,77.5826318,1,8,2.0501957462582645,2.0501957462582645
C00795,13.024278,77.6587297,2,1,5.867832363292296,11.735664726584591
C00796,12.942076,77.553598,7,8,4.253387478547098,29.773712349829687
C00797,12.8606762,77.5427075,3,8,7.842013588762145,23.526040766286435
C00798,12.9487476,77.7084681,5,7,2.423726747651451,12.118633738257254
C00799,13.0278814,77.5750376,3,5,3.6074136229604865,10.82224086888146
C00800,13.0009067,77.6326824,3,1,2.335973515885362,7.007920547656086
C00801,13.036062,77.5317247,6,5,4.990394065066081,29.942364390396484
C00802,12.9539457,77.5919233,2,8,4.010495725886333,8.020991451772666
C00803,12.9682255,77.6516302,4,1,2.811129426796469,11.244517707185876
C00804,12.9592695,77.482792,2,3,3.2563686401499004,6.512737280299801
C00805,12.9626268,77.5485405,2,5,4.229275664948704,8.458551329897409
C00806,12.9665205,77.6131355,3,1,2.2714926027046736,6.81447780811402
C00807,12.915785,77.6194045,4,8,3.801966787105115,15.20786714842046
C00808,12.8744383,77.5579029,2,8,5.663808377727854,11.327616755455708
C00809,12.9898484,77.5553153,8,5,1.1308026241012872,9.046420992810297
C00810,13.1458556,77.4173425,2,2,19.834286590316715,39.66857318063343
C00811,12.8124032,77.4497321,3,3,14.009087696018131,42.0272630880544
C00812,12.8423131,77.6768099,2,4,6.066363935472016,12.132727870944032
C00813,13.0648236,77.7401255,9,7,11.240557889326496,101.16502100393846
C00814,13.0758896,77.4364795,4,5,15.724519065425273,62.89807626170109
C00815,12.9792318,77.7513063,7,7,3.388258281259794,23.71780796881856
C00816,13.0590516,77.5927236,1,2,2.3084055700876025,2.3084055700876025
C00817,13.0267058,77.7686139,4,7,8.42016617543151,33.68066470172604
C00818,12.972494,77.6489639,6,1,2.3504673751368426,14.102804250821055
C00819,13.1446528,77.6033988,4,2,7.466393966067834,29.865575864271335
C00820,12.9757755,77.6023797,7,1,2.9058208382818878,20.340745867973215
C00821,12.9850504,77.5532533,2,5,1.706147425703109,3.412294851406218
C00822,12.9653458,77.6380532,9,1,1.9243384309953473,17.319045878958125
C00823,13.0675402,77.5541164,17,2,3.79431498925425,64.50335481732225
C00824,12.9608573,77.508791,3,3,3.659354375175814,10.978063125527441
C00825,12.985767,77.5885816,2,5,3.5872451799607092,7.1744903599214185
C00826,12.9634823,77.5523641,9,5,4.047555598002941,36.428000382026475
C00827,12.9293093,77.4837912,10,3,1.0373169255481793,10.373169255481793
C00828,12.9731233,77.5403966,2,5,3.5312456543628348,7.0624913087256695
C00829,12.9720668,77.7093105,2,7,1.7928089360148405,3.585617872029681
C00830,12.9577573,77.7218296,3,7,0.7845934017192993,2.3537802051578978
C00831,12.9097581,77.7555189,1,7,6.9673752243742655,6.9673752243742655
C00832,12.9937126,77.5731581,2,5,1.7001411813350247,3.4002823626700494
C00833,13.01174,77.5516172,2,5,1.5533544105667458,3.1067088211334917
C00834,12.9222084,77.6695754,2,4,3.2635780989921295,6.527156197984259
C00835,12.9747473,77.6077169,3,1,2.3627983341044034,7.08839500231321
C00836,12.9603654,77.7204849,4,7,0.5944488162480466,2.3777952649921863
C00837,13.0529429,77.661465,10,2,8.583735766694073,85.83735766694073
C00838,13.0397318,77.4939859,2,5,8.31132794276999,16.62265588553998
C00839,12.918758,77.6699518,7,4,2.9220029760700776,20.454020832490542
C00840,13.0336923,77.5274119,3,5,5.0800654097512865,15.24019622925386
C00841,12.9986585,77.5508011,3,5,0.8583546001508103,2.575063800452431
C00842,12.9811159,77.5768709,5,5,2.838944396943279,14.194721984716395
C00843,13.0058128,77.7567846,2,7,5.796689228275962,11.593378456551925
C00844,13.0214839,77.6408994,4,1,4.760585122750035,19.04234049100014
C00845,12.9811313,77.5637347,4,5,2.109085497630583,8.436341990522331
C00846,12.9915773,77.5706234,5,5,1.5684792511772552,7.842396255886276
C00847,12.9345711,77.4710678,4,3,2.4087345833675426,9.63493833347017
C00848,12.9126034,77.4852906,19,3,2.267527751609635,43.08302728058306
C00849,12.9209404,77.6527729,2,4,3.0256166833057234,6.051233366611447
C00850,12.9126681,77.6284933,2,4,3.9288979658733085,7.857795931746617
C00851,13.0268786,77.5719356,2,5,3.353383751273603,6.706767502547206
C00852,12.9726805,77.535704,2,5,3.877838578283542,7.755677156567084
C00853,13.0858951,77.5557916,2,2,3.469969007393643,6.939938014787286
C00854,12.9282918,77.583689,8,8,1.0923902514674362,8.73912201173949
C00855,12.9684633,77.5405727,9,5,3.9591823711373433,35.63264134023609
C00856,12.874969,77.5423699,2,8,6.6405010626369565,13.281002125273913
C00857,13.0225104,77.6395484,2,1,4.832302493204328,9.664604986408657
C00858,12.8738696,77.6424281,5,4,2.936920644047666,14.68460322023833
C00859,13.0626717,77.740183,2,7,11.00632267832131,22.01264535664262
C00860,13.0070927,77.5693166,5,5,1.4283103763963714,7.141551881981857
C00861,12.9038372,77.5106478,4,3,3.6207492621723185,14.482997048689274
C00862,13.0005324,77.581877,1,5,2.5226237984482123,2.5226237984482123
C00863,13.1927408,77.6432911,10,6,5.472114024867726,54.72114024867726
C00864,12.9697341,77.6361247,12,1,1.4029105276116949,16.834926331340338
C00865,12.9699243,77.6393627,2,1,1.6139426871843552,3.2278853743687104
C00866,12.9918233,77.5377992,3,5,2.419415438453561,7.258246315360683
C00867,13.0948564,77.5800486,4,2,1.896863493708242,7.587453974832968
C00868,12.9511623,77.5940154,4,8,3.7651199120977354,15.060479648390942
C00869,12.9580712,77.5186179,5,3,4.03421433182813,20.17107165914065
C00870,13.0368052,77.4960405,14,5,7.951067768446279,111.31494875824791
C00871,13.045261,77.5564492,3,2,5.00702078543014,15.021062356290422
C00872,12.9162291,77.5405845,2,8,4.774366728348628,9.548733456697256
C00873,12.9253087,77.5821648,1,8,0.7997861293961566,0.7997861293961566
C00874,13.0472069,77.5758354,2,2,3.7375097327585185,7.475019465517037
C00875,13.0077336,77.6942547,3,7,5.7659217698122776,17.297765309436834
C00876,13.0400138,77.555146,12,5,4.4981335414298105,53.977602497157726
C00877,13.032069,77.5593775,2,5,3.6033630699329375,7.206726139865875
C00878,12.9480519,77.5329047,4,3,4.693517463092914,18.774069852371657
C00879,12.9163226,77.6104868,3,8,2.831981323241153,8.49594396972346
C00880,12.937055,77.5784773,8,8,2.160128125954957,17.281025007639656
C00881,13.0014386,77.5714353,19,5,1.4028504077609976,26.654157747458953
C00882,13.0085779,77.499708,2,5,6.47665566036264,12.95331132072528
C00883,12.9450272,77.6807331,2,7,5.163670438130337,10.327340876260674
C00884,12.9745112,77.6016775,7,1,3.006952785975251,21.048669501826758
C00885,12.9240283,77.5002596,5,3,1.1486740427517912,5.743370213758956
C00886,12.9698116,77.6415504,12,1,1.798830219079104,21.585962628949247
C00887,13.0795041,77.5592368,5,2,3.0149556153287698,15.074778076643849
C00888,12.9071627,77.5988768,3,8,2.0001808604905253,6.000542581471576
C00889,12.91064,77.6238263,5,4,4.272314121097237,21.361570605486186
C00890,13.0071365,77.5484884,7,5,1.3888727536368364,9.722109275457855
C00891,12.8388068,77.6606721,6,4,6.158009341844834,36.948056051069
C00892,12.9356186,77.6252806,5,8,4.818711178835687,24.093555894178436
C00893,12.9649995,77.7172428,7,7,0.7278928777630511,5.095250144341358
C00894,13.0815389,77.5475289,8,2,4.293300558192657,34.346404465541255
C00895,13.1728266,77.5710643,9,2,10.513869357705849,94.62482421935263
C00896,13.0083615,77.5491026,5,5,1.4258769082684004,7.129384541342002
C00897,12.9949208,77.6694503,3,1,4.7087567038472775,14.126270111541832
C00898,12.9334046,77.6968406,4,7,4.531136140764768,18.12454456305907
C00899,13.0338733,77.5678459,8,5,3.930810389703571,31.446483117628567
C00900,13.1331985,77.6874906,2,6,3.5587125974737877,7.117425194947575
C00901,12.9884317,77.5377873,4,5,2.57689757343143,10.30759029372572
C00902,12.9690693,77.7391248,3,7,1.7242781934020648,5.172834580206194
C00903,13.0610953,77.5540677,3,2,4.095872497485446,12.287617492456338
C00904,12.9727776,77.5353774,8,5,3.892532586915089,31.140260695320713
C00905,12.9567418,77.7425311,4,7,2.1963061066612277,8.78522442664491
C00906,12.9613347,77.6382044,3,1,2.3215256149205894,6.964576844761768
C00907,12.9723934,77.6520605,1,1,2.6703170558410845,2.6703170558410845
C00908,12.9725273,77.6506916,6,1,2.52506571275524,15.15039427653144
C00909,12.9686175,77.6489441,5,1,2.535234933128609,12.676174665643046
C00910,12.9653566,77.5897586,15,1,4.541072882250537,68.11609323375806
C00911,12.9713945,77.7063241,3,7,2.056723102686251,6.170169308058753
C00912,12.8797542,77.6039308,4,8,4.775557048839812,19.10222819535925
C00913,12.933546,77.5421397,4,8,4.892957772694539,19.571831090778154
C00914,12.9765018,77.590991,10,1,4.121298836487393,41.21298836487392
C00915,13.0522469,77.551486,3,2,4.87145766152699,14.614372984580971
C00916,13.0292301,77.5711275,4,5,3.555862939160004,14.223451756640015
C00917,12.8879987,77.5818506,5,8,3.3835197546554103,16.917598773277053
C00918,13.0089647,77.580665,4,5,2.6071732559433927,10.42869302377357
C00919,12.9136612,77.6076138,2,8,2.56565216095385,5.1313043219077
C00920,12.93794,77.7001931,4,7,3.913216521288881,15.652866085155525
C00921,12.9850752,77.4826274,7,3,6.023568051766575,42.164976362366026
C00922,12.9847156,77.5868649,2,5,3.4728308011752587,6.945661602350517
C00923,12.9568134,77.6545474,4,1,3.8088963126197153,15.235585250478861
C00924,12.8019084,77.5759716,2,8,12.93400419768704,25.86800839537408
C00925,12.8580771,77.4291287,8,3,10.69758258771809,85.58066070174472
C00926,13.0042884,77.7099467,1,7,4.655036073774088,4.655036073774088
C00927,13.0206063,77.6445361,2,1,4.793644481727013,9.587288963454027
C00928,12.9140842,77.6130655,4,8,3.139651747742717,12.558606990970867
C00929,12.9828069,77.5683807,10,5,2.1301274999193156,21.301274999193154
C00930,13.0133459,77.5544125,3,5,1.597960254165747,4.793880762497241
C00931,12.9057896,77.5426217,2,8,4.7581282194938375,9.516256438987675
C00932,12.9715104,77.5983259,12,1,3.440942599988747,41.291311199864964
C00933,12.9795534,77.5106479,1,3,5.638722061761351,5.638722061761351
C00934,12.9661279,77.7178132,1,7,0.6870839675478406,0.6870839675478406
C00935,12.8900746,77.5976753,5,8,3.4521277069189074,17.260638534594538
C00936,12.9437347,77.5799634,2,8,2.841242894313158,5.682485788626316
C00937,12.9702072,77.6448025,2,1,2.05952587646469,4.11905175292938
C00938,12.9833614,77.6033233,5,1,2.7852982775505852,13.926491387752925
C00939,12.9529841,77.6175394,4,1,3.2456103443989504,12.982441377595801
C00940,12.9786231,77.6405512,2,1,1.2899983965825246,2.579996793165049
C00941,12.8001292,77.5083207,1,3,14.648723050165998,14.648723050165998
C00942,12.8920259,77.5791107,6,8,2.983396810191883,17.900380861151298
C00943,13.0416622,77.5948393,5,2,4.234680784473945,21.173403922369726
C00944,12.8365529,77.6848329,3,4,6.971032242093027,20.91309672627908
C00945,13.0668152,77.5539754,12,2,3.836523577581639,46.03828293097967
C00946,12.9567763,77.6549886,2,1,3.846987093493036,7.693974186986072
C00947,12.911002,77.639716,1,4,2.8277791124368967,2.8277791124368967
C00948,12.9244378,77.7860585,2,7,8.075891264940369,16.151782529880737
C00949,12.9978791,77.5825963,3,5,2.604610157526477,7.813830472579431
C00950,12.9473142,77.6812773,4,7,5.0082854246315085,20.033141698526034
C00951,13.0187332,77.5627893,3,5,2.1730902720365575,6.519270816109673
C00952,12.903547,77.6499433,4,4,1.4502287827742057,5.800915131096823
C00953,12.9589566,77.6553832,1,1,3.722083025524185,3.722083025524185
C00954,12.9156187,77.5859244,9,8,0.3501579909137615,3.1514219182238534
C00955,13.0135799,77.5836905,3,5,3.130919406943876,9.392758220831627
C00956,12.9290157,77.5912224,7,8,1.3783693886081674,9.648585720257172
C00957,13.0243179,77.586385,4,5,4.07292703740274,16.29170814961096
C00958,12.9204015,77.6067432,5,8,2.425200096750206,12.12600048375103
C00959,12.936417,77.4284629,5,3,7.031963047328177,35.15981523664089
C00960,12.972753,77.570233,5,5,3.218594522907381,16.092972614536905
C00961,12.929764,77.6851805,5,4,4.802671553977112,24.013357769885562
C00962,13.0002142,77.6229186,8,1,2.3095236843136755,18.476189474509404
C00963,12.8422071,77.6768415,4,4,6.078584422734396,24.314337690937585
C00964,12.9722194,77.6520425,5,1,2.6747324352607698,13.37366217630385
C00965,12.9731359,77.6144747,3,1,1.7357393150390088,5.207217945117026
C00966,12.9580752,77.6613137,9,1,4.296074879241595,38.664673913174354
C00967,13.0233826,77.5508348,2,5,2.7741982110869103,5.548396422173821
C00968,12.9637093,77.5064206,12,3,3.836679298198602,46.040151578383224
C00969,12.9822565,77.6295796,3,1,0.24853224431759846,0.7455967329527954
C00970,12.9762717,77.5756226,1,5,3.1646456783941592,3.1646456783941592
C00971,13.0636455,77.5895433,4,2,1.7370645388542103,6.948258155416841
C00972,13.1284562,77.5872771,2,2,5.458947793308152,10.917895586616304
C00973,12.9602509,77.6493985,6,1,3.141624820329519,18.849748921977117
C00974,12.9144825,77.6354985,2,4,3.4262522539233737,6.8525045078467475
C00975,12.9997198,77.569202,2,5,1.1445367326085398,2.2890734652170797
C00976,12.9754271,77.6075562,1,1,2.361866024749591,2.361866024749591
C00977,12.9275876,77.5947124,2,8,1.5007991845987056,3.0015983691974113
C00978,12.975626,77.5703293,1,5,2.9329318914513647,2.9329318914513647
C00979,13.0596498,77.5927922,1,2,2.2467478671590273,2.2467478671590273
C00980,13.0495397,77.6452383,6,2,7.117245300532404,42.703471803194425
C00981,12.9054692,77.6055683,6,8,2.702162264751912,16.21297358851147
C00982,12.9065058,77.5918414,4,8,1.5445442554863364,6.178177021945346
C00983,12.9670978,77.6809662,2,7,4.673292298404308,9.346584596808617
C00984,12.9819526,77.6103232,3,1,2.0125747056373413,6.037724116912024
C00985,12.9337223,77.5623383,3,8,2.9401230186951857,8.820369056085557
C00986,13.055118,77.6010506,1,2,3.0643726700487024,3.0643726700487024
C00987,12.9952675,77.6083164,10,1,2.780105215589391,27.80105215589391
C00988,12.9678746,77.53859,6,5,4.125393790531665,24.75236274318999
C00989,12.9189801,77.5956678,3,8,1.2144024883376443,3.643207465012933
C00990,12.8774364,77.5466045,3,8,6.127468199126875,18.382404597380628
C00991,12.9771406,77.5933953,4,1,3.8548704025635323,15.41948161025413
C00992,12.973051,77.6110437,1,1,2.079040589892277,2.079040589892277
C00993,12.9813699,77.6376935,3,1,0.9778332822664817,2.933499846799445
C00994,13.0000437,77.550093,2,5,0.9316365162313828,1.8632730324627655
C00995,13.0450201,77.5076896,2,5,7.480879858219615,14.96175971643923
C00996,12.8001711,77.5775225,3,8,13.115026074902442,39.34507822470732
C00997,12.9669946,77.591066,12,1,4.3448760503210115,52.138512603852135
C00998,12.9719699,77.5964178,5,1,3.6273229050595313,18.136614525297656
C00999,12.9901802,77.5721599,2,5,1.7936296965201945,3.587259393040389
C01000,12.9711284,77.5959911,5,1,3.6962882587387096,18.48144129369355
C01001,13.0106546,77.6151919,9,1,3.6839072753867943,33.15516547848115
C01002,13.0284821,77.5199844,6,5,5.281611229898404,31.689667379390425
C01003,12.9640334,77.5065815,3,3,3.876495713126669,11.629487139380007
C01004,12.9158171,77.6240368,2,8,4.3033819300740115,8.606763860148023
C01005,12.9615933,77.7163006,5,7,0.8902552792032591,4.451276396016295
C01006,13.050419,77.6302917,4,2,5.671089132340598,22.684356529362393
C01007,12.9672769,77.765051,6,7,4.474953505815186,26.849721034891118
C01008,12.9461993,77.5815966,5,8,3.0872018230238827,15.436009115119413
C01009,12.9380952,77.687157,7,7,4.950942963144547,34.656600742011825
C01010,12.9756536,77.6014723,2,1,3.0051991469451713,6.010398293890343
C01011,12.9110205,77.578656,8,8,1.0389550174532594,8.311640139626075
C01012,13.0960676,77.5782046,4,2,2.1036215033836734,8.414486013534693
C01013,12.938804,77.5529925,14,8,4.095617922739328,57.338650918350595
C01014,12.9762412,77.5287549,2,5,4.144739058496444,8.289478116992887
C01015,12.9049595,77.5607273,11,8,2.9821001528060025,32.80310168086603
C01016,12.8866375,77.6344577,4,4,2.8557071717685263,11.422828687074105
C01017,13.1454447,77.678766,2,6,2.303802499312619,4.607604998625238
C01018,13.1133093,77.5748035,2,2,4.007696351040909,8.015392702081819
C01019,12.9786575,77.6453982,3,1,1.8125896273367093,5.437768882010127
C01020,12.8440684,77.679462,4,4,5.9800584906731675,23.92023396269267
C01021,13.001646,77.6316638,5,1,2.399538732507177,11.997693662535884
C01022,12.9108209,77.4501754,2,3,5.193277231560758,10.386554463121517
C01023,13.0695337,77.6187638,3,2,3.6052533036914927,10.815759911074478
C01024,12.98774,77.5781892,15,5,2.48904026173903,37.335603926085454
C01025,13.0292958,77.6013165,11,5,5.683115695915079,62.514272655065874
C01026,13.0507717,77.6213655,5,2,4.873900591120009,24.369502955600044
C01027,12.9058635,77.5428556,3,8,4.7314476357336215,14.194342907200864
C01028,12.9764317,77.600996,4,1,3.0433375216065195,12.173350086426078
C01029,12.9888754,77.5378467,5,5,2.5481426662968225,12.740713331484113
C01030,12.9838269,77.7513513,2,7,3.6637377058164278,7.3274754116328555
C01031,12.8856849,77.555324,3,8,4.815888579439029,14.447665738317088
C01032,12.9729751,77.61396,1,1,1.7936949224872807,1.7936949224872807
C01033,13.0117593,77.5548097,4,5,1.4173979628960545,5.669591851584218
C01034,13.1038321,77.5768311,5,2,2.948201699554721,14.741008497773604
C01035,12.9259398,77.617142,2,8,3.6402552792282554,7.280510558456511
C01036,12.9603151,77.6458853,10,1,2.876765311232771,28.767653112327707
C01037,12.9166467,77.5947595,1,8,1.1322244243348605,1.1322244243348605
C01038,13.00691,77.5693026,1,5,1.4153016209007228,1.4153016209007228
C01039,12.9084945,77.6794413,4,4,2.6651688517227616,10.660675406891047
C01040,12.9285597,77.581973,7,8,1.151591467953043,8.0611402756713
C01041,12.9585825,77.5319394,11,3,5.170126102296282,56.871387125259105
C01042,12.9575721,77.6001983,2,1,3.983975182150846,7.967950364301692
C01043,12.9650035,77.6001039,7,1,3.535413946440551,24.74789762508386
C01044,12.9156099,77.5873571,3,8,0.44234027663559095,1.3270208299067727
C01045,12.9981241,77.5715661,3,5,1.4094860336677113,4.228458101003134
C01046,13.026494,77.5933758,6,5,4.807453856107157,28.844723136642944
C01047,12.9716631,77.6067862,5,1,2.565215976244792,12.82607988122396
C01048,12.9329058,77.6134662,1,8,3.5289122455109343,3.5289122455109343
C01049,13.0280696,77.5585824,9,5,3.15982931553135,28.438463839782152
C01050,12.8746877,77.5372256,9,8,7.05830803472093,63.52477231248837
C01051,12.9371426,77.6329739,2,1,4.783260307180136,9.566520614360272
C01052,12.9576071,77.5336372,4,3,5.261941661000604,21.047766644002415
C01053,12.9010699,77.5858542,5,8,1.9300518817975634,9.650259408987816
C01054,12.9168855,77.6450023,4,4,2.9445700058960487,11.778280023584195
C01055,13.0606761,77.5875176,2,2,2.044741894456386,4.089483788912772
C01056,12.9822462,77.699052,2,7,3.3374326435573294,6.674865287114659
C01057,12.9697196,77.64666,3,1,2.2596506952626534,6.77895208578796
C01058,12.9947733,77.5892958,8,5,3.3667903487437396,26.934322789949917
C01059,12.9753531,77.6019106,5,1,2.964074699085806,14.82037349542903
C01060,12.9832366,77.5492541,3,5,2.071830856121453,6.215492568364359
C01061,13.0250126,77.4866168,6,5,8.312706826086366,49.876240956518195
C01062,12.9039952,77.6018922,1,8,2.475889075891456,2.475889075891456
C01063,12.9218307,77.586046,7,8,0.40979799258808847,2.8685859481166194
C01064,13.041054,77.624476,1,2,5.856568841244434,5.856568841244434
C01065,13.003513,77.6295457,3,1,2.586946063133288,7.760838189399864
C01066,12.9888224,77.6885716,2,7,4.686534816546901,9.373069633093802
C01067,12.9321765,77.623039,1,8,4.452090676641761,4.452090676641761
C01068,13.030763,77.6350379,7,1,5.643247853408886,39.502734973862204
C01069,12.8353468,77.6922314,2,4,7.442254958747114,14.884509917494228
C01070,12.9735849,77.6019274,4,1,3.0035974879714247,12.014389951885699
C01071,12.9180492,77.6318764,3,4,3.9819281205767485,11.945784361730245
C01072,12.8001885,77.5084551,5,3,14.643862612274388,73.21931306137193
C01073,12.8500655,77.6624706,4,4,4.920825213117383,19.683300852469532
C01074,12.8993766,77.5968829,1,8,2.503792593819553,2.503792593819553
C01075,13.1454452,77.6788305,7,6,2.3016300011378603,16.111410007965024
C01076,13.125673,77.5914377,2,2,5.17306231033107,10.34612462066214
C01077,12.9619507,77.6500879,1,1,3.0686752828738473,3.0686752828738473
C01078,12.9721108,77.6066343,2,1,2.562924890754809,5.125849781509618
C01079,12.8598964,77.7904734,9,7,13.653876265689089,122.8848863912018
C01080,12.9364437,77.7501833,6,7,4.218945301701297,25.31367181020778
C01081,12.9397235,77.5424829,3,8,5.133345605507836,15.400036816523508
C01082,13.0615759,77.6341447,3,2,5.471183172567676,16.413549517703025
C01083,12.9882463,77.5584271,3,5,1.2485468148497867,3.74564044454936
C01084,12.9727738,77.5371175,14,5,3.772963697151201,52.821491760116814
C01085,12.9268106,77.6227986,4,8,4.260528765190298,17.04211506076119
C01086,12.9729346,77.6357245,4,1,1.0994265060361952,4.397706024144781
C01087,12.9950231,77.5552222,7,5,0.6223932178283148,4.356752524798203
C01088,12.9573821,77.569714,4,8,4.598149896588118,18.39259958635247
C01089,12.9729659,77.6374812,3,1,1.2359135891951514,3.707740767585454
C01090,13.0833957,77.643219,3,2,6.116628686337067,18.3498860590112
C01091,12.9804675,77.6940181,3,7,3.695441402298042,11.086324206894126
C01092,12.8780028,77.638532,3,4,2.916019163812078,8.748057491436235
C01093,13.0324962,77.5694874,6,5,3.834366942582971,23.006201655497826
C01094,13.0706866,77.5915311,3,2,1.056255445945364,3.1687663378360917
C01095,12.9716971,77.6056664,6,1,2.677374113182412,16.06424467909447
C01096,13.0711582,77.5807044,3,2,1.1182513533810188,3.3547540601430565
C01097,12.8812243,77.5988207,4,8,4.4049778617369375,17.61991144694775
C01098,13.0216491,77.7955269,1,7,10.019639215045101,10.019639215045101
C01099,13.1018277,77.7779014,6,6,12.265079086735183,73.59047452041109
C01100,12.9073363,77.6405702,4,4,2.506221523415399,10.024886093661596
C01101,12.9682545,77.6648221,7,1,4.129552952943275,28.906870670602924
C01102,12.9151274,77.6516323,1,4,2.4469776461154957,2.4469776461154957
C01103,12.9070872,77.5461078,14,8,4.354150866361805,60.95811212906527
C01104,12.9107034,77.6002334,3,8,1.9121218201629289,5.736365460488787
C01105,12.9503234,77.6162619,7,1,3.5707164041879276,24.995014829315494
C01106,12.9560746,77.7167824,2,7,1.2166667980710586,2.433333596142117
C01107,12.9462397,77.5801928,5,8,3.1108688889887035,15.554344444943517
C01108,12.8920786,77.5983413,2,8,3.284026874365055,6.56805374873011
C01109,12.9013834,77.510892,2,3,3.867338371281701,7.734676742563402
C01110,12.9351887,77.6135481,13,8,3.6580704211569057,47.55491547503978
C01111,13.0516461,77.6304983,3,2,5.614881949947527,16.844645849842582
C01112,12.9358102,77.5801653,4,8,1.9778221506513143,7.911288602605257
C01113,13.0322135,77.5698943,6,5,3.818466480268508,22.910798881611047
C01114,13.0242654,77.5627497,5,5,2.7744759139467057,13.872379569733528
C01115,12.897113,77.5963941,4,8,2.692606837927028,10.770427351708111
C01116,12.9471494,77.6773048,4,7,5.416063495855381,21.664253983421524
C01117,12.9504123,77.6445772,18,1,3.712864546672791,66.83156184011024
C01118,12.9846381,77.5915512,3,5,3.932237070864494,11.796711212593483
C01119,12.9194664,77.6098979,4,8,2.7604353527525936,11.041741411010374
C01120,13.1410616,77.6325203,7,6,6.314854083560651,44.203978584924556
C01121,12.9207294,77.620094,7,8,3.8734838143893446,27.11438670072541
C01122,12.9220265,77.6955226,8,4,4.961509131242795,39.69207304994236
C01123,13.0098716,77.7581979,5,7,6.247226214859844,31.23613107429922
C01124,12.9726403,77.648343,1,1,2.2817764140551673,2.2817764140551673
C01125,13.0117965,77.5567415,10,5,1.3743783780872758,13.743783780872757
C01126,12.997606,77.6148607,1,1,2.451892157586249,2.451892157586249
C01127,12.9590164,77.6570285,4,1,3.858355223839476,15.433420895357903
C01128,12.9921267,77.5507937,2,5,1.1829479357891528,2.3658958715783056
C01129,12.9214381,77.483471,3,3,1.5337806978685131,4.601342093605539
C01130,12.910727,77.6520664,4,4,1.9782702497553948,7.913080999021579
C01131,12.9160185,77.5738355,4,8,1.1885979535148319,4.7543918140593275
C01132,12.9348545,77.6348279,4,1,5.057665422383986,20.230661689535943
C01133,12.8476007,77.670661,10,4,5.322485040611685,53.22485040611685
C01134,13.0670502,77.6079925,5,2,2.640348083508623,13.201740417543116
C01135,12.9965335,77.6190505,3,1,2.0977210113896,6.293163034168799
C01136,12.9496465,77.6265836,7,1,3.3856396956927632,23.699477869849343
C01137,12.980832,77.5483476,8,5,2.3523697647759296,18.818958118207437
C01138,12.9755872,77.7497714,1,7,3.0606662872021153,3.0606662872021153
C01139,12.9177582,77.5729056,5,8,1.2609217305745746,6.304608652872873
C01140,12.8760205,77.6705852,5,4,2.364868644502633,11.824343222513164
C01141,12.9558272,77.7130454,3,7,1.5253785730015479,4.576135719004643
C01142,13.0232425,77.5502535,9,5,2.7795058445040843,25.015552600536758
C01143,13.0035483,77.6606248,3,1,4.3199807582680645,12.959942274804193
C01144,12.9171866,77.586079,4,8,0.22190130752161108,0.8876052300864443
C01145,13.0002257,77.6185259,3,1,2.4845255841888103,7.4535767525664305
C01146,12.8567838,77.541725,3,8,8.25675253152414,24.77025759457242
C01147,12.9855196,77.5556874,2,5,1.5833307230311986,3.166661446062397
C01148,12.96777,77.536697,1,5,4.247077869412986,4.247077869412986
C01149,12.9334928,77.6157175,10,8,3.7766268473770714,37.766268473770715
C01150,13.0340079,77.5755465,2,5,4.234403299138024,8.468806598276048
C01151,12.9075581,77.4911578,2,3,2.671582234401509,5.343164468803018
C01152,12.9995579,77.5692846,1,5,1.1533030004913887,1.1533030004913887
C01153,12.9580859,77.6595455,2,1,4.138948392495459,8.277896784990919
C01154,12.9264042,77.5646605,1,8,2.326594721485133,2.326594721485133
C01155,12.9817311,77.5333714,10,5,3.3784072208027407,33.78407220802741
C01156,12.8538911,77.5889038,7,8,7.162789743250689,50.13952820275482
C01157,12.9715582,77.5704057,2,5,3.347853380401869,6.695706760803738
C01158,12.8820137,77.6247555,16,4,4.018323929769814,64.29318287631702
C01159,12.9279957,77.5861533,7,8,1.0713033595813894,7.499123517069727
C01160,12.924153,77.565797,3,8,2.1261035182829913,6.378310554848974
C01161,12.9800513,77.6680088,1,1,4.2596363194470825,4.2596363194470825
C01162,12.9515979,77.5835711,17,8,3.6700711171987983,62.391208992379575
C01163,12.9322341,77.5354777,1,3,4.606926404236392,4.606926404236392
C01164,12.9358801,77.6214605,1,8,4.452991972371719,4.452991972371719
C01165,12.9959856,77.5685352,7,5,1.141255042625429,7.988785298378003
C01166,13.0559749,77.5578439,18,2,4.074256278038294,73.33661300468928
C01167,13.1218601,77.6226174,9,2,6.105812695996584,54.95231426396926
C01168,13.0342363,77.5692585,5,5,4.010948364896862,20.05474182448431
C01169,13.0198429,77.5839399,5,5,3.5479987062205103,17.739993531102552
C01170,12.974683,77.6067111,6,1,2.4703143354799284,14.82188601287957
C01171,12.9550933,77.5339403,6,3,5.1435601881619615,30.86136112897177
C01172,12.9358062,77.5480552,4,8,4.398203771255988,17.59281508502395
C01173,12.9274405,77.5802437,4,8,1.0965953992665611,4.3863815970662445
C01174,12.954963,77.7252993,3,7,1.0704185056311926,3.2112555168935777
C01175,12.9368818,77.5820785,2,8,2.056546847172695,4.11309369434539
C01176,12.9192616,77.668534,3,4,2.9183316109601196,8.754994832880358
C01177,13.0068432,77.5484589,1,5,1.3720007343620806,1.3720007343620806
C01178,12.9802702,77.7902352,3,7,7.406618990771991,22.219856972315974
C01179,12.9625369,77.6422561,2,1,2.4386566699927243,4.877313339985449
C01180,13.0526173,77.6456095,2,2,7.003477010169263,14.006954020338526
C01181,12.9138593,77.6153672,4,8,3.390464403430416,13.561857613721664
C01182,12.9824103,77.6074845,9,1,2.324317945138726,20.918861506248536
C01183,12.9374106,77.6027513,6,8,2.8864188521486724,17.318513112892035
C01184,13.0199181,77.5840113,1,5,3.5592693950357615,3.5592693950357615
C01185,12.9620241,77.7013733,2,7,2.4648750851391767,4.9297501702783535
C01186,12.9198044,77.6493324,6,4,3.0198557723557236,18.11913463413434
C01187,13.0312594,77.6358425,2,1,5.708888124489246,11.417776248978493
C01188,12.9912991,77.6878913,3,7,4.907678710745901,14.723036132237702
C01189,12.8825682,77.5466598,5,8,5.714936311786404,28.574681558932017
C01190,12.985994,77.5874287,2,5,3.463397694015833,6.926795388031666
C01191,13.1155339,77.5770221,4,2,4.171908535708969,16.687634142835876
C01192,13.1008901,77.6437751,1,2,6.612445454050818,6.612445454050818
C01193,12.9386733,77.5526257,2,8,4.12106352346149,8.24212704692298
C01194,13.0005949,77.6173368,4,1,2.580682602056387,10.322730408225548
C01195,13.043986,77.6006984,1,2,4.1650755475628305,4.1650755475628305
C01196,12.9104906,77.4815428,5,3,2.651824591184748,13.25912295592374
C01197,12.9435002,77.5677379,3,8,3.316115682466265,9.948347047398796
C01198,12.9063288,77.5965004,5,8,1.8710251078105107,9.355125539052553
C01199,12.9410881,77.5244316,4,3,3.564502052062783,14.258008208251132
C01200,12.9288924,77.5623711,9,8,2.6657294138550296,23.991564724695266
C01201,13.0708506,77.5914191,4,2,1.0345385305812707,4.138154122325083
C01202,12.9201662,77.5204049,2,3,3.229431375745636,6.458862751491272
C01203,12.9907716,77.6525114,4,1,2.8324239578559127,11.32969583142365
C01204,13.0008435,77.623967,5,1,2.3487107562666676,11.743553781333338
C01205,13.0030548,77.619863,3,1,2.7130565876687402,8.13916976300622
C01206,13.1215236,77.6126106,3,2,5.451687672381704,16.355063017145113
C01207,12.9595766,77.535977,2,5,5.0610812278431965,10.122162455686393
C01208,12.9584755,77.5919279,2,8,4.502893470862635,9.00578694172527
C01209,12.9377198,77.5493212,1,8,4.374215617165759,4.374215617165759
C01210,12.9780004,77.5508566,11,5,2.528506610948861,27.81357272043747
C01211,12.9676052,77.5996495,1,1,3.453310175615524,3.453310175615524
C01212,13.0782386,77.5377059,2,2,5.351938285142488,10.703876570284976
C01213,12.9416428,77.5842724,2,8,2.5668479869685883,5.133695973937177
C01214,12.9553684,77.6751852,6,7,5.388938725125367,32.333632350752204
C01215,12.9668201,77.6091407,3,1,2.5924978877357954,7.777493663207386
C01216,12.914221,77.6099694,8,8,2.8053837806604256,22.443070245283405
C01217,12.9232383,77.6498021,2,4,3.36001733129722,6.72003466259444
C01218,12.9118648,77.6389566,4,4,2.952563202142092,11.810252808568368
C01219,12.916627,77.5962281,2,8,1.2898269547461176,2.5796539094922353
C01220,12.8920803,77.5817326,15,8,2.934880723323909,44.023210849858636
C01221,12.9029457,77.497285,1,3,3.207341028000658,3.207341028000658
C01222,12.8866579,77.605946,4,8,4.220641452353602,16.88256580941441
C01223,12.9121238,77.6509657,5,4,2.168765937925909,10.843829689629544
C01224,12.9702033,77.57617,4,5,3.7611713847783594,15.044685539113438
C01225,13.0333661,77.5541308,3,5,3.7782028262655367,11.33460847879661
C01226,13.0381927,77.6416174,3,1,6.574148842144571,19.722446526433714
C01227,12.943229,77.6091984,3,8,3.83588276875414,11.507648306262421
C01228,13.178691,77.5209407,3,2,13.145970493668973,39.43791148100692
C01229,12.9714531,77.6942959,7,7,3.307264930954313,23.15085451668019
C01230,12.9230018,77.5972171,16,8,1.4700686044706317,23.521097671530107
C01231,13.0623983,77.5182099,2,2,7.693288418695328,15.386576837390656
C01232,12.8915823,77.5769612,1,8,3.085100941315248,3.085100941315248
C01233,12.9995086,77.5790032,3,5,2.208214765362138,6.624644296086414
C01234,12.9706228,77.5553763,20,5,3.2188519483979805,64.3770389679596
C01235,12.9989122,77.6180182,2,1,2.381927870173959,4.763855740347918
C01236,12.9680027,77.578642,10,5,4.108417199802574,41.08417199802574
C01237,12.9105272,77.6395327,11,4,2.8093122562357253,30.90243481859298
C01238,12.9539396,77.5688104,2,8,4.2812177418695745,8.562435483739149
C01239,13.0070488,77.5790404,5,5,2.36385082719926,11.8192541359963
C01240,13.0571707,77.6482304,10,2,7.073887490614838,70.73887490614838
C01241,12.9915868,77.5703571,3,5,1.5440324498233868,4.63209734947016
C01242,12.9494216,77.5848413,3,8,3.4279996018978887,10.283998805693667
C01243,13.003564,77.571349,2,5,1.448162995292301,2.896325990584602
C01244,12.9336499,77.6301205,2,1,5.150161359074981,10.300322718149962
C01245,12.948786,77.5857283,2,8,3.360102380903938,6.720204761807876
C01246,13.0803293,77.5591419,1,2,3.027836913856421,3.027836913856421
C01247,12.9780941,77.6345877,3,1,0.6713761188991497,2.0141283566974493
C01248,12.9824741,77.6381006,2,1,1.0447545288308264,2.089509057661653
C01249,12.9914521,77.7205954,4,7,3.0014121150305666,12.005648460122266
C01250,12.9178308,77.7957687,1,7,9.35893744963247,9.35893744963247
C01251,13.0359742,77.5734048,4,5,4.3406282706047685,17.362513082419074
C01252,12.9675021,77.6045937,6,1,2.9751412706921916,17.85084762415315
C01253,12.976658,77.6023847,1,1,2.8905817046970763,2.8905817046970763
C01254,12.9416198,77.5573584,4,8,3.9060294998494185,15.624117999397674
C01255,13.0070245,77.5544693,8,5,0.9467100630059128,7.573680504047302
C01256,12.9761842,77.602631,1,1,2.8716504777440277,2.8716504777440277
C01257,12.969159,77.749515,11,7,2.8245264949548234,31.069791444503057
C01258,12.9155396,77.6987271,4,4,4.856525183843353,19.426100735373414
C01259,13.0107206,77.5549405,2,5,1.3035061147793783,2.6070122295587566
C01260,12.9614661,77.6364411,3,1,2.230168039089447,6.6905041172683415
C01261,12.874822,77.7661681,5,7,10.940206235298653,54.70103117649327
C01262,12.9254097,77.4986469,4,3,0.9177642014293398,3.671056805717359
C01263,12.9689844,77.6415777,5,1,1.8606779532485054,9.303389766242526
C01264,12.9408878,77.747285,2,7,3.6449758858892087,7.2899517717784175
C01265,12.957147,77.7458386,4,7,2.515521450115859,10.062085800463436
C01266,12.9455201,77.6192189,1,1,3.971856068092754,3.971856068092754
C01267,12.9646163,77.5517803,3,5,3.9354219355810582,11.806265806743175
C01268,13.010028,77.5906928,2,5,3.6662874555353495,7.332574911070699
C01269,13.0180713,77.5026372,2,5,6.4178369957738015,12.835673991547603
C01270,12.9235417,77.6185557,8,8,3.740855907533456,29.92684726026765
C01271,12.958245,77.5336169,7,3,5.299027748968828,37.0931942427818
C01272,13.0237231,77.5850442,5,5,3.9213444555379073,19.606722277689535
C01273,13.0834286,77.6434208,2,2,6.138742558798975,12.27748511759795
C01274,13.0982845,77.5847103,3,2,2.1337778135512915,6.401333440653874
C01275,12.9411907,77.5802295,8,8,2.5589732744795217,20.471786195836174
C01276,12.9565128,77.6537159,4,1,3.7661237967536563,15.064495187014625
C01277,12.9859752,77.5885464,17,5,3.5740532415681265,60.75890510665815
C01278,12.9691501,77.5364636,4,5,4.136247535808639,16.544990143234557
C01279,12.966328,77.6371955,4,1,1.783090521268745,7.13236208507498
C01280,12.9982005,77.5406416,3,5,1.9612283698782627,5.883685109634788
C01281,12.9510567,77.6441587,4,1,3.6286136315375,14.51445452615
C01282,12.9238253,77.6094141,3,8,2.7701436788301317,8.310431036490396
C01283,12.9627581,77.5845588,5,8,4.904063083455347,24.520315417276738
C01284,12.9236989,77.5734586,6,8,1.3316676686182587,7.990006011709552
C01285,13.0374079,77.5654203,2,5,4.257219086361196,8.514438172722391
C01286,13.1037916,77.5750766,1,2,3.0206858290052385,3.0206858290052385
C01287,12.9243812,77.5644144,1,8,2.277051572367751,2.277051572367751
C01288,12.8240253,77.6847849,5,4,8.261893588709881,41.30946794354941
C01289,12.8405575,77.6628485,2,4,5.973859557423789,11.947719114847578
C01290,12.9289928,77.6165832,1,8,3.674104472185299,3.674104472185299
C01291,12.9303018,77.5666608,4,8,2.338799578138307,9.355198312553227
C01292,12.9752333,77.6258831,19,1,0.6286950939607727,11.945206785254681
C01293,12.9955696,77.6017708,3,1,3.3915216234399006,10.174564870319703
C01294,12.997125,77.5868347,6,5,3.0698165874398664,18.418899524639198
C01295,12.9313454,77.6912033,4,7,5.1117566021598835,20.447026408639534
C01296,12.9363554,77.6905489,3,7,4.78240231848077,14.34720695544231
C01297,12.8760524,77.5955732,6,8,4.845366845171766,29.072201071030594
C01298,12.9734188,77.6395345,3,1,1.3861488590717252,4.158446577215176
C01299,12.9802453,77.5955632,4,1,3.6050439383035138,14.420175753214055
C01300,12.9742298,77.6377772,4,1,1.1773444975454213,4.709377990181685
C01301,12.909578,77.5641601,2,8,2.416950369728793,4.833900739457586
C01302,12.997554,77.546095,7,5,1.3811353048498207,9.667947133948745
C01303,12.9598805,77.6018473,3,1,3.6852518948066737,11.05575568442002
C01304,12.9604713,77.5652214,2,5,4.381052824701949,8.762105649403898
C01305,12.9670027,77.6126508,5,1,2.2765752799002286,11.382876399501143
C01306,12.9386426,77.5527913,2,8,4.104126423881219,8.208252847762438
C01307,12.9783618,77.5870781,3,5,3.8734175080357005,11.620252524107102
C01308,12.9476738,77.5990277,3,8,3.5986474394213577,10.795942318264073
C01309,12.9138844,77.4870121,7,3,2.0699793496577907,14.489855447604535
C01310,12.9189484,77.6098587,5,8,2.7544519868424504,13.772259934212252
C01311,13.0056735,77.548329,3,5,1.3117805005470153,3.9353415016410462
C01312,12.9883655,77.59376,6,1,3.9078546855651743,23.447128113391045
C01313,13.0107089,77.5579056,9,5,1.2408322433228993,11.167490189906093
C01314,12.9730415,77.6480221,5,1,2.233326109845511,11.166630549227554
C01315,12.9072688,77.7053533,3,4,5.1757959923008405,15.52738797690252
C01316,12.9711887,77.6143701,1,1,1.8519306346531643,1.8519306346531643
C01317,12.9651046,77.5345131,2,5,4.624423171611323,9.248846343222645
C01318,12.9936933,77.5304186,3,5,3.132614540213461,9.397843620640383
C01319,12.9857221,77.5879276,2,5,3.525246734406611,7.050493468813222
C01320,12.8940827,77.5679951,3,8,3.238664902330337,9.715994706991012
C01321,12.9742184,77.5456182,3,5,3.1384566098684226,9.415369829605268
C01322,12.9710489,77.6475289,5,1,2.27220875409491,11.36104377047455
C01323,12.9288721,77.5073755,3,3,1.5848782925479294,4.754634877643788
C01324,13.0044531,77.5783579,5,5,2.206678797715034,11.03339398857517
C01325,12.98516,77.6016342,3,1,2.997582114064153,8.99274634219246
C01326,12.8621839,77.6126508,1,4,6.217278575104943,6.217278575104943
C01327,12.8877544,77.5628468,2,8,4.132223431917388,8.264446863834776
C01328,12.9912368,77.6577482,3,1,3.3763457343383947,10.129037203015184
C01329,13.1113607,77.5569963,1,2,4.830268574595598,4.830268574595598
C01330,12.977223,77.5899909,5,5,4.202458604523595,21.012293022617975
C01331,13.0179551,77.5537308,10,5,2.109194638387184,21.09194638387184
C01332,12.9963776,77.5514093,8,5,0.86058384036137,6.88467072289096
C01333,12.9556751,77.7124115,3,7,1.5896415372976584,4.768924611892976
C01334,13.0307866,77.6354955,9,1,5.652041691770591,50.86837522593532
C01335,12.9920694,77.570822,4,5,1.5568308282442878,6.227323312977151
C01336,12.9708195,77.600727,3,1,3.2151570379014816,9.645471113704446
C01337,13.1273816,77.5878558,2,2,5.340696016966221,10.681392033932442
C01338,13.0632419,77.6422176,3,2,6.2432714388821235,18.72981431664637
C01339,13.0241366,77.5861819,3,5,4.0431162157140825,12.129348647142248
C01340,13.0051033,77.5696356,4,5,1.3419658840586064,5.367863536234426
C01341,12.9966912,77.6967126,4,7,4.626156177478746,18.504624709914985
C01342,13.0578543,77.5462761,3,2,5.009965854809382,15.029897564428145
C01343,13.0148018,77.5681432,5,5,1.9798279596211885,9.899139798105942
C01344,12.9232698,77.5810327,8,8,0.6523058759437881,5.218447007550305
C01345,13.0632285,77.6068687,6,2,2.782569005507357,16.69541403304414
C01346,12.9168619,77.5882013,1,8,0.43923417124155006,0.43923417124155006
C01347,12.9752095,77.7713656,1,7,5.2839684232283615,5.2839684232283615
C01348,13.0338628,77.5687072,6,5,3.954440631667201,23.72664379000321
C01349,12.9995361,77.7197386,1,7,3.90107073949666,3.90107073949666
C01350,12.9755715,77.6413378,3,1,1.4555258529221926,4.366577558766577
C01351,12.9595347,77.5120035,1,3,3.7119528298180935,3.7119528298180935
C01352,12.9431459,77.5893564,1,8,2.783593493799167,2.783593493799167
C01353,12.9287644,77.5858624,5,8,1.1507777698827788,5.753888849413894
C01354,13.02454,77.5950447,6,5,4.823382965332507,28.940297791995043
C01355,12.9946147,77.6986687,2,7,4.313678789863538,8.627357579727075
C01356,12.9872062,77.7368076,1,7,2.8726302243611,2.8726302243611
C01357,12.9580728,77.6594492,2,1,4.1313716410976395,8.262743282195279
C01358,12.9792461,77.6952137,4,7,3.5173141529939316,14.069256611975726
C01359,12.9061458,77.5968786,1,8,1.914229136759836,1.914229136759836
C01360,12.9217521,77.6638083,4,4,3.060751163591349,12.243004654365397
C01361,12.9750033,77.6077818,3,1,2.34894091348717,7.0468227404615105
C01362,12.9639584,77.6413395,5,1,2.2531170182597564,11.265585091298782
C01363,13.0493747,77.5557397,4,2,4.730609784754828,18.92243913901931
C01364,13.0418729,77.5304892,2,5,5.5966457313994304,11.193291462798861
C01365,12.9751861,77.5451895,8,5,3.0651624179456562,24.52129934356525
C01366,12.9884699,77.5769743,3,5,2.3343798539697955,7.003139561909387
C01367,12.9799577,77.5966461,3,1,3.487545552499254,10.462636657497761
C01368,12.9329465,77.5918045,2,8,1.7896444182567144,3.5792888365134288
C01369,12.905666,77.6012072,2,8,2.3014515837147616,4.602903167429523
C01370,12.9855905,77.5599798,2,5,1.5489110326095654,3.097822065219131
C01371,12.9567804,77.7148696,3,7,1.3059298663665395,3.9177895990996188
C01372,12.9229116,77.5650055,11,8,2.1730745564928444,23.90382012142129
C01373,13.0633964,77.5057075,1,2,8.99381649442019,8.99381649442019
C01374,12.9189208,77.6165159,1,8,3.4771617499535847,3.4771617499535847
C01375,13.0079648,77.5562786,9,5,0.9694627902987294,8.725165112688565
C01376,12.9698751,77.6392046,3,1,1.6056161606813044,4.8168484820439135
C01377,12.9811352,77.6476672,2,1,2.0541626265573134,4.108325253114627
C01378,12.9730027,77.6124148,7,1,1.94424423717642,13.60970966023494
C01379,12.9122107,77.6377107,2,4,3.0805365678768926,6.161073135753785
C01380,12.9722083,77.6538788,12,1,2.8641518546608014,34.36982225592962
C01381,12.9489406,77.5949925,5,8,3.5617989035456614,17.80899451772831
C01382,12.8426053,77.5178602,2,3,10.214783107675247,20.429566215350494
C01383,13.0242126,77.5865363,15,5,4.077254554219005,61.158818313285074
C01384,12.9167733,77.6110998,2,8,2.8946789278339944,5.789357855667989
C01385,12.9741253,77.561823,6,5,2.8322641400736464,16.993584840441876
C01386,13.0998523,77.5873859,4,2,2.29291548346141,9.17166193384564
C01387,13.1990189,77.7082921,8,6,4.496628934592418,35.973031476739344
C01388,13.0240459,77.5864593,10,5,4.058692609370418,40.58692609370418
C01389,12.9810398,77.6104463,3,1,1.9917677853337954,5.975303356001386
C01390,12.9582966,77.7156081,2,7,1.1375276272848591,2.2750552545697182
C01391,13.0006977,77.6328058,5,1,2.315722818824003,11.578614094120015
C01392,12.9580498,77.6594456,2,1,4.132563841332735,8.26512768266547
C01393,12.8014433,77.5749742,14,8,12.993523535155795,181.90932949218114
C01394,12.9568266,77.7404078,4,7,1.982318700280357,7.929274801121428
C01395,12.9243736,77.4981352,3,3,0.9740415193408332,2.9221245580224995
C01396,12.9784737,77.6394515,4,1,1.1742659469119452,4.697063787647781
C01397,13.0758637,77.5594245,1,2,3.016246336215092,3.016246336215092
C01398,12.9734836,77.6357281,2,1,1.0563429087786829,2.1126858175573657
C01399,12.9236001,77.5879513,8,8,0.6819700141328188,5.45576011306255
C01400,12.8327806,77.6809399,2,4,7.209337766545825,14.41867553309165
C01401,12.9675654,77.7187047,2,7,0.6589451113088031,1.3178902226176061
C01402,12.9513838,77.6994322,5,7,3.0324706566056636,15.162353283028319
C01403,12.9712747,77.6919326,8,7,3.55318000871176,28.42544006969408
C01404,12.9385924,77.5410571,5,8,5.216684061999989,26.083420309999944
C01405,12.9077002,77.6405153,7,4,2.534266455738033,17.73986519016623
C01406,12.972711,77.5360097,2,5,3.8539990764211622,7.7079981528423245
C01407,12.9612937,77.5753891,1,5,4.604963979147535,4.604963979147535
C01408,13.1048382,77.575315,9,2,3.1150959535828244,28.03586358224542
C01409,12.9824199,77.6078755,3,1,2.2822385361623154,6.846715608486946
C01410,12.883362,77.5831729,3,8,3.8872084679346846,11.661625403804054
C01411,13.0530851,77.6457541,8,2,6.996213578157359,55.969708625258875
C01412,12.9750407,77.6199867,5,1,1.1091158983293248,5.545579491646624
C01413,12.9658931,77.6370702,5,1,1.8178062093739054,9.089031046869527
C01414,13.1170818,77.635595,15,2,6.739442123107089,101.09163184660633
C01415,12.9578343,77.5342179,2,5,5.322977862039801,10.645955724079602
C01416,12.9117415,77.6442736,6,4,2.5335561059522127,15.201336635713275
C01417,12.9558995,77.6411692,3,1,3.0035720704294544,9.010716211288363
C01418,12.9119718,77.6260111,4,4,4.125568684876076,16.502274739504305
C01419,12.9793166,77.7120686,10,7,2.082090592725449,20.820905927254493
C01420,12.8775041,77.6031664,5,8,4.965738268929826,24.82869134464913
C01421,12.9355455,77.5351518,5,3,4.591586438042978,22.95793219021489
C01422,12.9659706,77.6744108,7,1,5.197658794421059,36.383611560947415
C01423,12.9163673,77.6082005,3,8,2.5842232400768057,7.752669720230417
C01424,12.870872,77.5935324,2,8,5.357744359268001,10.715488718536003
C01425,12.9337369,77.6176108,2,8,3.9736207709370563,7.947241541874113
C01426,12.9783325,77.6386612,1,1,1.092421117862129,1.092421117862129
C01427,12.996375,77.5503418,14,5,0.9677860630223786,13.5490048823133
C01428,13.0188203,77.5686314,2,5,2.394577419597644,4.789154839195288
C01429,12.9344559,77.6159732,3,8,3.849437656460519,11.548312969381556
C01430,12.9542695,77.5757643,3,8,4.076204027025008,12.228612081075024
C01431,12.9427251,77.5712748,4,8,3.0460217100206224,12.18408684008249
C01432,12.978547,77.5872153,6,5,3.87296325049481,23.237779502968863
C01433,13.0139138,77.5706714,6,5,2.0584414289278343,12.350648573567007
C01434,12.9249909,77.5440968,2,8,4.44582495931177,8.89164991862354
C01435,13.0261502,77.5776319,3,5,3.5954916003725206,10.786474801117562
C01436,12.9005351,77.5583911,4,8,3.4597544702572276,13.83901788102891
C01437,12.9330908,77.5814924,3,8,1.6525913031785078,4.957773909535524
C01438,12.9505044,77.6243923,10,1,3.3165813042270647,33.16581304227065
C01439,13.0221502,77.5534251,5,5,2.5682163246863294,12.841081623431647
C01440,12.9677173,77.6003168,6,1,3.3820435154984194,20.292261092990515
C01441,13.0091024,77.5912466,5,5,3.6926379195086674,18.463189597543337
C01442,12.9032032,77.5697228,8,8,2.3288798794154277,18.631039035323422
C01443,13.0532734,77.6044159,4,2,3.4298168467777255,13.719267387110902
C01444,12.933379,77.7446356,1,7,4.117492349647876,4.117492349647876
C01445,12.8972303,77.6459233,4,4,1.5096568459319464,6.0386273837277855
C01446,12.9351187,77.6088557,2,8,3.224598443352572,6.449196886705144
C01447,12.9885512,77.6937025,2,7,4.223348708082003,8.446697416164007
C01448,12.9571564,77.7018603,5,7,2.5317777591617747,12.658888795808874
C01449,12.9806921,77.6410053,8,1,1.3294095904462668,10.635276723570135
C01450,12.9251568,77.6338744,3,4,4.397061926052946,13.19118577815884
C01451,13.0062044,77.5605179,4,5,0.7665355378453885,3.066142151381554
C01452,13.0928999,77.523654,11,2,7.042193502308186,77.46412852539005
C01453,13.0603606,77.5923724,4,2,2.158593689746393,8.634374758985572
C01454,12.9944952,77.6159529,21,1,2.110920666875947,44.32933400439489
C01455,13.1039498,77.5727951,5,2,3.150122316278613,15.750611581393066
C01456,12.9872807,77.5494174,1,5,1.6860977597038447,1.6860977597038447
C01457,12.9437023,77.5846389,6,8,2.7947488323566256,16.768492994139756
C01458,13.0684762,77.5544058,4,2,3.7307033874072264,14.922813549628906
C01459,12.9647139,77.6056671,8,1,3.035342311758958,24.282738494071666
C01460,13.064804,77.6521368,5,2,7.242509689756171,36.21254844878086
C01461,13.0049733,77.553767,3,5,0.8036970357340875,2.4110911072022625
C01462,12.9378288,77.5692035,1,8,2.7122325121712993,2.7122325121712993
C01463,13.0480353,77.5008879,3,5,8.255185041357754,24.76555512407326
C01464,12.9861656,77.5819255,2,5,2.926500980672647,5.853001961345294
C01465,12.9690223,77.5433246,2,5,3.7642731330732992,7.5285462661465985
C01466,12.9509992,77.5698534,5,8,3.9376385908848803,19.6881929544244
C01467,12.9864322,77.6462463,11,1,2.020255203469493,22.22280723816442
C01468,12.991859,77.5917461,4,5,3.6903229931555868,14.761291972622347
C01469,12.912653,77.59021,1,8,0.8929543172755241,0.8929543172755241
C01470,12.9228875,77.5736719,5,8,1.2736413071741475,6.368206535870737
C01471,13.1269751,77.5665678,8,2,5.741053719302998,45.92842975442398
C01472,13.0347696,77.5576937,2,5,3.9028609379006567,7.805721875801313
C01473,13.0467217,77.5671136,3,2,4.188636662382884,12.565909987148654
C01474,12.9601636,77.6430082,3,1,2.6993749513422847,8.098124854026853
C01475,12.8770641,77.4166514,2,3,10.260441020677266,20.520882041354533
C01476,12.9750886,77.7271395,5,7,1.2188262212918912,6.094131106459456
C01477,13.1424106,77.7340989,3,6,5.874864689711138,17.624594069133412
C01478,12.9352294,77.6076048,4,8,3.1214340393208104,12.485736157283242
C01479,12.9822815,77.708899,2,7,2.5537316959283682,5.1074633918567365
C01480,12.9175286,77.6519289,2,4,2.687483965555181,5.374967931110362
C01481,13.0081486,77.7837101,6,7,8.088951208602287,48.53370725161372
C01482,12.9244734,77.6185744,3,8,3.7597546507383344,11.279263952215004
C01483,13.0163704,77.6473761,11,1,4.48885504198158,49.37740546179738
C01484,12.9587478,77.6595963,3,1,4.10062137052511,12.30186411157533
C01485,12.9572546,77.6074721,4,1,3.431265185562918,13.725060742251673
C01486,12.9184754,77.6321554,6,4,3.9904530760181296,23.94271845610878
C01487,12.9568284,77.7403071,1,7,1.9723703301002344,1.9723703301002344
C01488,13.0278171,77.5572395,1,5,3.1356574760212976,3.1356574760212976
C01489,13.0368048,77.6548747,1,1,6.8813806009559375,6.8813806009559375
C01490,13.0017378,77.630831,8,1,2.3995085195262607,19.196068156210085
C01491,12.8819309,77.470935,2,3,6.001489670478629,12.002979340957259
C01492,13.0677887,77.5754934,20,2,1.7730014692790599,35.460029385581194
C01493,12.9777094,77.6280218,2,1,0.28278158873574827,0.5655631774714965
C01494,12.9949231,77.6078993,4,1,2.793926858118263,11.175707432473052
C01495,12.8879571,77.5626885,10,8,4.123637501179919,41.2363750117992
C01496,12.868371,77.6550611,14,4,2.924518060755373,40.94325285057522
C01497,12.9927313,77.6051119,14,1,2.921379629193483,40.899314808708766
C01498,12.9851088,77.7480845,8,7,3.4731953146866616,27.785562517493293
C01499,12.9754222,77.636333,7,1,0.9738591727325251,6.8170142091276755
C01500,12.8407276,77.5972657,5,8,8.714949913010804,43.57474956505402
C01501,12.9675399,77.6703009,6,1,4.719916704769906,28.319500228619436
C01502,12.9643458,77.5433388,2,5,4.234145397827705,8.46829079565541
C01503,12.9158584,77.6989689,2,4,4.896560753200619,9.793121506401238
C01504,12.9612458,77.7162332,3,7,0.9117558107575128,2.735267432272538
C01505,12.9720603,77.6044944,3,1,2.7837209328375785,8.351162798512735
C01506,12.9170622,77.5786109,2,8,0.6574042072143957,1.3148084144287915
C01507,12.9489087,77.6872536,5,7,4.341875175569715,21.709375877848576
C01508,12.8717255,77.574927,6,8,5.275962622909519,31.655775737457116
C01509,12.9282084,77.6066821,4,8,2.6398127547006385,10.559251018802554
C01510,12.9588104,77.5868782,9,8,4.474555977132312,40.271003794190804
C01511,13.001038,77.6623051,1,1,4.312209578147947,4.312209578147947
C01512,12.9555948,77.6418006,3,1,3.064791676186236,9.194375028558708
C01513,13.0833773,77.640726,2,2,5.846774604693683,11.693549209387365
C01514,13.000323,77.5503429,1,5,0.9070571343788192,0.9070571343788192
C01515,12.949846,77.715858,3,7,1.8476460782574473,5.5429382347723415
C01516,12.9640632,77.5509417,3,5,4.013558834533006,12.040676503599018
C01517,12.9401959,77.6253387,10,1,4.43912089753226,44.3912089753226
C01518,12.9726612,77.5353834,5,5,3.901919565376164,19.50959782688082
C01519,13.0100409,77.6674667,2,1,5.3468561339848115,10.693712267969623
C01520,12.9582324,77.7098778,12,7,1.6778853654470456,20.134624385364546
C01521,12.9641889,77.6055336,8,1,3.0803065537400256,24.642452429920205
C01522,12.9882001,77.7311874,5,7,2.735412319134912,13.67706159567456
C01523,13.0221896,77.5509196,3,5,2.6458561529916556,7.937568458974967
C01524,12.9094886,77.5499478,2,8,3.88046575142999,7.76093150285998
C01525,12.9680875,77.7487636,3,7,2.7247206163452162,8.174161849035649
C01526,12.9693295,77.7496344,7,7,2.8407397629503572,19.8851783406525
C01527,12.9255939,77.5861537,12,8,0.8104558447343458,9.72547013681215
C01528,12.9085132,77.6515084,10,4,1.786311941856615,17.86311941856615
C01529,12.8434539,77.6443197,2,4,5.8790660810916435,11.758132162183287
C01530,13.0575615,77.5898797,2,2,2.4088833084127215,4.817766616825443
C01531,12.9230562,77.5934443,4,8,1.0969753622569007,4.387901449027603
C01532,12.9162574,77.6148293,1,8,3.3026291768713145,3.3026291768713145
C01533,12.8616608,77.6014989,4,8,6.552288090724864,26.209152362899456
C01534,12.9121681,77.6495312,3,4,2.244261935676484,6.732785807029453
C01535,13.0061753,77.6408332,2,1,3.163937905149643,6.327875810299286
C01536,12.9126127,77.6328172,1,4,3.530892357478075,3.530892357478075
C01537,12.9692793,77.5895999,5,1,4.419630635696005,22.098153178480025
C01538,13.0241492,77.52766,2,5,4.330239907466701,8.660479814933401
C01539,12.9070866,77.5855025,1,8,1.2631376903220508,1.2631376903220508
C01540,12.9743213,77.6004186,1,1,3.1450124256963825,3.1450124256963825
C01541,12.9729726,77.6463407,3,1,2.0664425087811087,6.1993275263433265
C01542,12.9721976,77.7494321,11,7,2.8957284283812115,31.853012712193326
C01543,12.980889,77.7089872,11,7,2.4307526530976307,26.73827918407394
C01544,12.9851522,77.6737584,2,1,4.91498249687049,9.82996499374098
C01545,12.9863241,77.5819893,2,5,2.9236716805566014,5.847343361113203
C01546,13.0230447,77.6473827,5,1,5.159680226024915,25.798401130124574
C01547,12.9589685,77.7175748,2,7,0.9254207928599543,1.8508415857199085
C01548,12.9889359,77.574743,4,5,2.1027118999387575,8.41084759975503
C01549,12.9226172,77.5932227,6,8,1.0535848430257948,6.321509058154769
C01550,12.9144593,77.6355359,8,4,3.421495007411248,27.371960059289982
C01551,13.0010474,77.5499307,3,5,0.962368644892425,2.887105934677275
C01552,13.003328,77.712439,3,7,4.471760158685191,13.415280476055573
C01553,13.0469642,77.501634,2,5,8.116660290942722,16.233320581885444
C01554,13.0015902,77.5633746,2,5,0.5605920497802315,1.121184099560463
C01555,12.9867857,77.6905629,3,7,4.380549491889022,13.141648475667067
C01556,13.0607746,77.5009314,4,5,9.23142243778709,36.92568975114836
C01557,12.9966313,77.671863,6,1,5.020852490219894,30.12511494131936
C01558,12.9536152,77.5925145,2,8,3.988184233788476,7.976368467576952
C01559,12.9449679,77.628935,9,1,3.895247257778802,35.05722532000922
C01560,13.0486343,77.6446688,3,2,7.109505024529639,21.328515073588918
C01561,13.1134906,77.6877066,3,6,5.738274318677913,17.21482295603374
C01562,12.9676761,77.7167208,2,7,0.8563819863595952,1.7127639727191903
C01563,12.8909372,77.6091428,1,8,4.054773737777351,4.054773737777351
C01564,12.9048588,77.5442073,6,8,4.626375642734929,27.758253856409574
C01565,13.0375814,77.6927879,6,7,8.764454635574781,52.58672781344869
C01566,13.0252235,77.603522,3,5,5.6395290587532365,16.91858717625971
C01567,12.9177922,77.645042,3,4,3.027559703500473,9.08267911050142
C01568,12.9983978,77.5527249,5,5,0.6561205798963453,3.2806028994817265
C01569,12.9197662,77.6493372,1,4,3.0157306083114883,3.0157306083114883
C01570,12.9642551,77.585456,2,5,4.868496735696651,9.736993471393301
C01571,12.9352797,77.6157628,6,8,3.8721884768732187,23.23313086123931
C01572,12.9592241,77.7462486,1,7,2.493615922268466,2.493615922268466
C01573,12.8889424,77.6257834,4,4,3.714417103589387,14.857668414357548
C01574,13.0592214,77.5903843,1,2,2.2350909733816464,2.2350909733816464
C01575,12.9447935,77.6199116,5,1,4.030949469779276,20.15474734889638
C01576,12.9270964,77.5924045,3,8,1.285408513823032,3.856225541469096
C01577,12.941643,77.5934988,1,8,2.74657691116497,2.74657691116497
C01578,12.9672282,77.5412711,8,5,4.0425197487950655,32.340157990360524
C01579,12.8599691,77.5424109,2,8,7.9245110064414295,15.849022012882859
C01580,12.9703117,77.6094111,2,1,2.3674828572399282,4.7349657144798565
C01581,12.8911059,77.5794158,4,8,3.077211461089153,12.308845844356613
C01582,12.957471,77.6551567,7,1,3.8093786865945605,26.665650806161924
C01583,13.0428978,77.5914477,2,2,4.040674098649595,8.08134819729919
C01584,12.8965444,77.4622237,3,3,5.126150931868145,15.378452795604435
C01585,12.9282791,77.5162838,4,3,2.5495503087892515,10.198201235157006
C01586,13.019548,77.6435611,5,1,4.646778921613621,23.233894608068105
C01587,12.9692948,77.6401698,4,1,1.7253083707612777,6.901233483045111
C01588,12.8866506,77.5822279,3,8,3.5291327739677416,10.587398321903224
C01589,12.9694407,77.6829323,2,7,4.484177010199152,8.968354020398303
C01590,12.9658,77.4001418,4,3,10.771957071263628,43.08782828505451
C01591,12.9837933,77.7036676,2,7,3.063228794599549,6.126457589199098
C01592,12.9546676,77.5918156,1,8,4.086514800020674,4.086514800020674
C01593,12.9003214,77.6751463,5,4,1.8175223351695007,9.087611675847503
C01594,12.9832736,77.5913894,6,5,3.9822109149775993,23.893265489865595
C01595,13.0204243,77.6439492,1,1,4.752369094411135,4.752369094411135
C01596,12.9596781,77.6492376,2,1,3.174167502198509,6.348335004397018
C01597,13.0600088,77.5926696,5,2,2.204875309993768,11.024376549968839
C01598,12.9456667,77.6289508,14,1,3.817901301959048,53.45061822742667
C01599,12.9778698,77.5161012,3,5,5.204402585287784,15.613207755863353
C01600,12.972756,77.535702,2,5,3.871578411358891,7.743156822717782
C01601,13.0254302,77.6417703,3,1,5.2066256636963395,15.619876991089019
C01602,12.9750422,77.5760425,9,5,3.302124844262445,29.719123598362003
C01603,12.9961239,77.6132737,2,1,2.4402563133832516,4.880512626766503
C01604,12.9568659,77.7392665,2,7,1.8692611686976421,3.7385223373952843
C01605,12.9165756,77.6515256,2,4,2.601583915451559,5.203167830903118
C01606,13.0328638,77.671933,2,1,7.482967891134012,14.965935782268025
C01607,13.0218371,77.7621464,4,7,7.579676776254863,30.318707105019453
C01608,12.9482673,77.7463384,10,7,3.0272655669160247,30.272655669160248
C01609,13.0589004,77.6431033,4,2,6.485560979273649,25.942243917094597
C01610,12.9546737,77.7152773,3,7,1.4405979793406096,4.321793938021829
C01611,12.9899872,77.5720957,3,5,1.800383100047707,5.401149300143121
C01612,12.9306649,77.6760591,1,4,4.395250441134286,4.395250441134286
C01613,12.9641674,77.5819272,6,5,4.6579266366597505,27.947559819958503
C01614,12.9634592,77.6016559,3,1,3.4758541546676396,10.427562464002918
C01615,13.0744052,77.5671794,3,2,2.215775532420924,6.647326597262772
C01616,12.9722832,77.6492067,31,1,2.383503183851745,73.8885986994041
C01617,12.9048437,77.6445035,4,4,1.99807600512465,7.9923040204986
C01618,12.9041861,77.6778517,2,4,2.2645121852490315,4.529024370498063
C01619,13.0007426,77.6234215,2,1,2.351740688373409,4.703481376746818
C01620,12.9205931,77.6330004,7,4,4.085320822999863,28.597245760999044
C01621,12.9509424,77.5845687,4,8,3.59614592962394,14.38458371849576
C01622,13.0016107,77.6236458,1,1,2.4393066277841773,2.4393066277841773
C01623,13.0064373,77.6720657,6,1,5.527421268122234,33.16452760873341
C01624,13.0222937,77.5847256,2,5,3.789125178822724,7.578250357645448
C01625,12.9733488,77.6136783,12,1,1.8034870306053787,21.641844367264547
C01626,12.8954237,77.6012179,7,8,3.1299335346609003,21.909534742626303
C01627,13.0736677,77.786977,2,7,13.885349226674105,27.77069845334821
C01628,13.0124349,77.6483353,8,1,4.156696601191881,33.25357280953505
C01629,12.9613496,77.6399618,3,1,2.410348276556238,7.231044829668713
C01630,12.9608263,77.7161067,6,7,0.9436408257773261,5.661844954663957
C01631,12.9807471,77.5766813,5,5,2.8542408795987826,14.271204397993912
C01632,12.9922759,77.568733,2,5,1.3561772625584783,2.7123545251169565
C01633,12.9282063,77.7409446,2,7,4.426174124773614,8.852348249547228
C01634,12.9809183,77.6028112,7,1,2.8194713720055185,19.736299604038628
C01635,13.0045524,77.5711963,3,5,1.4702449619786844,4.410734885936053
C01636,12.8410461,77.6502896,3,4,5.993412336120387,17.98023700836116
C01637,12.9261144,77.5818696,2,8,0.8945340972714451,1.7890681945428901
C01638,12.8855512,77.5823969,4,8,3.6493493525155354,14.597397410062142
C01639,12.9783177,77.6979604,14,7,3.205755938609503,44.88058314053304
C01640,13.0983626,77.5708541,2,2,2.757445336253226,5.514890672506452
C01641,12.8403531,77.6637698,3,4,6.003298092873464,18.00989427862039
C01642,12.9089857,77.6491678,9,4,1.9657260805603434,17.69153472504309
C01643,12.934646,77.6125298,3,8,3.5323111427509617,10.596933428252886
C01644,12.9965998,77.6141717,5,1,2.4135786856111983,12.067893428055992
C01645,12.9341451,77.566062,2,8,2.650040782629958,5.300081565259916
C01646,13.0264438,77.5933686,4,5,4.803392360630453,19.213569442521813
C01647,12.9120609,77.6493739,3,4,2.2422330686532246,6.726699205959674
C01648,12.9742399,77.5305116,7,5,4.143452294955357,29.0041660646875
C01649,13.0614636,77.517997,8,2,7.741229403602034,61.92983522881627
C01650,13.0677035,77.5540336,20,2,3.796703465763668,75.93406931527336
C01651,12.9981136,77.6656155,5,1,4.466431131983364,22.33215565991682
C01652,12.9098411,77.5210794,4,3,3.8826165854826926,15.53046634193077
C01653,12.9703797,77.6373977,4,1,1.4311208289237518,5.724483315695007
C01654,12.9411755,77.6277014,3,1,4.3165765928575155,12.949729778572546
C01655,12.9778584,77.4305523,4,3,8.498127837843462,33.99251135137385
C01656,13.026358,77.6354942,3,1,5.166277866072793,15.49883359821838
C01657,12.9595457,77.7476967,4,7,2.6389802186808873,10.55592087472355
C01658,13.033656,77.674772,8,1,7.746518725431629,61.97214980345303
C01659,12.9388385,77.5981785,2,8,2.701469085562562,5.402938171125124
C01660,12.988882,77.5754312,7,5,2.168371805489234,15.178602638424639
C01661,12.9934609,77.4022168,8,3,12.002792122735666,96.02233698188533
C01662,13.1068384,77.5708394,3,2,3.532941938272731,10.598825814818193
C01663,12.9783951,77.5875863,1,5,3.915291843943265,3.915291843943265
C01664,12.9108405,77.6244568,2,4,4.219791559631118,8.439583119262236
C01665,12.9353486,77.6249595,8,8,4.774907674003428,38.199261392027424
C01666,12.996754,77.5689626,3,5,1.159607600791156,3.478822802373468
C01667,12.9745356,77.6041724,2,1,2.741986292796893,5.483972585593786
C01668,12.9234527,77.5697585,2,8,1.6931822639564311,3.3863645279128622
C01669,13.0016248,77.661574,6,1,4.281136275524319,25.686817653145916
C01670,12.9665114,77.6417193,5,1,2.0632852280549523,10.31642614027476
C01671,12.9712356,77.6068514,3,1,2.5763972625418754,7.729191787625626
C01672,12.9697082,77.5366305,3,5,4.075534866622618,12.226604599867855
C01673,12.9537213,77.6203916,3,1,3.064384678664893,9.193154035994679
C01674,12.9874353,77.6894176,2,7,4.523816338874889,9.047632677749778
C01675,12.9772171,77.5766278,10,5,3.1465828421490523,31.46582842149052
C01676,13.0391525,77.5310256,3,5,5.313894780759492,15.941684342278476
C01677,12.973967,77.5479135,8,5,3.0599421307789467,24.479537046231574
C01678,12.947,77.5817368,10,8,3.1739115218854668,31.739115218854668
C01679,12.935468,77.6172102,7,8,4.020410086800826,28.142870607605783
C01680,12.9901302,77.5722123,2,5,1.8014687138292595,3.602937427658519
C01681,12.984291,77.5543158,4,5,1.750793960166085,7.00317584066434
C01682,12.9380674,77.6188279,3,8,4.313795016405989,12.941385049217967
C01683,12.9478186,77.593784,2,8,3.4031967856146474,6.806393571229295
C01684,12.9570155,77.5697127,4,8,4.560194285943954,18.240777143775816
C01685,12.8552347,77.6755285,1,4,4.67337391978675,4.67337391978675
C01686,12.959071,77.7214103,8,7,0.6642462812224555,5.313970249779644
C01687,13.1110497,77.5797494,2,2,3.619061506031649,7.238123012063298
C01688,12.9573627,77.7366502,4,7,1.5932337879967209,6.3729351519868835
C01689,12.9709607,77.5370233,4,5,3.938525066469839,15.754100265879355
C01690,12.9061738,77.5825444,3,8,1.3758702996691197,4.127610899007359
C01691,12.8870681,77.5929243,5,8,3.592835687187533,17.964178435937665
C01692,12.9974737,77.6202808,2,1,2.1271116767418445,4.254223353483689
C01693,12.9771368,77.5758801,6,5,3.104018195732371,18.624109174394228
C01694,12.9717337,77.5963457,1,1,3.641510018634246,3.641510018634246
C01695,13.1716301,77.5580807,4,2,10.708478991133493,42.83391596453397
C01696,12.973936,77.6509982,13,1,2.5092614370331376,32.62039868143079
C01697,13.1983834,77.7137963,2,6,4.800325156047175,9.60065031209435
C01698,13.0061199,77.5543676,2,5,0.8661249955028395,1.732249991005679
C01699,12.9760932,77.6293447,5,1,0.4540050419542756,2.270025209771378
C01700,12.9322145,77.6130714,4,8,3.45636207015352,13.82544828061408
C01701,12.8019333,77.5742779,4,8,12.945717467015855,51.78286986806342
C01702,12.9965586,77.6136291,5,1,2.4492760235813473,12.246380117906737
C01703,12.834844,77.6954513,5,4,7.663241405628673,38.31620702814337
C01704,13.0117027,77.5520208,7,5,1.5286294326379062,10.700406028465343
C01705,12.8850998,77.5823163,4,8,3.699769456944877,14.799077827779508
C01706,12.9622172,77.5955424,3,1,4.117839470481795,12.353518411445386
C01707,13.0618704,77.5871393,5,2,1.911867871271746,9.55933935635873
C01708,12.9854258,77.6733538,13,1,4.874868976451625,63.37329669387112
C01709,12.9205575,77.6088459,3,8,2.6541514412636635,7.962454323790991
C01710,12.9263412,77.5971456,2,8,1.627397747133332,3.254795494266664
C01711,13.0295016,77.5684762,7,5,3.4852037677271217,24.396426374089852
C01712,12.9810668,77.6019607,3,1,2.912280844221908,8.736842532665724
C01713,12.9989839,77.6690515,1,1,4.843985961505736,4.843985961505736
C01714,13.0406271,77.6236064,6,2,5.825958996311055,34.95575397786633
C01715,13.0708611,77.5901247,2,2,0.9765934580150835,1.953186916030167
C01716,12.9450345,77.6289388,3,1,3.887876815698449,11.663630447095347
C01717,13.040249,77.6241636,4,2,5.897822894993225,23.5912915799729
C01718,12.9061991,77.5794423,4,8,1.4634437031898668,5.853774812759467
C01719,13.0210066,77.6290727,5,1,4.5221988347747875,22.610994173873937
C01720,13.0056969,77.5721063,2,5,1.6116100718912485,3.223220143782497
C01721,12.9649509,77.5739492,5,5,4.171332001966032,20.85666000983016
C01722,12.9359199,77.5127796,3,3,2.194205149487886,6.582615448463658
C01723,12.9858451,77.6686567,6,1,4.375471184426525,26.25282710655915
C01724,12.934866,77.6135893,5,8,3.6439918446032524,18.21995922301626
C01725,12.9457759,77.5717284,2,8,3.32682727009336,6.65365454018672
C01726,12.924405,77.5647251,7,8,2.245538441133799,15.718769087936593
C01727,13.0355903,77.5576295,2,5,3.9938626357155553,7.987725271431111
C01728,12.938312,77.5843066,6,8,2.1981319898580094,13.188791939148057
C01729,13.0081572,77.5712887,4,5,1.6710625746494063,6.684250298597625
C01730,12.9453667,77.5709983,12,8,3.3199296951965107,39.83915634235813
C01731,12.9982004,77.5715144,3,5,1.4030013319204637,4.209003995761391
C01732,13.0131425,77.5544949,3,5,1.5738241058032796,4.721472317409839
C01733,12.9551584,77.6512286,3,1,3.6880001230176966,11.06400036905309
C01734,12.9737848,77.5498201,3,5,3.0062880383122392,9.018864114936719
C01735,12.9854461,77.5111646,6,5,5.385737227850938,32.314423367105626
C01736,12.9646081,77.7148543,1,7,0.9854588874859516,0.9854588874859516
C01737,12.983332,77.7042603,2,7,2.98149191639275,5.9629838327855
C01738,12.9732601,77.6146209,2,1,1.7153996980149575,3.430799396029915
C01739,12.9979947,77.5516305,6,5,0.7815133270849773,4.689079962509864
C01740,12.9137798,77.6484692,11,4,2.4562399602214025,27.01863956243543
C01741,13.0775521,77.5813643,3,2,0.6383389851129618,1.9150169553388854
C01742,12.9870759,77.5947417,3,1,3.7727447251000332,11.3182341753001
C01743,12.9959683,77.5309876,3,5,3.0293143920098538,9.087943176029562
C01744,12.9746281,77.5849104,7,5,3.964102697131068,27.748718879917476
C01745,12.9323585,77.5634884,2,8,2.7516582450889775,5.503316490177955
C01746,12.9966847,77.5711946,4,5,1.3964415245001296,5.585766098000518
C01747,12.9355492,77.6287026,7,1,4.937834781281754,34.56484346897228
C01748,12.9481186,77.6796811,5,7,5.136770020905657,25.683850104528286
C01749,12.9746134,77.6076807,4,1,2.3703938286843886,9.481575314737555
C01750,12.9644592,77.7153356,7,7,0.9332138712158097,6.532497098510667
C01751,12.9845377,77.6758162,1,1,5.130151662151418,5.130151662151418
C01752,12.9590374,77.7170519,5,7,0.9636560371269078,4.818280185634539
C01753,12.9840786,77.6781324,2,1,5.376190931014577,10.752381862029154
C01754,12.9294166,77.6323832,1,4,4.867573763398385,4.867573763398385
C01755,12.9476395,77.5828504,5,8,3.2354660457615365,16.177330228807683
C01756,13.0217981,77.5535633,9,5,2.5268964268609664,22.742067841748696
C01757,13.096158,77.5776681,3,2,2.139524769400318,6.418574308200954
C01758,13.0013935,77.5714407,6,5,1.4026845625785427,8.416107375471256
C01759,12.9560339,77.7253817,10,7,0.9545904696516085,9.545904696516086
C01760,12.9575366,77.6160559,8,1,2.859207366625191,22.87365893300153
C01761,13.0170367,77.5664416,10,5,2.1145995120510226,21.145995120510225
C01762,12.9109555,77.6065615,6,8,2.5356671953454626,15.214003172072776
C01763,12.9646584,77.6031932,4,1,3.2640075540886975,13.05603021635479
C01764,12.9624344,77.635802,1,1,2.1049660349484256,2.1049660349484256
C01765,12.9202333,77.6510302,3,4,3.0023922374500143,9.007176712350043
C01766,12.913853,77.5426932,2,8,4.567560024953827,9.135120049907654
C01767,12.9578411,77.5694747,15,8,4.654834929825414,69.82252394738121
C01768,12.960426,77.7179478,3,7,0.7932196566150534,2.3796589698451602
C01769,12.9776188,77.5313254,4,5,3.831774741141324,15.327098964565296
C01770,12.9482721,77.5970484,5,8,3.5708662926703547,17.854331463351773
C01771,12.9708978,77.6269272,3,1,1.0442154272791593,3.132646281837478
C01772,12.9228336,77.6731286,11,4,3.4745439755127494,38.219983730640244
C01773,12.9829982,77.6387041,2,1,1.1232304410266285,2.246460882053257
C01774,12.9387218,77.584117,4,8,2.243775619809805,8.97510247923922
C01775,12.9768053,77.6322245,2,1,0.5273255343652896,1.0546510687305792
C01776,12.9458365,77.576673,1,8,3.1477202387391334,3.1477202387391334
C01777,13.0232546,77.6318732,2,1,4.782798932161348,9.565597864322696
C01778,12.9993708,77.5692875,3,5,1.153735757211459,3.461207271634377
C01779,12.942581,77.6089966,2,8,3.7694412942099644,7.538882588419929
C01780,12.9867911,77.7022916,2,7,3.4040971298767873,6.8081942597535745
C01781,12.9166127,77.6150722,1,8,3.3262883550791438,3.3262883550791438
C01782,12.9703055,77.6399193,3,1,1.62898965690243,4.88696897070729
C01783,12.8998165,77.6083074,1,8,3.307841613353122,3.307841613353122
C01784,12.9687765,77.6368865,6,1,1.5371599524557034,9.22295971473422
C01785,13.0600947,77.5766579,4,2,2.3894388334399417,9.557755333759767
C01786,12.9728232,77.6170871,1,1,1.505948116405324,1.505948116405324
C01787,13.0188169,77.7043872,3,7,6.3724509804500205,19.117352941350063
C01788,12.9653573,77.5964137,2,1,3.875991689716569,7.751983379433138
C01789,13.0629067,77.5858824,4,2,1.8013377465214457,7.205350986085783
C01790,12.8901398,77.6734141,8,4,1.5809367126217189,12.647493700973751
C01791,12.9675475,77.7142023,1,7,1.1074991759048591,1.1074991759048591
C01792,12.974724,77.6071951,4,1,2.418278229444561,9.673112917778244
C01793,12.9572779,77.7094779,3,7,1.7630618915714737,5.289185674714421
C01794,12.9744756,77.5334818,5,5,3.893146628982604,19.46573314491302
C01795,13.0711177,77.6519807,4,2,7.105174814594,28.420699258376
C01796,12.9687034,77.6935455,2,7,3.331012607897146,6.662025215794292
C01797,12.9965253,77.5631963,3,5,0.5938357478253654,1.7815072434760961
C01798,12.8911861,77.6064469,2,8,3.8461409419162083,7.6922818838324165
C01799,12.8461108,77.7768872,7,4,13.823587410433591,96.76511187303514
C01800,13.1991569,77.7079889,3,6,4.49116561174663,13.473496835239889
C01801,13.0066743,77.5551666,13,5,0.8776509374216199,11.40946218648106
C01802,13.0723261,77.5859582,3,2,0.7631663624378742,2.2894990873136223
C01803,12.9598638,77.5334473,2,5,5.173206572842812,10.346413145685624
C01804,12.9737084,77.6204856,1,1,1.1482766049560538,1.1482766049560538
C01805,12.916731,77.5999663,1,8,1.6905689420949375,1.6905689420949375
C01806,12.9549791,77.5923186,1,8,4.131224335619941,4.131224335619941
C01807,13.0059324,77.57696,4,5,2.1092846525816666,8.437138610326667
C01808,12.9180396,77.631926,5,4,3.9771696253420465,19.885848126710233
C01809,12.9923298,77.7131282,1,7,3.2925924126739474,3.2925924126739474
C01810,13.0179119,77.5680685,6,5,2.2772846122304267,13.66370767338256
C01811,12.9065354,77.5898784,2,8,1.4430494111872372,2.8860988223744743
C01812,13.1283341,77.5879964,4,2,5.446394056305675,21.7855762252227
C01813,12.9953279,77.5712934,10,5,1.4478610996524017,14.478610996524017
C01814,12.9813678,77.4851178,6,3,5.572928201442722,33.437569208656335
C01815,13.0359144,77.58924,3,2,4.791077347044817,14.373232041134452
C01816,12.9122707,77.5860983,2,8,0.7063113998711457,1.4126227997422913
C01817,12.8453804,77.6648625,1,4,5.459908993474711,5.459908993474711
C01818,12.9772434,77.5629482,2,5,2.509776354753352,5.019552709506704
C01819,12.9822892,77.5962827,3,1,3.534807028190262,10.604421084570786
C01820,12.9509129,77.5777399,2,8,3.6669912545450707,7.333982509090141
C01821,12.9638523,77.5866348,3,1,4.9175488312416915,14.752646493725074
C01822,12.9891533,77.7147134,4,7,2.9029224483101266,11.611689793240506
C01823,12.937327,77.6240168,3,1,4.769044703600024,14.307134110800071
C01824,12.9807721,77.5069825,2,3,5.646461322520768,11.292922645041536
C01825,13.0409195,77.518791,4,5,6.302365093427352,25.20946037370941
C01826,12.9746676,77.6362047,5,1,1.0100746854001241,5.05037342700062
C01827,12.9897505,77.5560235,2,5,1.1189914085994799,2.2379828171989598
C01828,12.9355411,77.5131387,9,3,2.223728256520682,20.01355430868614
C01829,12.9122756,77.6462847,3,4,2.444028245706133,7.332084737118399
C01830,13.0707121,77.5912106,3,2,1.0380520734370267,3.11415622031108
C01831,13.0640796,77.6424374,5,2,6.240739014866055,31.203695074330273
C01832,12.9489147,77.5678819,4,8,3.823907513233526,15.295630052934104
C01833,12.8694754,77.5651717,6,8,5.813620336353858,34.88172201812315
C01834,12.9648073,77.7143417,4,7,1.0415083678513255,4.166033471405302
C01835,12.9070053,77.546138,2,8,4.353642824564272,8.707285649128544
C01836,12.9596795,77.6566533,4,1,3.781594950091996,15.126379800367983
C01837,12.9673099,77.6414861,1,1,1.9817679110181083,1.9817679110181083
C01838,12.9904629,77.5707293,4,5,1.6499521123074696,6.5998084492298785
C01839,13.0066698,77.5692947,3,5,1.3994026726898574,4.198208018069572
C01840,12.9102517,77.6865068,3,4,3.4138535164671246,10.241560549401374
C01841,13.0552092,77.601991,3,2,3.1077306343551787,9.323191903065537
C01842,12.9203588,77.6173047,1,8,3.568648784504865,3.568648784504865
C01843,12.9758961,77.6227691,2,1,0.8043463522279816,1.6086927044559631
C01844,13.0265402,77.5147174,4,5,5.6293702748039065,22.517481099215626
C01845,12.9389275,77.5524614,4,8,4.1513452493802365,16.605380997520946
C01846,12.9980764,77.5817987,2,5,2.5167664943377885,5.033532988675577
C01847,12.9300904,77.5858231,8,8,1.2959897685614785,10.367918148491828
C01848,13.0448386,77.620895,2,2,5.28522732994072,10.57045465988144
C01849,13.016705,77.539386,7,5,2.827240769971963,19.79068538980374
C01850,12.9860032,77.7452869,4,7,3.3200940801819465,13.280376320727786
C01851,12.8388981,77.6603664,2,4,6.147321880411533,12.294643760823066
C01852,12.9991829,77.5825259,12,5,2.590867854690021,31.090414256280248
C01853,12.9654514,77.5964034,1,1,3.872614775295035,3.872614775295035
C01854,12.9768586,77.5936735,6,1,3.8276367705262833,22.9658206231577
C01855,12.9560242,77.5121337,7,3,3.4039863991412886,23.82790479398902
C01856,12.9952954,77.5391057,2,5,2.1734645304172378,4.3469290608344755
C01857,12.9625591,77.6430964,9,1,2.4925665273034547,22.433098745731094
C01858,12.9915734,77.5705023,3,5,1.557856861386369,4.673570584159107
C01859,13.1205677,77.6280394,4,2,6.390584328626663,25.562337314506653
C01860,12.8998111,77.6311996,4,4,3.1335424770577274,12.53416990823091
C01861,12.8135824,77.5810195,3,8,11.614767111528154,34.844301334584465
C01862,12.9505916,77.6239594,6,1,3.314111081448954,19.884666488693725
C01863,12.9368551,77.7488957,6,7,4.091541046392285,24.54924627835371
C01864,13.0763988,77.5582777,1,2,3.1335228701032047,3.1335228701032047
C01865,13.0575915,77.5894655,8,2,2.400203415402805,19.20162732322244
C01866,12.9718996,77.6508166,1,1,2.5618207000289877,2.5618207000289877
C01867,12.9794606,77.6467914,7,1,1.9577422270363019,13.704195589254113
C01868,12.997295,77.7615296,7,7,5.460232316269238,38.22162621388466
C01869,12.9641723,77.7124942,2,7,1.2423343961560613,2.4846687923121227
C01870,12.9831385,77.6079901,2,1,2.280024500282684,4.560049000565368
C01871,12.9810024,77.6029016,2,1,2.809956844980605,5.61991368996121
C01872,12.9664198,77.6371428,3,1,1.771432404578527,5.314297213735581
C01873,12.9824796,77.6078489,3,1,2.285842688888753,6.857528066666259
C01874,13.0297077,77.5584857,6,5,3.341195778960545,20.04717467376327
C01875,12.9194222,77.5783984,8,8,0.6707402835427362,5.3659222683418895
C01876,12.8927045,77.5216968,9,3,5.313386194887686,47.82047575398917
C01877,12.9795841,77.6055942,2,1,2.5168963293385405,5.033792658677081
C01878,12.9079175,77.6760059,3,4,2.33104486777994,6.993134603339819
C01879,12.9589442,77.659719,1,1,4.099005835810271,4.099005835810271
C01880,12.9522688,77.5835284,2,8,3.7444352519372925,7.488870503874585
C01881,12.9570057,77.7195724,7,7,0.9588020472332643,6.71161433063285
C01882,13.0122579,77.5541209,10,5,1.4931964611030355,14.931964611030356
C01883,12.9750466,77.6179321,1,1,1.305596197555407,1.305596197555407
C01884,12.922444,77.6652753,2,4,3.164016927613372,6.328033855226744
C01885,12.9201025,77.6452144,3,4,3.239772117334575,9.719316352003725
C01886,12.9474222,77.5986921,4,8,3.557699844748493,14.230799378993972
C01887,13.1038855,77.5164413,2,2,8.13305481666457,16.26610963332914
C01888,12.9244491,77.6741821,4,4,3.6851517063700463,14.740606825480185
C01889,13.1520922,77.6200567,2,6,7.218914370990328,14.437828741980656
C01890,12.9632071,77.6413756,3,1,2.3221563187959835,6.966468956387951
C01891,12.9236679,77.5798108,5,8,0.769296693030837,3.846483465154185
C01892,13.065484,77.5652857,3,2,2.80134658061754,8.40403974185262
C01893,13.0149612,77.6438861,2,1,4.187684317233175,8.37536863446635
C01894,13.0555779,77.6050535,3,2,3.260950059283785,9.782850177851355
C01895,12.8439333,77.6061084,3,4,8.055922498224898,24.167767494674695
C01896,12.9837332,77.6064388,3,1,2.4565216336894617,7.369564901068385
C01897,13.0791187,77.4969976,3,2,9.76812662661919,29.30437987985757
C01898,12.9509478,77.5948162,10,8,3.767234585892127,37.67234585892127
C01899,13.046636,77.5278438,5,5,6.195260619690588,30.976303098452938
C01900,12.8922252,77.5813723,3,8,2.9232072773304463,8.769621831991339
C01901,13.0139019,77.4966426,5,5,6.916873717466907,34.58436858733454
C01902,12.919785,77.5923385,3,8,0.8641375028727352,2.5924125086182057
C01903,12.9436702,77.6255521,8,1,4.053949786563549,32.43159829250839
C01904,12.9740758,77.5345027,4,5,3.8484422132365372,15.393768852946149
C01905,12.931045,77.6098888,3,8,3.089320702591713,9.267962107775139
C01906,12.9739456,77.5361609,5,5,3.739029815418676,18.69514907709338
C01907,12.9692627,77.7122767,1,7,1.3691064880706003,1.3691064880706003
C01908,12.9844199,77.5885602,2,5,3.650980913913035,7.30196182782607
C01909,12.9927239,77.6155409,1,1,1.9996104686895975,1.9996104686895975
C01910,12.9334898,77.6184132,4,8,4.0412880499316906,16.165152199726762
C01911,12.9702038,77.5462546,11,5,3.5136961048500264,38.65065715335029
C01912,12.9423069,77.5705221,16,8,3.045157712387961,48.72252339820738
C01913,12.8378848,77.6897153,5,4,7.065711698223396,35.32855849111698
C01914,13.0720035,77.4995979,5,2,9.518964428124702,47.59482214062351
C01915,13.0068052,77.5645334,1,5,1.0276995670456537,1.0276995670456537
C01916,13.0325256,77.5409051,2,5,4.13014341104989,8.26028682209978
C01917,13.096802,77.5299114,2,2,6.49758896075376,12.99517792150752
C01918,12.9292972,77.5861487,2,8,1.2134921239989243,2.4269842479978485
C01919,13.0230791,77.522557,3,5,4.7067157215818805,14.120147164745642
C01920,12.991443,77.571173,2,5,1.6263480736295448,3.2526961472590896
C01921,12.9404194,77.6289278,1,1,4.398745331574591,4.398745331574591
C01922,12.9747335,77.6079408,6,1,2.339684923939281,14.038109543635688
C01923,12.9305734,77.5862262,2,8,1.3545089786502182,2.7090179573004365
C01924,12.9359738,77.5433996,4,8,4.86532308473076,19.46129233892304
C01925,12.9698492,77.7493496,14,7,2.821788708612456,39.505041920574385
C01926,12.8778149,77.4966267,2,3,5.9684737316561085,11.936947463312217
C01927,12.9780722,77.636543,1,1,0.8746227335220147,0.8746227335220147
C01928,12.9512118,77.5696962,3,8,3.9660639366036485,11.898191809810946
C01929,12.9622079,77.5842821,7,8,4.843210262674249,33.90247183871974
C01930,12.9585861,77.7085301,13,7,1.7972433821040787,23.364163967353022
C01931,12.95979,77.5339559,1,5,5.151185572449219,5.151185572449219
C01932,12.9165524,77.5974065,5,8,1.417543351228798,7.08771675614399
C01933,13.1090044,77.5802122,2,2,3.3871573196285634,6.774314639257127
C01934,12.9095004,77.5499914,3,8,3.8755549139606393,11.626664741881918
C01935,12.9597243,77.748301,21,7,2.6991986499493197,56.68317164893571
C01936,12.9997425,77.5970015,1,1,4.073683068632769,4.073683068632769
C01937,12.9129175,77.6101638,4,8,2.853683308482012,11.414733233928049
C01938,12.988588,77.590296,5,5,3.6411868389509,18.2059341947545
C01939,12.9945163,77.6989488,7,7,4.285969468228021,30.00178627759615
C01940,12.9069216,77.5998856,4,8,2.1029158370702565,8.411663348281026
C01941,12.9640596,77.7133817,4,7,1.1465406501744626,4.58616260069785
C01942,13.0708088,77.5903818,3,2,0.991949733155836,2.975849199467508
C01943,13.1252792,77.4835931,4,2,12.328999505101871,49.315998020407484
C01944,12.9892717,77.7266513,3,7,2.7540049743947885,8.262014923184365
C01945,12.9157227,77.649014,5,4,2.6196312125987493,13.098156062993747
C01946,13.0384368,77.6649063,3,1,7.550406702272775,22.651220106818325
C01947,12.9961189,77.6155543,4,1,2.276220775444358,9.104883101777432
C01948,13.0373116,77.7104943,3,7,8.187342066597138,24.56202619979141
C01949,12.8915279,77.5776152,7,8,3.072871573453546,21.510101014174822
C01950,12.9144392,77.5858525,3,8,0.4682736776589239,1.4048210329767716
C01951,12.9934739,77.5713892,1,5,1.5354742917208792,1.5354742917208792
C01952,12.9719179,77.5981991,8,1,3.441939274696718,27.535514197573743
C01953,12.9730244,77.6054162,2,1,2.6555095264015525,5.311019052803105
C01954,13.0834599,77.6094604,2,2,2.481639645539771,4.963279291079542
C01955,13.003897,77.5435549,2,5,1.7094924042233077,3.4189848084466155
C01956,12.9352842,77.567491,9,8,2.6228871894814905,23.605984705333412
C01957,12.9956027,77.6947489,1,7,4.6758299336763205,4.6758299336763205
C01958,12.9345998,77.6239316,30,8,4.639869522139613,139.1960856641884
C01959,12.9462777,77.646374,7,1,4.209084260982708,29.46358982687896
C01960,13.022258,77.6433948,4,1,4.923535515441109,19.694142061764435
C01961,12.9587404,77.7476544,3,7,2.654629369337658,7.963888108012974
C01962,12.9180953,77.5592245,4,8,2.744353656617079,10.977414626468317
C01963,12.9895632,77.5877862,5,5,3.348370124758887,16.741850623794434
C01964,13.0836937,77.6439864,5,2,6.202249430335768,31.01124715167884
C01965,12.9655581,77.7187512,5,7,0.573546906270738,2.86773453135369
C01966,12.9173262,77.5804496,4,8,0.456839861880001,1.827359447520004
C01967,12.9540285,77.5912583,3,8,4.0056131396258605,12.01683941887758
C01968,12.97748,77.511541,3,3,5.45826736873972,16.37480210621916
C01969,12.942159,77.551764,3,8,4.417594014411311,13.252782043233932
C01970,12.9670641,77.6089265,7,1,2.596474500124653,18.17532150087257
C01971,12.9926102,77.591676,5,5,3.664650820692013,18.323254103460066
C01972,12.9166871,77.6140512,1,8,3.215126410502662,3.215126410502662
C01973,12.9588046,77.5649867,5,5,4.559278698811807,22.796393494059032
C01974,13.0137061,77.5542545,4,5,1.6410907950887734,6.564363180355094
C01975,13.0268329,77.6369701,3,1,5.24313326625682,15.729399798770462
C01976,12.9616829,77.6387497,3,1,2.314110359626801,6.942331078880404
C01977,12.9969083,77.6139947,7,1,2.4519634256894594,17.163743979826215
C01978,12.8773772,77.6389141,6,4,2.92783875589705,17.5670325353823
C01979,12.9539993,77.7209651,2,7,1.210343650339003,2.420687300678006
C01980,12.968911,77.7499295,4,7,2.8640316222730364,11.456126489092146
C01981,13.1619312,77.6423847,2,6,4.662419020498064,9.324838040996127
C01982,13.133825,77.5147156,1,2,9.908534374191756,9.908534374191756
C01983,12.8876554,77.5524969,2,8,4.867957947009364,9.735915894018728
C01984,12.8197371,77.6879196,6,4,8.824253795042072,52.94552277025243
C01985,12.9812386,77.5766348,6,5,2.8113640494629455,16.868184296777674
C01986,12.9761276,77.652898,5,1,2.656873137823343,13.284365689116715
C01987,12.9570936,77.5098485,6,3,3.357682176859379,20.146093061156275
C01988,13.004052,77.5512927,5,5,0.9437546859011682,4.718773429505841
C01989,12.964493,77.5968024,2,1,3.8795983201437134,7.759196640287427
C01990,13.0335703,77.58797,4,5,4.931956023236482,19.727824092945927
C01991,12.9373617,77.6103293,6,8,3.4996548847670783,20.99792930860247
C01992,12.9070216,77.5460891,6,8,4.358198355578127,26.14919013346876
C01993,12.9703247,77.749882,8,7,2.889560144660731,23.116481157285847
C01994,12.9370365,77.6196493,5,8,4.335817481004732,21.679087405023658
C01995,12.9816187,77.6079235,4,1,2.269014306575926,9.076057226303703
C01996,12.9564552,77.6963515,7,7,3.1252206732274783,21.87654471259235
C01997,13.0412239,77.6245156,3,2,5.846033727985887,17.53810118395766
C01998,12.9072491,77.5999571,2,8,2.087344896458498,4.174689792916996
C01999,12.9582924,77.6043893,3,1,3.5866488005864516,10.759946401759354
C02000,12.944283,77.6983966,2,7,3.5657189038948136,7.131437807789627
C02001,13.0466883,77.576477,2,2,3.770144193468676,7.540288386937352
C02002,12.9400467,77.6179642,3,8,4.349444052653647,13.04833215796094
C02003,12.9790327,77.7302971,2,7,1.7471566709765634,3.4943133419531267
C02004,12.9557262,77.722126,3,7,0.9950367841650908,2.9851103524952722
C02005,13.0163759,77.5651518,1,5,1.9940863198541574,1.9940863198541574
C02006,12.9609197,77.5483084,4,5,4.418365242574565,17.67346097029826
C02007,12.9472794,77.583906,3,8,3.1913106123251955,9.573931836975586
C02008,12.9917411,77.4591022,2,3,7.606432046003227,15.212864092006454
C02009,12.9961831,77.5642198,5,5,0.7077982755565612,3.5389913777828057
C02010,12.9790062,77.6428583,6,1,1.5345366217298002,9.207219730378801
C02011,13.0183173,77.5645529,1,5,2.1764459481368066,2.1764459481368066
C02012,12.9358015,77.5801403,2,8,1.9775342234320241,3.9550684468640482
C02013,12.9809553,77.7116675,2,7,2.252919957677395,4.50583991535479
C02014,12.9995673,77.599394,2,1,3.8454222070164934,7.690844414032987
C02015,12.9747363,77.6083147,6,1,2.3003960332208315,13.80237619932499
C02016,12.9672282,77.5991731,3,1,3.517492461103465,10.552477383310395
C02017,12.9723862,77.652084,3,1,2.672989097357018,8.018967292071054
C02018,12.9925085,77.680311,1,7,5.658043091842115,5.658043091842115
C02019,12.991344,77.5382423,5,5,2.394021652518878,11.97010826259439
C02020,12.9209009,77.5932917,1,8,0.9926396676844244,0.9926396676844244
C02021,12.9450146,77.5964937,3,8,3.2156365835717966,9.64690975071539
C02022,13.0362608,77.5895195,4,2,4.75441692782121,19.01766771128484
C02023,12.9657401,77.6042277,9,1,3.1058218094113608,27.952396284702246
C02024,12.9680004,77.7500178,1,7,2.8582316359044295,2.8582316359044295
C02025,12.9359441,77.6322911,1,1,4.909015336190285,4.909015336190285
C02026,13.0755514,77.6041885,4,2,1.9050382983840835,7.620153193536334
C02027,12.9756888,77.5358028,12,5,3.621643366007863,43.459720392094354
C02028,12.9941909,77.6606796,8,1,3.7963306292261354,30.370645033809083
C02029,12.9338627,77.6304381,4,1,5.127716060524137,20.51086424209655
C02030,13.0838334,77.6409514,2,2,5.875398002151412,11.750796004302824
C02031,12.9997263,77.5495669,6,5,0.9872163066664904,5.923297839998942
C02032,12.9515154,77.5689092,2,8,4.031923742577679,8.063847485155359
C02033,12.988996,77.4492145,5,3,7.935329771226598,39.67664885613299
C02034,13.0203163,77.6325425,5,1,4.464476711902361,22.322383559511806
C02035,13.048083,77.628791,7,2,5.689428543938323,39.825999807568266
C02036,12.9781865,77.6410876,23,1,1.3546804348753654,31.157650002133405
C02037,12.9737843,77.6231744,4,1,0.9309574627414342,3.723829850965737
C02038,12.9107538,77.5513427,2,8,3.699477539745546,7.398955079491092
C02039,12.9248167,77.6342492,3,4,4.342156457638598,13.026469372915795
C02040,12.9397035,77.7226865,1,7,2.7526720656415287,2.7526720656415287
C02041,12.9361617,77.4940345,2,3,0.5135860128801535,1.027172025760307
C02042,13.1038518,77.5742208,2,2,3.06761016375893,6.13522032751786
C02043,12.9570576,77.743658,2,7,2.296478756874663,4.592957513749326
C02044,13.1059972,77.5821043,4,2,3.020226469050112,12.080905876200449
C02045,12.9176033,77.5359611,2,3,4.910697942628434,9.821395885256868
C02046,12.9437964,77.5947161,7,8,3.0166241926100343,21.11636934827024
C02047,12.9794328,77.6062662,3,1,2.444461316240729,7.3333839487221875
C02048,12.9781461,77.6417223,3,1,1.4234212826900596,4.270263848070179
C02049,12.9682756,77.578859,3,5,4.095357309631299,12.286071928893897
C02050,13.0087063,77.5714127,4,5,1.71738092434688,6.86952369738752
C02051,12.8213399,77.6874371,6,4,8.639701148320622,51.83820688992373
C02052,12.9191579,77.5838237,2,8,0.10672534054615222,0.21345068109230445
C02053,13.0708754,77.5901927,2,2,0.9776827052749106,1.9553654105498213
C02054,12.9406698,77.5644596,3,8,3.28324394704149,9.84973184112447
C02055,13.0168799,77.4372605,1,3,11.212555930613519,11.212555930613519
C02056,12.971294,77.610741,2,1,2.189465583503759,4.378931167007518
C02057,12.9508621,77.5697917,2,8,3.9264786577682314,7.852957315536463
C02058,12.943888,77.6517988,6,1,4.729541885095105,28.377251310570628
C02059,13.0056398,77.5693183,4,5,1.3404759493354432,5.361903797341773
C02060,12.960813,77.6659653,4,1,4.5705287879042364,18.282115151616946
C02061,12.9730133,77.6480111,6,1,2.2333120546206855,13.399872327724113
C02062,12.9974074,77.548344,3,5,1.1439425678248905,3.4318277034746716
C02063,13.0144859,77.6938792,4,7,6.420100205498327,25.68040082199331
C02064,13.0437494,77.5531728,3,5,4.931523393294298,14.794570179882893
C02065,12.8991094,77.6310713,4,4,3.133435307994974,12.533741231979896
C02066,12.9237888,77.6514946,2,4,3.3656791377095905,6.731358275419181
C02067,13.0070272,77.5544037,1,5,0.9504125969039714,0.9504125969039714
C02068,13.0194557,77.6280049,3,1,4.351193914877192,13.053581744631575
C02069,12.940021,77.5651693,9,8,3.1784153478765167,28.60573813088865
C02070,12.9492177,77.6114425,6,1,3.9074668524044642,23.444801114426784
C02071,12.9735567,77.5372187,7,5,3.6984193216590993,25.888935251613695
C02072,12.9736587,77.6935433,8,7,3.450189998181977,27.601519985455816
C02073,13.1209301,77.6164782,4,2,5.622771393318226,22.491085573272905
C02074,12.9648408,77.5990411,4,1,3.6457326751049206,14.582930700419682
C02075,13.0967956,77.5868998,2,2,1.954251658005983,3.908503316011966
C02076,12.9750675,77.6063208,3,1,2.5014841973414126,7.504452592024238
C02077,12.921587,77.5885957,5,8,0.564188568516178,2.82094284258089
C02078,12.9372836,77.7460263,8,7,3.8548774242742794,30.839019394194235
C02079,12.9773593,77.7527343,3,7,3.4343302503627666,10.3029907510883
C02080,12.9781291,77.6755345,2,1,5.081606154436141,10.163212308872282
C02081,12.9199404,77.5835609,3,8,0.1932740308852106,0.5798220926556319
C02082,12.9595322,77.7323946,5,7,1.0731806899820886,5.3659034499104425
C02083,12.9643262,77.5404059,1,5,4.370946990126748,4.370946990126748
C02084,12.9152682,77.6491349,1,4,2.5686465215855936,2.5686465215855936
C02085,12.9746722,77.6068015,2,1,2.4610961643321088,4.9221923286642175
C02086,12.9405431,77.6245299,1,1,4.409127142461622,4.409127142461622
C02087,12.9553102,77.6486592,2,1,3.4966028645236453,6.993205729047291
C02088,13.0309414,77.5602591,3,5,3.4820359920996644,10.446107976298993
C02089,12.8613977,77.7321829,2,4,8.696891872933636,17.39378374586727
C02090,12.9254608,77.6760002,9,4,3.873600073147701,34.86240065832931
C02091,12.9705879,77.6456995,4,1,2.1210918285408598,8.484367314163439
C02092,12.9258733,77.6947064,4,4,5.168662262407448,20.674649049629792
C02093,13.0513621,77.6208589,5,2,4.789765264511297,23.948826322556485
C02094,12.9260154,77.5641098,1,8,2.366497051822816,2.366497051822816
C02095,13.0178271,77.5566758,7,5,2.0374651916124833,14.262256341287383
C02096,12.9749878,77.6412398,3,1,1.4694900591654583,4.408470177496374
C02097,13.0161627,77.4565858,5,3,10.159940219623632,50.79970109811816
C02098,13.0595303,77.5898758,2,2,2.1928848136024297,4.385769627204859
C02099,12.9724387,77.6493046,1,1,2.387184088555031,2.387184088555031
C02100,12.9846048,77.5917008,6,5,3.948528188770998,23.691169132625987
C02101,12.9746467,77.6407912,4,1,1.440335325982208,5.761341303928832
C02102,12.9809557,77.7344522,2,7,2.1466859130226545,4.293371826045309
C02103,12.9420509,77.6279318,2,1,4.219094016963717,8.438188033927434
C02104,12.9473435,77.5880273,7,8,3.220664588680629,22.544652120764404
C02105,12.9077471,77.6404352,1,4,2.544363572077839,2.544363572077839
C02106,12.9220988,77.6636844,10,4,3.0967006508242125,30.967006508242125
C02107,12.8749338,77.6688773,2,4,2.3845573125747324,4.769114625149465
C02108,12.9262618,77.7262089,5,7,4.244644327145505,21.223221635727526
C02109,12.9398026,77.625213,3,1,4.483660900590412,13.450982701771235
C02110,12.9664617,77.6417179,5,1,2.0672128372378507,10.336064186189253
C02111,12.9974984,77.5489491,2,5,1.0775971158597657,2.1551942317195314
C02112,12.93656,77.5804636,3,8,2.051377358727495,6.154132076182485
C02113,12.965702,77.5962731,3,1,3.8739135352549074,11.621740605764723
C02114,13.1086111,77.5920466,2,2,3.3074282195927607,6.614856439185521
C02115,12.9365256,77.624011,6,8,4.733872937226786,28.403237623360717
C02116,13.0240498,77.5506756,2,5,2.8498017067185537,5.699603413437107
C02117,12.9532606,77.5848667,3,8,3.852957056100985,11.558871168302955
C02118,12.9188899,77.6010466,2,8,1.7977034357522186,3.595406871504437
C02119,12.9260627,77.6173123,1,8,3.66136838282313,3.66136838282313
C02120,13.0199191,77.421894,3,3,12.456547388119148,37.369642164357444
C02121,12.953839,77.693524,18,7,3.5074303480775133,63.13374626539524
C02122,13.0977818,77.5779051,6,2,2.2881191934073533,13.72871516044412
C02123,13.0709035,77.5912837,3,2,1.0226146967699363,3.067844090309809
C02124,12.978436,77.5753365,3,5,2.9539339397217037,8.86180181916511
C02125,13.0562455,77.6115282,3,2,3.6739122349868127,11.02173670496044
C02126,13.0039628,77.5507974,5,5,0.9847541300757344,4.923770650378672
C02127,12.9463798,77.649199,1,1,4.347193806195171,4.347193806195171
C02128,12.9588581,77.7200381,7,7,0.7576538423522536,5.303576896465776
C02129,12.9644573,77.6257739,5,1,1.7679930683123386,8.839965341561694
C02130,12.981682,77.6394877,5,1,1.1755339663168103,5.877669831584051
C02131,12.98227,77.6393458,5,1,1.171538727749318,5.857693638746591
C02132,12.9249765,77.6338267,3,4,4.384933004918464,13.154799014755392
C02133,12.9867897,77.7385676,5,7,2.9314729611754102,14.657364805877052
C02134,13.0499324,77.5980885,5,2,3.449242398125729,17.246211990628645
C02135,13.0202419,77.6516186,3,1,5.0834912930890335,15.250473879267101
C02136,12.9205403,77.6207639,2,8,3.944795032209836,7.889590064419672
C02137,12.9347048,77.6167408,4,8,3.9361382696461646,15.744553078584659
C02138,12.9483651,77.5685364,10,8,3.73689825170238,37.368982517023795
C02139,12.9800429,77.7270481,1,7,1.7494926027615245,1.7494926027615245
C02140,13.0989732,77.5768833,1,2,2.4553407520720825,2.4553407520720825
C02141,12.924326,77.640405,4,4,3.9075393973404915,15.630157589361966
C02142,12.9132871,77.636336,3,4,3.2715031835584365,9.814509550675309
C02143,12.9843238,77.5984752,4,1,3.321091319683112,13.284365278732448
C02144,12.9835609,77.6064216,4,1,2.4553650365117936,9.821460146047174
C02145,12.9575611,77.6550565,3,1,3.7946232786601803,11.38386983598054
C02146,13.0007892,77.5264728,9,5,3.496470420783455,31.468233787051098
C02147,12.9594511,77.6860938,1,7,4.146479287580893,4.146479287580893
C02148,12.9354308,77.536173,2,3,4.700820745478384,9.401641490956768
C02149,13.0637236,77.7428976,3,7,11.171833152943565,33.515499458830696
C02150,12.9869297,77.5379432,1,5,2.645738000038095,2.645738000038095
C02151,12.9678926,77.5787208,3,5,4.123284044504703,12.369852133514108
C02152,12.8839233,77.5699167,11,8,4.1373032835655215,45.51033611922074
C02153,12.981735,77.5949469,3,1,3.6760813259030587,11.028243977709176
C02154,13.0232887,77.6005444,4,5,5.252488670920527,21.009954683682107
C02155,12.9254499,77.5969588,1,8,1.559040192513508,1.559040192513508
C02156,12.9371245,77.7021252,2,7,3.849122355778067,7.698244711556134
C02157,12.9955091,77.5546879,3,5,0.6191210194568404,1.8573630583705212
C02158,13.0982707,77.5693824,3,2,2.8541224629114184,8.562367388734256
C02159,12.9573855,77.7155825,8,7,1.2035653158398387,9.62852252671871
C02160,13.0709714,77.5899097,5,2,0.957246086391004,4.78623043195502
C02161,12.9568911,77.6989534,2,7,2.8409434070591275,5.681886814118255
C02162,13.0078642,77.6932596,4,7,5.83884089365588,23.35536357462352
C02163,12.9938978,77.7006253,5,7,4.118935714440192,20.59467857220096
C02164,12.9232925,77.6413495,7,4,3.756213579239229,26.2934950546746
C02165,12.9206634,77.5846231,10,8,0.24484039669073734,2.4484039669073736
C02166,12.9070546,77.5985562,2,8,1.980725794911852,3.961451589823704
C02167,12.9178594,77.6450844,2,4,3.0315335875277203,6.063067175055441
C02168,13.0677872,77.5445642,1,2,4.775282891167038,4.775282891167038
C02169,12.8980875,77.6182846,3,8,4.306338318167074,12.919014954501222
C02170,13.0241471,77.5640331,5,5,2.787338383827661,13.936691919138305
C02171,13.0321385,77.5589552,7,5,3.6103555626199455,25.27248893833962
C02172,13.0332219,77.5549236,3,5,3.752106456961094,11.256319370883281
C02173,12.8256541,77.5140897,3,3,11.94979193180499,35.84937579541497
C02174,12.9643756,77.6371873,4,1,1.971332857832148,7.885331431328592
C02175,12.8785727,77.5151455,2,3,6.343210054751146,12.686420109502292
C02176,12.9229728,77.4842926,14,3,1.3493518244015572,18.8909255416218
C02177,13.1016338,77.7761186,1,6,12.119464639286903,12.119464639286903
C02178,12.9222477,77.6652967,4,4,3.1431790392079697,12.572716156831879
C02179,13.0234006,77.6370441,14,1,4.870600315429652,68.18840441601512
C02180,12.9568587,77.7411055,3,7,2.0494700511534902,6.148410153460471
C02181,12.9494898,77.5962984,3,8,3.666564160942631,10.999692482827893
C02182,12.917138,77.5834066,3,8,0.1877704494940381,0.5633113484821143
C02183,12.9674209,77.71461,3,7,1.0610686694676836,3.183206008403051
C02184,12.9600641,77.6454368,9,1,2.8670618110346338,25.803556299311705
C02185,13.0856034,77.4650694,1,2,13.251608338577014,13.251608338577014
C02186,12.9946266,77.5713267,10,5,1.4779596020934977,14.779596020934978
C02187,12.9744657,77.533511,1,5,3.891703177501918,3.891703177501918
C02188,12.9759386,77.7266593,3,7,1.296375846581719,3.8891275397451572
C02189,12.9977063,77.5486255,2,5,1.1075676370140655,2.215135274028131
C02190,12.921998,77.6496507,5,4,3.2353768846022204,16.176884423011103
C02191,12.9532899,77.5841847,1,8,3.8561382926672203,3.8561382926672203
C02192,13.12372,77.6391095,5,6,6.796280262486432,33.98140131243216
C02193,13.0538903,77.6020598,14,2,3.23684695719426,45.31585740071964
C02194,12.9106208,77.4835688,1,3,2.5423847034110327,2.5423847034110327
C02195,12.9420196,77.552003,4,8,4.3875547879173915,17.550219151669566
C02196,12.9714782,77.7056939,2,7,2.1237992998714925,4.247598599742985
C02197,12.8828951,77.5660649,4,8,4.415836864592366,17.663347458369465
C02198,12.9501789,77.5367088,3,3,5.165779919713325,15.497339759139974
C02199,13.0810569,77.5597552,2,2,2.966014909478693,5.932029818957386
C02200,12.9622589,77.6189861,5,1,2.247990399286526,11.23995199643263
C02201,12.941581,77.617208,12,8,4.378159777060797,52.53791732472956
C02202,12.9919338,77.5384148,3,5,2.352600686329147,7.057802058987441
C02203,12.900149,77.5729534,5,8,2.382667047594617,11.913335237973083
C02204,12.9317194,77.4246608,1,3,7.424762111167672,7.424762111167672
C02205,13.0249229,77.5928698,2,5,4.6575369419754145,9.315073883950829
C02206,12.919343,77.5915357,5,8,0.7706293458857921,3.8531467294289605
C02207,12.9813077,77.603053,9,1,2.794866656260077,25.15379990634069
C02208,12.950946,77.6395817,4,1,3.439858599621131,13.759434398484524
C02209,12.8568559,77.5888492,3,8,6.8349631324523275,20.504889397356983
C02210,12.9707215,77.6506068,3,1,2.590336239889318,7.771008719667954
C02211,12.8379199,77.6453736,1,4,6.4410217533638745,6.4410217533638745
C02212,12.8791713,77.6454925,5,4,2.2746247306094807,11.373123653047404
C02213,12.9754185,77.5884363,6,5,4.191342962007735,25.148057772046414
C02214,12.9726629,77.5356748,2,5,3.881368241832013,7.762736483664026
C02215,12.9425718,77.747182,2,7,3.505384297265224,7.010768594530448
C02216,12.9654486,77.7181879,4,7,0.6315773982894052,2.5263095931576207
C02217,12.9070993,77.5825707,2,8,1.2742728701791775,2.548545740358355
C02218,12.9644446,77.5552913,3,5,3.900109658359604,11.700328975078813
C02219,12.9567265,77.55459,14,5,4.757811332162853,66.60935865027994
C02220,12.9511843,77.5919036,3,8,3.7111140191232646,11.133342057369793
C02221,13.0373232,77.5655573,3,5,4.250578092445254,12.751734277335762
C02222,12.9755765,77.5868641,2,5,4.049709949049667,8.099419898099335
C02223,12.8185575,77.6986146,6,4,9.410568815596989,56.46341289358193
C02224,12.957105,77.7008014,3,7,2.6426196578371903,7.9278589735115705
C02225,12.9459206,77.5815291,2,8,3.0572776863573963,6.1145553727147925
C02226,12.9520859,77.4999894,8,3,2.3869433837692764,19.09554707015421
C02227,12.8602377,77.7922858,9,7,13.72727204610837,123.54544841497533
C02228,12.9042565,77.6273176,2,4,3.6632490946957925,7.326498189391585
C02229,12.9568699,77.5328068,1,3,5.141886001596801,5.141886001596801
C02230,12.972617,77.6266243,7,1,0.866474414317181,6.065320900220267
C02231,12.9717545,77.6470421,2,1,2.190684049141939,4.381368098283878
C02232,13.1631789,77.6289541,6,6,6.109068673748569,36.654412042491415
C02233,12.8571946,77.540965,1,8,8.266112301643492,8.266112301643492
C02234,13.0056657,77.756275,6,7,5.749906530947211,34.499439185683265
C02235,12.9539479,77.584564,1,8,3.928833392613068,3.928833392613068
C02236,12.858608,77.6978656,6,4,5.749589948087363,34.49753968852418
C02237,12.9913189,77.7214827,3,7,2.9766335940247868,8.92990078207436
C02238,12.9267912,77.6817432,2,4,4.3195739841277865,8.639147968255573
C02239,12.948787,77.708447,2,7,2.4221721072609323,4.844344214521865
C02240,13.0084764,77.549127,5,5,1.432718824559722,7.16359412279861
C02241,13.1991186,77.7195388,4,6,5.281616115106202,21.12646446042481
C02242,12.8165755,77.5669138,5,8,11.437779933256753,57.18889966628376
C02243,12.9755345,77.6413688,13,1,1.4601106312400014,18.981438206120018
C02244,12.9306927,77.5810167,1,8,1.4063338908198693,1.4063338908198693
C02245,12.9761778,77.6026564,10,1,2.8690343344565705,28.690343344565704
C02246,12.9322647,77.5890953,4,8,1.6081309248782165,6.432523699512866
C02247,12.9913781,77.5711009,2,5,1.6237954855465724,3.2475909710931448
C02248,12.9748177,77.6831756,1,7,4.568739606661395,4.568739606661395
C02249,12.9538673,77.5849624,3,8,3.9202316488181945,11.760694946454583
C02250,13.0042893,77.5513853,6,5,0.9495907315172684,5.69754438910361
C02251,13.0075282,77.5488826,3,5,1.382488949562074,4.147466848686222
C02252,12.9602381,77.531172,10,3,5.211600209743753,52.11600209743753
C02253,12.9812208,77.7100707,1,7,2.382230948024122,2.382230948024122
C02254,12.9364505,77.5839634,3,8,1.9928201635454534,5.97846049063636
C02255,12.9641246,77.7140716,1,7,1.0713897493663693,1.0713897493663693
C02256,12.8006459,77.5728914,4,8,13.101325118174046,52.40530047269618
C02257,13.1992334,77.7409295,6,6,7.116770161351939,42.700620968111636
C02258,12.9577719,77.6719156,2,1,5.298999407613557,10.597998815227115
C02259,13.0790883,77.5588656,1,2,3.05497573516749,3.05497573516749
C02260,13.0152989,77.6663585,4,1,5.63757863419567,22.55031453678268
C02261,12.9816856,77.6083084,5,1,2.2278895768620917,11.139447884310458
C02262,12.922965,77.5893788,4,8,0.7281923798261621,2.9127695193046486
C02263,12.9443231,77.5044462,8,3,1.8726498132168932,14.981198505735145
C02264,12.9133476,77.6101635,2,8,2.843802681516649,5.687605363033298
C02265,13.038839,77.5308674,5,5,5.295048630265901,26.475243151329508
C02266,12.9262764,77.6698353,8,4,3.6995007214364843,29.596005771491875
C02267,12.93893,77.6189888,1,8,4.377561840931544,4.377561840931544
C02268,12.9169333,77.5802356,4,8,0.4923659428025525,1.96946377121021
C02269,12.8236709,77.6851254,2,4,8.311210581472217,16.622421162944434
C02270,12.9484875,77.6995739,3,7,3.1860654885376207,9.558196465612863
C02271,12.8833878,77.5837275,4,8,3.8825934358447345,15.530373743378938
C02272,12.9543469,77.5840455,2,8,3.9732941961185246,7.946588392237049
C02273,12.9374505,77.5491321,2,8,4.377759989754843,8.755519979509685
C02274,12.9824581,77.6813513,3,7,5.0304195620290955,15.091258686087286
C02275,13.0712475,77.651463,2,2,7.0476405878344295,14.095281175668859
C02276,12.9030809,77.5855786,2,8,1.7058605053270885,3.411721010654177
C02277,13.0564575,77.6591321,5,2,8.218738363722185,41.09369181861092
C02278,12.929597,77.5343709,1,3,4.49188895843674,4.49188895843674
C02279,12.948348,77.5807071,5,8,3.3344302950799154,16.672151475399577
C02280,12.9854621,77.5964718,5,1,3.555218029797561,17.776090148987805
C02281,13.1214557,77.6109517,1,2,5.355666399856442,5.355666399856442
C02282,13.0842061,77.486592,2,2,10.911482944517784,21.82296588903557
C02283,12.9690028,77.5766738,8,5,3.9035310707067667,31.228248565654134
C02284,12.976618,77.6730321,2,1,4.82093026706489,9.64186053412978
C02285,12.9734181,77.5419268,2,5,3.413072365275114,6.826144730550228
C02286,12.9228555,77.5600873,5,8,2.6947460973844937,13.473730486922468
C02287,13.0214757,77.6575717,6,1,5.540369633141878,33.242217798851264
C02288,12.9196735,77.6110805,3,8,2.889724113131555,8.669172339394665
C02289,13.0630591,77.5922004,2,2,1.8669240273343768,3.7338480546687536
C02290,12.956858,77.6412959,9,1,2.915494860523576,26.239453744712186
C02291,12.9965497,77.4333751,11,3,9.674987575411697,106.42486332952866
C02292,12.9773464,77.574606,7,5,3.003753441560637,21.02627409092446
C02293,12.9118364,77.640586,4,4,2.818916938246223,11.275667752984893
C02294,12.9830778,77.5372068,2,5,2.9557430133045695,5.911486026609139
C02295,13.030241,77.5594912,2,5,3.401373598596921,6.802747197193842
C02296,13.0368157,77.5659898,5,5,4.203923177623872,21.019615888119358
C02297,12.9533504,77.6439348,4,1,3.3933575485614513,13.573430194245805
C02298,12.9669341,77.5994254,9,1,3.5059569645734747,31.553612681161272
C02299,12.9749935,77.7509653,5,7,3.1552175771486275,15.776087885743138
C02300,12.9900561,77.5359135,1,5,2.682193206178462,2.682193206178462
C02301,12.9724712,77.5362858,7,5,3.855528937350893,26.98870256145625
C02302,12.9800214,77.6388685,2,1,1.0962150441552783,2.1924300883105565
C02303,12.9726143,77.6800831,3,7,4.84374318346701,14.531229550401031
C02304,12.9069549,77.4752694,4,3,3.3439471510420287,13.375788604168115
C02305,13.0271848,77.571876,13,5,3.3812703464594356,43.95651450397266
C02306,12.8924542,77.581717,29,8,2.8938888653818826,83.9227770960746
C02307,12.9387478,77.5531514,5,8,4.077790158934206,20.38895079467103
C02308,12.9093522,77.6423653,3,4,2.490837821426139,7.472513464278418
C02309,13.0770798,77.558288,5,2,3.1260003583064875,15.630001791532438
C02310,12.9492413,77.7023924,6,7,2.8872973018034003,17.3237838108204
C02311,12.9685956,77.7478337,3,7,2.633856612274507,7.901569836823521
C02312,13.091183,77.6194175,12,2,3.759803959567512,45.117647514810145
C02313,12.9086091,77.6496322,4,4,1.9027583990027532,7.611033596011013
C02314,13.0803434,77.5592571,5,2,3.0154167746149274,15.077083873074637
C02315,12.8355755,77.6918112,5,4,7.3982755928203074,36.99137796410154
C02316,12.9108949,77.6367632,4,4,3.071721639993722,12.286886559974889
C02317,12.9096942,77.7859522,6,7,9.067729953733252,54.406379722399514
C02318,12.9714296,77.6410321,2,1,1.6446016874738865,3.289203374947773
C02319,12.9847784,77.5808621,2,5,2.910737076136927,5.821474152273854
C02320,13.020964,77.765359,2,7,7.6974284461107185,15.394856892221437
C02321,13.0318367,77.5767984,5,5,4.08285935131367,20.414296756568348
C02322,12.9801713,77.6405925,6,1,1.28327238011514,7.69963428069084
C02323,12.9598943,77.7481291,5,7,2.6772255074416464,13.386127537208232
C02324,12.9819298,77.7389661,11,7,2.524234371098879,27.76657808208767
C02325,12.9215629,77.5911575,3,8,0.8009153220125533,2.40274596603766
C02326,13.0045812,77.4874583,5,5,7.7485093160676595,38.7425465803383
C02327,13.0632965,77.5604356,2,2,3.3760656810001994,6.752131362000399
C02328,13.0612023,77.642076,3,2,6.296078605787773,18.88823581736332
C02329,12.9850818,77.616241,5,1,1.465515889698145,7.3275794484907255
C02330,12.9670968,77.6481231,6,1,2.550169656992812,15.301017941956871
C02331,12.9885553,77.5930653,3,5,3.927087291215721,11.781261873647164
C02332,13.1351236,77.6680091,3,6,3.8243997239539875,11.473199171861962
C02333,13.1793227,77.5317087,1,2,12.608703263273918,12.608703263273918
C02334,12.9697027,77.5796625,3,5,4.011757400659965,12.035272201979895
C02335,12.9811097,77.6099,6,1,2.0513865892653453,12.308319535592073
C02336,13.0097806,77.5488183,5,5,1.55888113861186,7.7944056930593
C02337,13.0021577,77.5526639,5,5,0.7131313624523969,3.5656568122619845
C02338,12.8551373,77.5419708,3,8,8.3933525220144,25.1800575660432
C02339,12.9124714,77.606448,3,8,2.4739089017946485,7.4217267053839455
C02340,12.9748249,77.5994328,2,1,3.2392010253330508,6.4784020506661015
C02341,13.0106456,77.5591539,5,5,1.2322928683174075,6.161464341587037
C02342,12.9877503,77.514997,4,5,4.915288965197181,19.661155860788725
C02343,12.9646924,77.5972974,5,1,3.821662934200347,19.108314671001736
C02344,12.8567499,77.5399564,2,8,8.36935639353772,16.73871278707544
C02345,12.8008108,77.5726831,1,8,13.085354554038757,13.085354554038757
C02346,13.1026048,77.6283041,7,2,5.1782785755729535,36.247950029010674
C02347,13.0491797,77.5933878,2,2,3.3878665000604586,6.775733000120917
C02348,12.9740919,77.6359693,2,1,1.0301252713138112,2.0602505426276223
C02349,12.988128,77.5558463,5,5,1.297823735798392,6.48911867899196
C02350,13.0661029,77.5983289,3,2,1.8945751802273318,5.683725540681996
C02351,12.8664619,77.5918193,7,8,5.809966549208913,40.66976584446239
C02352,13.0702668,77.783882,5,7,13.392584611099807,66.96292305549903
C02353,12.9749741,77.5366194,5,5,3.620499771220631,18.102498856103153
C02354,13.0184835,77.6543091,1,1,5.06816499874069,5.06816499874069
C02355,12.9489302,77.6883085,8,7,4.236102230138189,33.888817841105514
C02356,12.9471121,77.5986482,4,8,3.524713455588135,14.09885382235254
C02357,13.0526842,77.6456359,3,2,7.00297704511195,21.00893113533585
C02358,13.1040417,77.5712205,4,2,3.2458917931326035,12.983567172530414
C02359,12.9671401,77.6094485,1,1,2.544877799410299,2.544877799410299
C02360,12.9387161,77.5534116,4,8,4.052298591896009,16.209194367584036
C02361,13.0738835,77.6336722,2,2,5.095941476581247,10.191882953162494
C02362,12.9767664,77.5858556,1,5,3.8808260969333985,3.8808260969333985
C02363,12.9369386,77.7504357,1,7,4.1974599218323565,4.1974599218323565
C02364,12.984782,77.5970286,7,1,3.4837642273300586,24.38634959131041
C02365,13.0992483,77.4521473,2,2,14.802218913577164,29.604437827154328
C02366,13.1908778,77.6457522,10,6,5.135623398101916,51.35623398101916
C02367,13.0001102,77.6230401,2,1,2.2948467427741313,4.5896934855482625
C02368,13.0026676,77.5503083,1,5,0.9709937231817112,0.9709937231817112
C02369,13.1820919,77.7462091,2,6,6.8724729739259764,13.744945947851953
C02370,12.8558523,77.569432,8,8,7.120124316386874,56.96099453109499
C02371,12.9528518,77.5774851,3,8,3.8828414018661777,11.648524205598534
C02372,12.9962665,77.6571776,2,1,3.562247129181649,7.124494258363298
C02373,12.9345853,77.6095622,4,8,3.255056811470995,13.02022724588398
C02374,12.9964748,77.6936783,5,7,4.825624792926822,24.128123964634113
C02375,13.0518834,77.6311612,7,2,5.661423761981444,39.62996633387011
C02376,13.0437052,77.5846217,9,2,3.931224118332045,35.381017064988406
C02377,13.008054,77.4847834,3,5,8.0739345074827,24.221803522448102
C02378,12.9237941,77.5798053,1,8,0.7802192439230012,0.7802192439230012
C02379,13.0574633,77.5903297,2,2,2.4264120332300467,4.8528240664600935
C02380,13.0233824,77.6905904,4,7,7.45223443301887,29.80893773207548
C02381,13.1025229,77.6278506,2,2,5.131187384381694,10.262374768763388
C02382,12.9755854,77.5313495,2,5,3.976075762011501,7.952151524023002
C02383,12.9063368,77.5745933,4,8,1.7192108132438577,6.876843252975431
C02384,12.9451981,77.6289343,3,1,3.8697646968530335,11.6092940905591
C02385,13.0056385,77.5558388,3,5,0.7429061184364558,2.2287183553093675
C02386,12.9381453,77.6993207,2,7,3.9594404602019684,7.918880920403937
C02387,12.9172182,77.6736389,3,4,2.952238676233549,8.856716028700648
C02388,12.9353544,77.6210999,2,8,4.392641732430916,8.785283464861832
C02389,12.8830039,77.7525111,6,7,9.545076193166977,57.270457159001865
C02390,12.9532114,77.5838777,7,8,3.8478863860020183,26.93520470201413
C02391,12.9722203,77.653811,1,1,2.8567391999688745,2.8567391999688745
C02392,12.9793662,77.6359375,2,1,0.7828214157569439,1.5656428315138877
C02393,12.9614533,77.6364776,1,1,2.2329641824879745,2.2329641824879745
C02394,12.9283317,77.581666,2,8,1.1356581081492088,2.2713162162984175
C02395,12.9701704,77.7498263,3,7,2.8799176860368174,8.639753058110452
C02396,13.0250446,77.5781055,1,5,3.526400862622665,3.526400862622665
C02397,13.0948101,77.5774143,2,2,2.023458989530241,4.046917979060482
C02398,12.9769435,77.7249482,2,7,1.377751437178208,2.755502874356416
C02399,12.9673216,77.7188207,4,7,0.6345987807717562,2.538395123087025
C02400,12.9998836,77.5315113,3,5,2.947046970571774,8.841140911715321
C02401,12.9412428,77.5930751,2,8,2.6889431727293926,5.377886345458785
C02402,12.939824,77.5641288,4,8,3.2381468434965903,12.952587373986361
C02403,12.9783429,77.6330507,2,1,0.5060328917965822,1.0120657835931643
C02404,12.9432849,77.5258977,3,3,3.7926429747777037,11.377928924333112
C02405,12.8787449,77.6465392,11,4,2.2365042877868624,24.601547165655486
C02406,12.9672735,77.5609205,8,5,3.5782323580197315,28.625858864157852
C02407,12.921552,77.5911015,1,8,0.7949074497952368,0.7949074497952368
C02408,13.0567383,77.5469649,6,2,5.004192369697684,30.025154218186103
C02409,12.9945917,77.6669317,6,1,4.440111368898821,26.640668213392924
C02410,12.8414259,77.6766054,1,4,6.153100186631536,6.153100186631536
C02411,12.9669535,77.5869415,6,5,4.735333451398981,28.412000708393887
C02412,13.0184625,77.5661136,10,5,2.247102250545125,22.471022505451252
C02413,12.974592,77.606737,2,1,2.470081487268417,4.940162974536834
C02414,13.0835674,77.6436087,2,2,6.160273143207757,12.320546286415514
C02415,12.9543375,77.5755417,7,8,4.089203624861277,28.624425374028938
C02416,12.9296555,77.5147243,4,3,2.363270735304412,9.453082941217648
C02417,12.9612967,77.6372407,5,1,2.281159737466044,11.40579868733022
C02418,13.0002804,77.6174439,4,1,2.5445769566807392,10.178307826722957
C02419,13.0151559,77.5704223,4,5,2.150423264567165,8.60169305826866
C02420,12.9163051,77.6145829,1,8,3.275558883756186,3.275558883756186
C02421,13.071541,77.609455,7,2,2.5759131633437296,18.03139214340611
C02422,12.9739299,77.6123078,8,1,1.9155815463400026,15.32465237072002
C02423,12.9295732,77.631965,3,4,4.9089344991144594,14.72680349734338
C02424,12.9853927,77.5383552,3,5,2.7026117016973643,8.107835105092093
C02425,12.9677866,77.6002508,1,1,3.3854788034244048,3.3854788034244048
C02426,12.9720369,77.6496184,5,1,2.4350904742994453,12.175452371497226
C02427,13.0039541,77.5047509,5,5,5.871863066202418,29.35931533101209
C02428,12.9498917,77.7005393,3,7,3.013186367942908,9.039559103828724
C02429,12.972369,77.5366352,7,5,3.840598823600502,26.884191765203514
C02430,12.9725416,77.6507552,3,1,2.53104612184537,7.59313836553611
C02431,12.9933949,77.587827,5,5,3.2379140922417773,16.189570461208888
C02432,13.0187658,77.5690741,2,5,2.411346784191085,4.82269356838217
C02433,12.9721688,77.6806504,3,7,4.774255901603965,14.322767704811895
C02434,12.925489,77.6050963,3,8,2.368406561784855,7.105219685354564
C02435,12.9240684,77.6493802,4,4,3.461681394612243,13.846725578448972
C02436,12.8872642,77.7396485,3,7,8.72332340932041,26.16997022796123
C02437,12.9954523,77.6138486,3,1,2.3433887150456627,7.030166145136988
C02438,12.9064358,77.6978363,6,4,4.367641651878144,26.205849911268864
C02439,12.9580735,77.7008861,2,7,2.602373279441204,5.204746558882408
C02440,12.9476314,77.5814638,1,8,3.2463698904656666,3.2463698904656666
C02441,12.9979904,77.6178888,11,1,2.3007088423530915,25.307797265884005
C02442,12.9541209,77.5686792,9,8,4.305299335470942,38.74769401923848
C02443,12.9519885,77.5191101,1,3,3.6174503145822636,3.6174503145822636
C02444,13.0234782,77.5643228,5,5,2.721908356461291,13.609541782306456
C02445,13.1028251,77.5972583,2,2,2.8473617065403527,5.694723413080705
C02446,12.9931929,77.66213,4,1,3.8982918814195853,15.593167525678341
C02447,12.9879645,77.7450803,4,7,3.463889986260363,13.855559945041453
C02448,12.9363517,77.7504623,3,7,4.246951282343808,12.740853847031424
C02449,12.9729752,77.6074708,2,1,2.4452133691500113,4.890426738300023
C02450,12.9734388,77.6174109,2,1,1.4401219531904268,2.8802439063808536
C02451,12.9162428,77.592424,2,8,0.8949476097849935,1.789895219569987
C02452,12.9057779,77.6221591,2,4,4.248163681424632,8.496327362849264
C02453,12.9144825,77.6491563,3,4,2.4897562080861966,7.469268624258589
C02454,13.064936,77.6407188,2,2,6.035820653262073,12.071641306524146
C02455,12.9828955,77.6083839,5,1,2.2339245984663894,11.169622992331947
C02456,12.9600764,77.7253044,9,7,0.5160029983231101,4.644026984907991
C02457,12.9702811,77.6097137,2,1,2.3399488927309062,4.6798977854618125
C02458,12.8444618,77.5838699,4,8,8.190804396446582,32.76321758578633
C02459,13.0701337,77.6329103,5,2,5.078798108656034,25.39399054328017
C02460,12.942727,77.6222852,5,1,4.202677093220558,21.01338546610279
C02461,13.0113519,77.6317639,4,1,3.4685741402716346,13.874296561086538
C02462,12.9756229,77.5729254,6,5,3.0655021704939966,18.39301302296398
C02463,12.9193402,77.5926135,5,8,0.8867952003697086,4.433976001848543
C02464,12.9282475,77.6914779,1,4,5.104726373421395,5.104726373421395
C02465,12.9696235,77.654847,6,1,3.061508632580388,18.369051795482328
C02466,12.9624977,77.5335463,6,5,4.9222478274820265,29.53348696489216
C02467,12.8835569,77.5829075,2,8,3.8668276603376084,7.733655320675217
C02468,13.0009024,77.5715721,3,5,1.4098780810352163,4.229634243105648
C02469,12.9967174,77.6960727,5,7,4.673045778085552,23.36522889042776
C02470,12.9552984,77.5171196,3,3,3.700761063280329,11.102283189840987
C02471,13.1947477,77.7077647,7,6,4.077614614009242,28.543302298064695
C02472,13.0618055,77.6331852,17,2,5.364837059704208,91.20223001497155
C02473,12.913025,77.513696,2,3,3.043472525178536,6.086945050357072
C02474,12.9496896,77.6265998,1,1,3.3807573294536186,3.3807573294536186
C02475,13.0488198,77.6457641,4,2,7.204735454005043,28.81894181602017
C02476,12.8832508,77.5830061,6,8,3.9002184810244414,23.401310886146646
C02477,13.0122346,77.6256728,3,1,3.5669329286627076,10.700798785988123
C02478,12.9637962,77.6036581,9,1,3.2730109232615106,29.457098309353594
C02479,12.9787241,77.6440375,1,1,1.664827298165588,1.664827298165588
C02480,12.8558367,77.5695069,5,8,7.119941152137235,35.59970576068618
C02481,13.0263997,77.5458384,2,5,3.2843441541115816,6.568688308223163
C02482,12.9199955,77.5139433,11,3,2.608140492250235,28.689545414752583
C02483,12.9096977,77.5806118,13,8,1.0571710071316607,13.743223092711588
C02484,12.9695875,77.6063601,2,1,2.6996523287990253,5.399304657598051
C02485,12.9390091,77.5755401,2,8,2.474303894628306,4.948607789256612
C02486,12.8998099,77.5972501,6,8,2.485465882129737,14.912795292778421
C02487,12.9589965,77.5097599,3,3,3.531426791113927,10.594280373341782
C02488,12.9764149,77.4825255,3,3,5.087723188883905,15.263169566651715
C02489,12.9667597,77.6205357,3,1,1.7316025311037841,5.194807593311353
C02490,13.0592427,77.5903262,1,2,2.2317423067038327,2.2317423067038327
C02491,12.8615644,77.5296769,3,8,8.665653009172477,25.99695902751743
C02492,12.9782881,77.6335861,2,1,0.56206739982864,1.12413479965728
C02493,12.9961953,77.5715924,2,5,1.451344588844502,2.902689177689004
C02494,12.947312,77.6216728,9,1,3.7164985126444003,33.4484866137996
C02495,12.9707621,77.6415506,1,1,1.7337665307349124,1.7337665307349124
C02496,12.8939687,77.5818067,6,8,2.726154033709205,16.35692420225523
C02497,12.9730647,77.6053532,3,1,2.6607206018143685,7.982161805443106
C02498,12.9133918,77.6033387,3,8,2.121343487641011,6.364030462923033
C02499,13.0048108,77.6601929,6,1,4.368462672784482,26.210776036706896
C02500,12.9077384,77.5993882,4,8,2.0054850139187685,8.021940055675074
C02501,12.9268186,77.69495,5,7,5.22863593275038,26.143179663751898
C02502,12.9858822,77.6687616,7,1,4.3873321714570865,30.711325200199607
C02503,13.0437035,77.6051561,3,2,4.388913448705532,13.166740346116596
C02504,12.9754164,77.6665016,2,1,4.129497153025384,8.258994306050768
C02505,12.989193,77.5744736,2,5,2.0625826354714167,4.1251652709428335
C02506,13.0185344,77.5988368,2,5,4.842123931490522,9.684247862981044
C02507,13.1012708,77.5769276,26,2,2.683181550080447,69.76272030209162
C02508,12.9137929,77.6095504,8,8,2.7689780557606802,22.151824446085442
C02509,13.0245541,77.6559134,1,1,5.730270762965484,5.730270762965484
C02510,12.9077495,77.6492278,1,4,1.8512172068629076,1.8512172068629076
C02511,12.9389789,77.6097002,5,8,3.5567344209232292,17.783672104616144
C02512,12.9655798,77.5845651,5,5,4.69313521240586,23.4656760620293
C02513,12.9348864,77.5818097,5,8,1.8420892655116996,9.210446327558499
C02514,12.9715215,77.7057003,3,7,2.1248906034212443,6.374671810263733
C02515,12.9255829,77.6762661,3,4,3.8989718851776995,11.696915655533099
C02516,12.8014838,77.5775481,4,8,12.969803847834186,51.87921539133674
C02517,12.9429859,77.747218,4,7,3.4765779606381773,13.906311842552709
C02518,12.9878131,77.7323245,1,7,2.733065092597688,2.733065092597688
C02519,12.8936429,77.6574086,3,4,0.2457712989810306,0.7373138969430918
C02520,13.0201633,77.6565925,2,1,5.360454151331381,10.720908302662762
C02521,12.9531222,77.6044492,4,1,3.9909429607308224,15.96377184292329
C02522,12.9275846,77.5803735,27,8,1.105300407338323,29.843110998134723
C02523,13.030883,77.5774794,4,5,4.027681659332977,16.110726637331908
C02524,13.0467933,77.5951892,3,2,3.6889191919479813,11.066757575843944
C02525,12.9276081,77.620616,6,8,4.0506832573134695,24.304099543880817
C02526,12.9756614,77.5357586,5,5,3.627139975406751,18.135699877033755
C02527,13.0551582,77.6004529,4,2,3.0287635333172784,12.115054133269114
C02528,12.9898097,77.5950218,5,1,3.8164039134067074,19.082019567033537
C02529,12.9756803,77.5973941,14,1,3.4421447998107273,48.19002719735018
C02530,12.9769937,77.6319211,2,1,0.4893147129696102,0.9786294259392204
C02531,12.9365501,77.6150659,5,8,3.8767652571296285,19.38382628564814
C02532,12.9795429,77.6795549,2,7,5.096105037424533,10.192210074849067
C02533,12.9357187,77.5345513,5,3,4.528562694399258,22.64281347199629
C02534,12.9030993,77.4285758,2,3,7.679140976424641,15.358281952849282
C02535,13.1312245,77.4196234,2,2,19.05451136575772,38.10902273151544
C02536,13.0371439,77.4612522,3,5,11.362439975791613,34.087319927374836
C02537,12.8562795,77.6637352,7,4,4.247208477644739,29.730459343513175
C02538,13.0408775,77.5183749,6,5,6.330093812628217,37.9805628757693
C02539,12.9169667,77.5984499,1,8,1.5240366139942045,1.5240366139942045
C02540,12.9089453,77.6239038,3,4,4.189183272368972,12.567549817106915
C02541,12.9667841,77.5833158,2,5,4.505234182982241,9.010468365964481
C02542,12.8739338,77.6257894,1,4,4.309228685881976,4.309228685881976
C02543,13.0951352,77.5956765,3,2,2.0042141141523175,6.012642342456953
C02544,12.8490031,77.6924747,3,4,6.171464331625896,18.51439299487769
C02545,13.0480673,77.5001764,18,5,8.316273966538908,149.69293139770036
C02546,12.8813047,77.4643502,4,3,6.381984470326544,25.527937881306176
C02547,13.0392606,77.6296949,1,2,6.3983095561585195,6.3983095561585195
C02548,12.9593539,77.5350094,2,5,5.13433718888128,10.26867437776256
C02549,12.967247,77.5356517,7,5,4.359114504059556,30.51380152841689
C02550,12.9795969,77.6416948,14,1,1.4043023871886384,19.66023342064094
C02551,13.068572,77.5783554,1,2,1.5009073015624195,1.5009073015624195
C02552,12.9146892,77.67611,1,4,2.876759026694702,2.876759026694702
C02553,12.9712776,77.6078832,12,1,2.4714591417534106,29.65750970104093
C02554,12.970236,77.609898,4,1,2.32463172301633,9.29852689206532
C02555,13.0954273,77.5780297,2,2,2.0497114729356287,4.099422945871257
C02556,12.9600367,77.6452495,5,1,2.8566376645210996,14.283188322605497
C02557,12.8774654,77.5464993,1,8,6.132769483575248,6.132769483575248
C02558,13.0604602,77.4065323,3,3,17.074210478770873,51.22263143631262
C02559,13.0667102,77.6094998,4,2,2.800877243353058,11.203508973412232
C02560,12.9797337,77.6360856,6,1,0.795376998338548,4.772261990031288
C02561,12.9758228,77.7266535,2,7,1.2837536026546652,2.5675072053093304
C02562,12.9810654,77.6368225,4,1,0.8797792915694008,3.5191171662776033
C02563,12.9004794,77.6311836,2,4,3.150153582147413,6.300307164294826
C02564,12.9500344,77.5965335,4,8,3.731968635787678,14.927874543150711
C02565,12.9424364,77.7475507,2,7,3.544657806110933,7.089315612221866
C02566,13.0571759,77.5887121,2,2,2.438411346825947,4.876822693651894
C02567,12.9270721,77.694891,2,7,5.2101245139281795,10.420249027856359
C02568,12.8132888,77.7110736,5,4,10.583925031948953,52.91962515974476
C02569,12.9819768,77.5108275,6,5,5.5434090496304345,33.26045429778261
C02570,12.9445394,77.6803282,3,7,5.2262839674840915,15.678851902452275
C02571,12.9589828,77.6552673,3,1,3.710491822678172,11.131475468034516
C02572,12.9916942,77.5457901,1,5,1.643920812624411,1.643920812624411
C02573,12.9801857,77.641008,3,1,1.3283820526287327,3.9851461578861977
C02574,13.0188057,77.5326332,3,5,3.5405547268188053,10.621664180456417
C02575,12.9742648,77.5353873,21,5,3.768119608170749,79.13051177158573
C02576,12.9244488,77.6740858,2,4,3.6806176010176275,7.361235202035255
C02577,12.8644392,77.5557411,9,8,6.745406615514289,60.708659539628606
C02578,12.9756434,77.5361674,7,5,3.5983364599511125,25.188355219657787
C02579,12.925977,77.5504903,4,8,3.7850791968603024,15.14031678744121
C02580,13.0632698,77.5912514,11,2,1.8159582237664638,19.975540461431102
C02581,12.9654906,77.6417307,4,1,2.148198642114361,8.592794568457444
C02582,12.9190996,77.6711806,4,4,3.0105151451327874,12.04206058053115
C02583,12.9187187,77.6491667,3,4,2.915268557713136,8.745805673139408
C02584,13.0381551,77.6658727,8,1,7.578998382886251,60.63198706309001
C02585,12.9244632,77.5535296,7,8,3.427515999393679,23.99261199575575
C02586,12.945944,77.567404,2,8,3.564111841107385,7.12822368221477
C02587,12.8604005,77.6049532,1,8,6.799421094201742,6.799421094201742
C02588,13.0138976,77.4903067,3,5,7.587648883320541,22.762946649961624
C02589,12.8989213,77.5817155,2,8,2.1832297620262913,4.3664595240525825
C02590,13.0116768,77.5553506,3,5,1.3923878867414412,4.177163660224323
C02591,13.0076434,77.5779662,8,5,2.280235468760871,18.241883750086966
C02592,12.9567822,77.6554181,2,1,3.8811781051439302,7.7623562102878605
C02593,12.9281691,77.671773,3,4,3.9652439386547065,11.895731815964119
C02594,12.9809376,77.6405126,3,1,1.2775298638097974,3.832589591429392
C02595,13.1141369,77.7819989,6,6,11.928148811887443,71.56889287132466
C02596,12.9784558,77.5871479,1,5,3.873180351741356,3.873180351741356
C02597,12.8827544,77.6503642,2,4,1.6306252812074589,3.2612505624149177
C02598,12.916454,77.6523184,4,4,2.561289402276336,10.245157609105345
C02599,13.0621296,77.5738356,8,2,2.3649098549087713,18.91927883927017
C02600,12.9396498,77.5967825,2,8,2.6988651271305892,5.3977302542611785
C02601,12.9716349,77.6470757,1,1,2.19963249258036,2.19963249258036
C02602,12.9215104,77.4832503,5,3,1.5443174884360087,7.721587442180043
C02603,12.9035518,77.6274068,2,4,3.6315318951166513,7.263063790233303
C02604,12.9720721,77.6801874,1,7,4.821876091156069,4.821876091156069
C02605,12.8617386,77.787446,2,7,13.307897736946869,26.615795473893737
C02606,13.0265791,77.543985,3,5,3.392019337241866,10.176058011725598
C02607,12.8625267,77.6598533,2,4,3.53115902437414,7.06231804874828
C02608,13.0083884,77.5712882,1,5,1.6857847818309843,1.6857847818309843
C02609,12.9723163,77.6516977,6,1,2.6358539345496297,15.815123607297778
C02610,12.853228,77.6653506,8,4,4.603999158165763,36.831993265326105
C02611,12.9914911,77.5711143,5,5,1.6180984362256818,8.09049218112841
C02612,13.0240517,77.5479481,1,5,2.9535094537743336,2.9535094537743336
C02613,12.9070854,77.5460136,3,8,4.364001276905162,13.092003830715486
C02614,12.8105131,77.4163524,3,3,15.781493714268063,47.344481142804185
C02615,13.0079864,77.6832947,5,7,6.526588093237098,32.63294046618549
C02616,13.0182036,77.6718331,5,1,6.2920729272207,31.460364636103503
C02617,12.9308439,77.6226408,2,8,4.362891611056916,8.725783222113831
C02618,12.959328,77.5217815,4,3,4.3741729054163025,17.49669162166521
C02619,12.918589,77.6705844,5,4,2.932221049307839,14.661105246539194
C02620,12.9464444,77.5712393,9,8,3.4162666643881545,30.74639997949339
C02621,12.8960498,77.5701194,5,8,2.930537767524063,14.652688837620316
C02622,12.8456009,77.6626619,6,4,5.4153708297864505,32.4922249787187
C02623,13.0526675,77.5125518,4,5,7.723043328815327,30.892173315261306
C02624,12.9514792,77.6215009,9,1,3.2710823529208652,29.439741176287786
C02625,12.9752286,77.6409331,4,1,1.428490043927597,5.713960175710388
C02626,12.9356526,77.5345329,2,3,4.525848763121271,9.051697526242542
C02627,13.0174207,77.5916073,9,5,4.088291134483424,36.79462021035082
C02628,13.0976624,77.584437,5,2,2.0692129395463406,10.346064697731702
C02629,13.0017229,77.6184011,2,1,2.6395205196112794,5.279041039222559
C02630,12.9915044,77.5999408,2,1,3.3724527967921376,6.744905593584275
C02631,12.9080953,77.6014897,4,8,2.1725229522027325,8.69009180881093
C02632,13.1012792,77.4806781,5,2,11.795682420196542,58.97841210098271
C02633,12.9333646,77.6230728,4,8,4.50206372452268,18.00825489809072
C02634,12.993974,77.6076991,4,1,2.751827184267491,11.007308737069964
C02635,12.9598893,77.5337545,11,5,5.153239315633108,56.68563247196419
C02636,12.8130615,77.5118664,7,3,13.281281381928212,92.96896967349748
C02637,12.9820349,77.7087096,4,7,2.546091933337132,10.184367733348529
C02638,13.0959233,77.5781351,6,2,2.092870314638383,12.557221887830298
C02639,12.9661899,77.7178216,2,7,0.687994406898087,1.375988813796174
C02640,13.020601,77.6431301,4,1,4.740747993082018,18.962991972328073
C02641,13.0044523,77.5670004,12,5,1.0570290711559696,12.684348853871635
C02642,13.0152397,77.5061205,3,5,5.962003727097023,17.886011181291067
C02643,12.9389288,77.5525844,2,8,4.140241032692964,8.280482065385929
C02644,12.9724976,77.648926,2,1,2.3464865103711254,4.692973020742251
C02645,13.0002178,77.6182102,2,1,2.4992775131429665,4.998555026285933
C02646,12.9861643,77.5491935,2,5,1.8006908036037048,3.6013816072074096
C02647,13.0300838,77.5593527,3,5,3.383611210477885,10.150833631433656
C02648,13.1049101,77.7711674,1,6,11.47143981679063,11.47143981679063
C02649,12.9700781,77.576315,3,5,3.781090796806314,11.343272390418942
C02650,12.9483368,77.4765944,6,3,2.5717251000965944,15.430350600579565
C02651,13.1037756,77.5751479,2,2,3.0157736296237503,6.031547259247501
C02652,12.9824429,77.7164745,10,7,2.1410457132648975,21.410457132648975
C02653,12.9053183,77.5627502,5,8,2.7731299954175315,13.865649977087656
C02654,12.9402358,77.6248865,7,1,4.4391144876825654,31.073801413777957
C02655,13.0479383,77.5001342,2,5,8.310556438319347,16.621112876638694
C02656,12.9663379,77.4878099,6,3,3.884289401506646,23.305736409039877
C02657,12.9674327,77.5994195,2,1,3.4838601243487863,6.967720248697573
C02658,12.9314594,77.7457273,6,7,4.360292076999983,26.161752461999896
C02659,12.8615328,77.7323149,4,4,8.703633256362359,34.814533025449435
C02660,12.9725024,77.6508886,5,1,2.5461471238506106,12.730735619253053
C02661,12.9719428,77.6399329,1,1,1.5148464567257667,1.5148464567257667
C02662,12.9739042,77.5475916,2,5,3.0798314929135993,6.1596629858271985
C02663,13.0267368,77.5871118,5,5,4.3140594338745055,21.570297169372527
C02664,12.9708581,77.7150522,2,7,1.1910636788571267,2.3821273577142534
C02665,12.9591633,77.7181758,5,7,0.8628288147117861,4.31414407355893
C02666,12.9745863,77.6097853,1,1,2.1513780739603265,2.1513780739603265
C02667,13.0695841,77.6518339,6,2,7.112655089179654,42.675930535077924
C02668,12.9250317,77.6021947,1,8,2.0549732926916615,2.0549732926916615
C02669,13.1105278,77.5799898,5,2,3.5570173748943743,17.785086874471872
C02670,13.063622,77.5909427,5,2,1.7699101343748327,8.849550671874164
C02671,13.1906528,77.4326879,2,2,20.800227051298222,41.600454102596444
C02672,12.8729362,77.6181679,5,4,5.082623380867791,25.413116904338956
C02673,12.9723046,77.6067225,4,1,2.5465466941675974,10.18618677667039
C02674,13.1169891,77.607992,2,2,4.767711686103244,9.535423372206488
C02675,12.837131,77.6786401,2,4,6.673396669474204,13.346793338948409
C02676,13.0750937,77.6032902,1,2,1.821616248785763,1.821616248785763
C02677,12.9379241,77.5802177,4,8,2.2046010727248664,8.818404290899466
C02678,12.9751975,77.7180037,1,7,1.344061443063546,1.344061443063546
C02679,12.9444068,77.5709394,4,8,3.227842995637273,12.911371982549092
C02680,12.9850165,77.6953259,3,7,3.8449662500807418,11.534898750242226
C02681,12.9907644,77.5568951,5,5,0.988295218483812,4.94147609241906
C02682,13.0012957,77.5711363,3,5,1.368420172666571,4.105260517999713
C02683,12.974437,77.596864,3,1,3.5212331367955163,10.56369941038655
C02684,12.9233888,77.5512272,6,8,3.653422828709947,21.920536972259683
C02685,13.0023294,77.5719173,4,5,1.4721934272216604,5.888773708886641
C02686,12.92953,77.757352,4,7,5.309478133209956,21.237912532839825
C02687,12.830073,77.668726,5,4,7.193322906348629,35.96661453174315
C02688,13.0090125,77.5633382,1,5,1.1666786003987872,1.1666786003987872
C02689,12.9793561,77.5105425,6,3,5.614299516241141,33.68579709744685
C02690,12.8714146,77.5426769,5,8,6.909061381684199,34.545306908421
C02691,12.825249,77.5147326,2,3,12.00730484519805,24.0146096903961
C02692,12.9769785,77.5788979,3,5,3.3247737907146817,9.974321372144045
C02693,12.9720397,77.6527345,3,1,2.7522309277113086,8.256692783133925
C02694,12.9672705,77.7163733,3,7,0.8744729836134776,2.6234189508404326
C02695,12.9572019,77.7001875,4,7,2.7027951221564805,10.811180488625922
C02696,13.083068,77.608309,9,2,2.350755473333685,21.156799260003165
C02697,13.0491451,77.593229,7,2,3.3881462408946192,23.717023686262333
C02698,12.9833046,77.7519667,1,7,3.6853348821703644,3.6853348821703644
C02699,13.0686568,77.5582571,5,2,3.3298676854920095,16.649338427460048
C02700,12.9062374,77.5762286,8,8,1.6232590202264565,12.986072161811652
C02701,12.9993286,77.5408919,4,5,1.9287010334248447,7.714804133699379
C02702,13.0525485,77.6462442,7,2,7.069239231836123,49.484674622852864
C02703,12.9707396,77.6070806,14,1,2.5751657342463887,36.05232027944944
C02704,12.9665388,77.7141281,7,7,1.0870663569822094,7.609464498875466
C02705,12.9306252,77.6924075,4,7,5.080379411607489,20.321517646429957
C02706,12.9285248,77.5829378,7,8,1.1274323008066185,7.8920261056463294
C02707,12.9586998,77.7211629,4,7,0.7127966596452957,2.851186638581183
C02708,13.0031805,77.572704,3,5,1.577277669771873,4.7318330093156185
C02709,13.0263622,77.5930491,3,5,4.7706117820036065,14.31183534601082
C02710,12.990176,77.6866131,10,7,4.9466473790059515,49.46647379005952
C02711,13.0266333,77.77023,2,7,8.515975504027304,17.03195100805461
C02712,12.9167204,77.5864519,10,8,0.286267868391216,2.8626786839121596
C02713,12.8745875,77.5414755,5,8,6.738144540652777,33.69072270326389
C02714,12.9803053,77.5753071,1,5,2.7912345783280754,2.7912345783280754
C02715,12.9820581,77.6396986,4,1,1.2047707109277492,4.819082843710997
C02716,12.9362976,77.6213531,1,8,4.46274115611394,4.46274115611394
C02717,12.978669,77.6440415,5,1,1.6658513261295904,8.329256630647953
C02718,12.9566279,77.6427434,6,1,3.0139998799797953,18.08399927987877
C02719,12.9439846,77.7468939,2,7,3.3755683602719424,6.751136720543885
C02720,12.9688819,77.6730004,4,1,4.961167759925329,19.844671039701318
C02721,13.0710481,77.6207888,13,2,3.772473444127141,49.04215477365283
C02722,13.0108103,77.555314,2,5,1.301058277132975,2.60211655426595
C02723,12.9972616,77.5647203,2,5,0.7038988154382516,1.4077976308765032
C02724,13.0209486,77.5294031,9,5,3.963319809208747,35.66987828287872
C02725,12.9630707,77.4538515,13,3,5.497630512884371,71.46919666749683
C02726,13.1275119,77.5888999,3,2,5.358237596489526,16.074712789468578
C02727,12.9735807,77.5794876,7,5,3.6548899800755064,25.584229860528545
C02728,12.9544918,77.6490249,8,1,3.5924668186675786,28.73973454934063
C02729,12.9815089,77.7209919,2,7,1.9056219214095724,3.811243842819145
C02730,13.029482,77.630649,2,1,5.464093179166115,10.92818635833223
C02731,13.1466529,77.4174183,8,2,19.859665677176753,158.87732541741403
C02732,12.9010779,77.589486,11,8,1.9983760859200064,21.98213694512007
C02733,12.9421213,77.747222,5,7,3.543266146084489,17.716330730422445
C02734,12.9336342,77.6176324,2,8,3.9709200453766287,7.941840090753257
C02735,12.9991596,77.5698374,13,5,1.2139702991911008,15.78161388948431
C02736,12.956604,77.7440853,2,7,2.35805540478942,4.71611080957884
C02737,12.8901178,77.6409735,3,4,2.0705188052053902,6.211556415616171
C02738,12.9793318,77.6151279,4,1,1.4839505002608893,5.935802001043557
C02739,12.978234,77.6426096,10,1,1.517242856439426,15.17242856439426
C02740,12.9539464,77.4692125,6,3,3.5779897676332513,21.467938605799507
C02741,12.9720474,77.6798609,4,7,4.856324765086485,19.42529906034594
C02742,12.9509127,77.6230621,5,1,3.295938744856268,16.47969372428134
C02743,12.9278006,77.6066821,3,8,2.621676172093396,7.865028516280187
C02744,13.008864,77.5633509,5,5,1.1525104586376143,5.7625522931880715
C02745,13.0146151,77.6358098,1,1,3.8903246599631056,3.8903246599631056
C02746,12.9747401,77.6052003,3,1,2.6281741769397087,7.884522530819126
C02747,13.0237861,77.6373078,4,1,4.91786244473838,19.67144977895352
C02748,12.9784828,77.5729077,1,5,2.795802634834046,2.795802634834046
C02749,12.9582235,77.6415281,4,1,2.795077876199968,11.180311504799873
C02750,12.9602381,77.562114,3,5,4.364704752666017,13.09411425799805
C02751,13.0316687,77.6230459,11,1,5.73610820131098,63.09719021442078
C02752,12.9020188,77.6280837,10,4,3.5166094572258633,35.16609457225863
C02753,12.8819747,77.678787,2,4,2.5048507204120516,5.009701440824103
C02754,13.0467502,77.6283725,3,2,5.744235901916588,17.232707705749764
C02755,12.9606385,77.7151392,3,7,1.0476050175915528,3.142815052774658
C02756,13.0203763,77.5837192,2,5,3.5674186355305064,7.134837271061013
C02757,12.9780366,77.6323958,4,1,0.4580717135942047,1.8322868543768187
C02758,13.0383011,77.6652515,2,1,7.557142924887528,15.114285849775056
C02759,12.9168184,77.5866576,2,8,0.29645363535742764,0.5929072707148553
C02760,12.9757136,77.5400982,5,5,3.317466600800697,16.587333004003487
C02761,13.007491,77.5488788,5,5,1.3801707875386326,6.900853937693164
C02762,12.9874587,77.7461581,2,7,3.501762494178315,7.00352498835663
C02763,12.8162443,77.6916113,6,4,9.329783843104318,55.97870305862591
C02764,12.8751176,77.7662977,2,7,10.916428688385428,21.832857376770857
C02765,12.9441073,77.5265184,4,3,3.887489423437527,15.549957693750107
C02766,12.9962731,77.695027,6,7,4.710512782352897,28.26307669411738
C02767,12.9843805,77.5558016,3,5,1.704668128567442,5.1140043857023265
C02768,12.974667,77.6069478,5,1,2.4458508182799137,12.229254091399568
C02769,13.0709744,77.5898855,2,2,0.9560747516823137,1.9121495033646274
C02770,12.9685194,77.5382142,3,5,4.086964942992352,12.260894828977055
C02771,13.1026869,77.7440848,3,6,9.422222147749878,28.266666443249633
C02772,12.9506216,77.623825,2,1,3.313165337598134,6.626330675196268
C02773,13.0265031,77.6372019,3,1,5.2115183212637985,15.634554963791395
C02774,12.9987298,77.5692354,1,5,1.1513152200237515,1.1513152200237515
C02775,12.9469618,77.7223532,2,7,1.9533456183712312,3.9066912367424624
C02776,12.9107901,77.5822781,3,8,0.8819832130378804,2.645949639113641
C02777,12.9306675,77.5474147,3,8,4.247148296727483,12.741444890182448
C02778,12.9655669,77.5347825,3,5,4.565691080146523,13.69707324043957
C02779,12.9282447,77.5025918,3,3,1.101409279912528,3.3042278397375835
C02780,12.9218625,77.5849753,5,8,0.38075268057225925,1.9037634028612962
C02781,12.9724073,77.5368839,6,5,3.8205208416951715,22.92312505017103
C02782,12.9810583,77.5630873,2,5,2.0996943448173457,4.1993886896346915
C02783,12.9847344,77.5971261,1,1,3.472522749488233,3.472522749488233
C02784,13.0413848,77.5572903,2,5,4.636083898993891,9.272167797987782
C02785,12.9681537,77.628893,2,1,1.3286687796782195,2.657337559356439
C02786,13.0085601,77.6132761,3,1,3.565916966201973,10.69775089860592
C02787,12.9217823,77.585303,2,8,0.37857682592219866,0.7571536518443973
C02788,12.9541568,77.7210711,1,7,1.1904917831187765,1.1904917831187765
C02789,12.9781181,77.6384105,2,1,1.070434695688414,2.140869391376828
C02790,12.9093013,77.614205,4,8,3.3813042294007603,13.525216917603041
C02791,12.9724056,77.6520177,5,1,2.6654830737190447,13.327415368595224
C02792,12.8759565,77.6397754,2,4,2.9631915920359297,5.9263831840718595
C02793,12.9307348,77.633114,2,4,4.937967097515865,9.87593419503173
C02794,12.9741174,77.6099271,2,1,2.152187742029745,4.30437548405949
C02795,12.9233773,77.598919,3,8,1.658103548241188,4.974310644723564
C02796,12.9288555,77.5818153,2,8,1.1875011001785771,2.3750022003571543
C02797,12.9939085,77.6753552,5,1,5.281216715786049,26.406083578930243
C02798,12.9777049,77.5776713,1,5,3.176782910512754,3.176782910512754
C02799,13.0041876,77.6659393,3,1,4.832848145229355,14.498544435688064
C02800,12.9435344,77.5654837,4,8,3.459509338092489,13.838037352369955
C02801,12.8491937,77.5220679,4,3,9.652654459245804,38.61061783698322
C02802,12.9772751,77.641272,22,1,1.3940100889663163,30.668221957258957
C02803,12.9272566,77.6828027,4,4,4.4270706948856935,17.708282779542774
C02804,13.1989516,77.7182426,2,6,5.170140244450604,10.340280488901207
C02805,12.9285649,77.5848497,3,8,1.119753859669753,3.359261579009259
C02806,13.1006631,77.5769054,1,2,2.622920279269785,2.622920279269785
C02807,12.9590437,77.6555455,3,1,3.729726887395646,11.189180662186939
C02808,13.1921165,77.6470163,2,6,5.100520041408813,10.201040082817626
C02809,12.9171955,77.4905218,6,3,1.620366369563776,9.722198217382656
C02810,13.0684068,77.5603705,2,2,3.126357766973352,6.252715533946704
C02811,12.9003958,77.622738,3,4,4.049479207449148,12.148437622347444
C02812,12.9104422,77.5915328,2,8,1.1706641691703616,2.3413283383407233
C02813,13.0173685,77.5671271,11,5,2.178649053900173,23.965139592901902
C02814,12.9778838,77.6419526,3,1,1.452865656894483,4.3585969706834495
C02815,12.8463388,77.6724425,12,4,5.504718463383932,66.05662156060718
C02816,12.9650621,77.5998831,6,1,3.553477785351556,21.320866712109336
C02817,12.9947434,77.5663773,5,5,0.9908371410214826,4.954185705107413
C02818,12.9939515,77.5932056,4,5,3.80027238359546,15.20108953438184
C02819,12.8755953,77.6388735,4,4,3.0619258157972724,12.24770326318909
C02820,12.9242835,77.6181188,1,8,3.707362465626444,3.707362465626444
C02821,12.9652036,77.5979164,3,1,3.7362893263690005,11.208867979107001
C02822,13.0408171,77.6182622,6,2,5.4307986187938,32.5847917127628
C02823,13.0221707,77.6022429,3,5,5.353805331465214,16.06141599439564
C02824,13.0950433,77.5942125,1,2,1.9255448699213642,1.9255448699213642
C02825,12.9375522,77.6186183,3,8,4.265598348859454,12.796795046578362
C02826,12.8354782,77.6809917,11,4,6.929236087625652,76.22159696388218
C02827,12.903842,77.5079737,8,3,3.4758171698460196,27.806537358768157
C02828,13.0570475,77.5711199,3,2,2.9930049725963324,8.979014917788998
C02829,13.0146925,77.5687295,6,5,2.003499355222379,12.020996131334275
C02830,12.9657179,77.7186051,3,7,0.5927515466239672,1.7782546398719017
C02831,12.9760261,77.5646252,1,5,2.680371886427418,2.680371886427418
C02832,12.9508622,77.7041589,2,7,2.626907488321931,5.253814976643862
C02833,12.9738882,77.5992729,10,1,3.2766543477745684,32.766543477745685
C02834,12.996601,77.6968556,3,7,4.608560623462705,13.825681870388117
C02835,12.9663991,77.762046,3,7,4.143529438569775,12.430588315709326
C02836,12.9999497,77.6229731,3,1,2.2797478187715368,6.839243456314611
C02837,12.9406714,77.5703714,13,8,2.898228989581853,37.67697686456409
C02838,12.8474773,77.6513663,10,4,5.271959413456626,52.719594134566265
C02839,12.988699,77.5499944,16,5,1.5232595286621575,24.37215245859452
C02840,12.924052,77.7626459,3,7,6.145098740674657,18.435296222023972
C02841,12.8790275,77.7627614,4,7,10.363344710541819,41.453378842167275
C02842,13.0709479,77.5899017,1,2,0.9594207741630864,0.9594207741630864
C02843,12.9886824,77.6933161,9,7,4.265114113356133,38.3860270202052
C02844,12.9723325,77.6414221,1,1,1.6236078524439286,1.6236078524439286
C02845,12.9169799,77.6338738,4,4,3.7410090041306936,14.964036016522774
C02846,13.0607346,77.5070422,2,5,8.7914254089921,17.5828508179842
C02847,12.9622636,77.5951894,2,1,4.148997484144167,8.297994968288334
C02848,12.9235926,77.5813366,2,8,0.6641799178573677,1.3283598357147355
C02849,13.1015775,77.5717756,2,2,2.983904818514038,5.967809637028076
C02850,13.0566583,77.5601262,2,2,3.8354175238181702,7.6708350476363405
C02851,12.9780998,77.6347333,2,1,0.6860525974624903,1.3721051949249805
C02852,13.0920181,77.5936932,6,2,1.5987983567010062,9.592790140206038
C02853,13.0145004,77.635717,2,1,3.8759034642199683,7.751806928439937
C02854,12.9652093,77.6442295,4,1,2.356637748136397,9.426550992545588
C02855,12.9432604,77.4907297,8,3,1.3124576374885288,10.49966109990823
C02856,12.9686873,77.6515092,2,1,2.775788101645911,5.551576203291822
C02857,12.9781394,77.6317739,2,1,0.3950353371571561,0.7900706743143122
C02858,13.1351506,77.7471989,3,6,7.50465525944253,22.51396577832759
C02859,12.8613276,77.7867733,8,7,13.309221432809956,106.47377146247965
C02860,13.0024248,77.571574,4,5,1.4381110742774885,5.752444297109954
C02861,12.9803378,77.6449974,2,1,1.7615831198878733,3.5231662397757466
C02862,12.9573955,77.5326075,5,3,5.155693170723056,25.77846585361528
C02863,12.9712436,77.6471463,2,1,2.2254215541474824,4.450843108294965
C02864,12.9577457,77.7009447,5,7,2.606495339824389,13.032476699121943
C02865,12.9669657,77.6068192,4,1,2.794893104854081,11.179572419416324
C02866,12.9509055,77.6231072,3,1,3.295804502827841,9.887413508483522
C02867,12.9686142,77.6495815,2,1,2.5954236365648375,5.190847273129675
C02868,12.9196021,77.6130587,2,8,3.1039746533627848,6.2079493067255695
C02869,12.9744205,77.6078621,5,1,2.357040442967231,11.785202214836154
C02870,12.970764,77.5870451,8,5,4.430459627661364,35.44367702129091
C02871,13.0011865,77.6239993,2,1,2.3849827114877407,4.769965422975481
C02872,12.9934495,77.6070426,5,1,2.780186768433967,13.900933842169836
C02873,12.9221405,77.6479366,1,4,3.316340636381016,3.316340636381016
C02874,12.9982738,77.5526311,2,5,0.6688232356186299,1.3376464712372598
C02875,12.8517345,77.668652,3,4,4.828483348037315,14.485450044111944
C02876,13.007947,77.5428561,2,5,1.9523841038430285,3.904768207686057
C02877,13.0545807,77.5492387,2,2,4.9193142267349135,9.838628453469827
C02878,12.9225428,77.6496528,2,4,3.2922618192562374,6.584523638512475
C02879,13.0112732,77.6805284,4,1,6.590345253109624,26.361381012438496
C02880,13.0138919,77.7320471,3,7,5.534329478351422,16.602988435054264
C02881,12.9089708,77.649501,1,4,1.9438782031049113,1.9438782031049113
C02882,13.0273348,77.5765728,1,5,3.641079113647725,3.641079113647725
C02883,12.8215205,77.687234,2,4,8.613249267402443,17.226498534804886
C02884,13.064923,77.4551258,5,5,13.366129096734463,66.83064548367231
C02885,13.0121288,77.6660982,1,1,5.380095728516425,5.380095728516425
C02886,13.083509,77.6347834,2,2,5.205575114984135,10.41115022996827
C02887,13.1819855,77.6717414,2,6,2.3591144908754496,4.718228981750899
C02888,12.9699756,77.640079,9,1,1.6663880980508425,14.997492882457582
C02889,12.9180673,77.6306713,3,4,4.082797075958097,12.24839122787429
C02890,12.96672,77.7629751,4,7,4.246156256308342,16.984625025233367
C02891,12.9215945,77.6635241,4,4,3.038946896321253,12.155787585285012
C02892,12.9608478,77.5094134,1,3,3.6904722939147363,3.6904722939147363
C02893,13.0092527,77.5486022,6,5,1.533460124061747,9.20076074437048
C02894,12.9819252,77.6093637,4,1,2.1159676489026262,8.463870595610505
C02895,12.9448759,77.5680072,5,8,3.4290787646342165,17.145393823171084
C02896,13.0273312,77.6601508,50,1,6.234928299192169,311.74641495960844
C02897,12.8709335,77.5427467,1,8,6.944335873550569,6.944335873550569
C02898,12.9712575,77.5777304,11,5,3.7516924189238603,41.26861660816246
C02899,13.0376489,77.6922232,3,7,8.795156711480601,26.385470134441803
C02900,13.0131133,77.5695739,4,5,1.9147601423203655,7.659040569281462
C02901,12.9274662,77.6693926,3,4,3.8114530902517134,11.43435927075514
C02902,12.9858058,77.5513798,2,5,1.7117395976453667,3.4234791952907333
C02903,13.0993802,77.6418078,2,2,6.353261603870022,12.706523207740045
C02904,13.1068382,77.6016804,4,2,3.4540569741423686,13.816227896569474
C02905,13.0714185,77.5114835,1,2,8.240909389885548,8.240909389885548
C02906,12.9596988,77.5121786,6,3,3.737612347582886,22.425674085497317
C02907,12.8750879,77.5950098,2,8,4.93434564818848,9.86869129637696
C02908,13.0195645,77.6372622,2,1,4.4587546010426,8.9175092020852
C02909,13.0119157,77.5934502,2,5,4.017723416877049,8.035446833754097
C02910,12.9065334,77.598516,8,8,2.0146741290163743,16.117393032130995
C02911,13.0018615,77.5506272,2,5,0.9094663366897262,1.8189326733794524
C02912,12.9055432,77.7471953,4,7,7.002705055187642,28.010820220750567
C02913,12.9809081,77.6374224,2,1,0.9428087328166944,1.8856174656333888
C02914,13.0143934,77.6509925,6,1,4.49253289608811,26.95519737652866
C02915,12.9715352,77.6562968,5,1,3.136873192140086,15.68436596070043
C02916,12.964736,77.5817243,12,5,4.593125055217985,55.117500662615825
C02917,12.975208,77.6031826,3,1,2.8314006539844785,8.494201961953436
C02918,12.9308818,77.6327024,5,4,4.977246110388899,24.886230551944493
C02919,12.9347403,77.6126656,4,8,3.550313674946386,14.201254699785544
C02920,12.9598156,77.7483032,8,7,2.6974550027775677,21.57964002222054
C02921,12.9234167,77.5895751,2,8,0.7782928871869441,1.5565857743738882
C02922,12.8989097,77.6219897,6,4,4.106560449144878,24.639362694869266
C02923,12.9972323,77.5484006,3,5,1.142077339859173,3.426232019577519
C02924,13.0291115,77.5401527,3,5,3.842044558136145,11.526133674408435
C02925,12.9439505,77.6939714,4,7,3.9718686563822256,15.887474625528903
C02926,12.9795827,77.6646012,4,1,3.890204728678289,15.560818914713156
C02927,13.0243275,77.5441888,3,5,3.163091937350936,9.489275812052808
C02928,12.9591478,77.7188467,4,7,0.8128956119554709,3.2515824478218835
C02929,13.1237336,77.4305997,10,2,17.674143864182128,176.74143864182128
C02930,12.9588147,77.565836,7,5,4.572975394130617,32.01082775891432
C02931,12.9012855,77.623539,6,4,3.981291589583787,23.88774953750272
C02932,12.8349187,77.6948374,2,4,7.622357794221194,15.244715588442387
C02933,12.9983224,77.548819,2,5,1.076386651636303,2.152773303272606
C02934,12.971276,77.647133,6,1,2.2225386734000523,13.335232040400314
C02935,12.9916367,77.5044787,6,5,5.945477198623911,35.67286319174347
C02936,12.9682729,77.5871886,9,5,4.642952256657428,41.786570309916854
C02937,12.9937229,77.6608029,2,1,3.7877116896182885,7.575423379236577
C02938,12.9377397,77.747608,3,7,3.925749960542998,11.777249881628995
C02939,12.8917881,77.583915,1,8,2.952517024504549,2.952517024504549
C02940,12.9778951,77.5164792,3,5,5.166718646069503,15.50015593820851
C02941,12.9733967,77.6357561,7,1,1.065252848102783,7.456769936719481
C02942,12.9045616,77.5057926,2,3,3.2994548283447678,6.5989096566895356
C02943,12.9764139,77.6012059,5,1,3.0210325086081062,15.105162543040532
C02944,12.9348218,77.6304221,3,1,5.0215516420897774,15.064654926269332
C02945,12.9499754,77.5831517,4,8,3.4921487170844934,13.968594868337973
C02946,13.0345665,77.588793,1,2,4.937969284427686,4.937969284427686
C02947,13.0044271,77.6601481,4,1,4.338234839127875,17.3529393565115
C02948,12.9236497,77.6703278,1,4,3.4413470727664968,3.4413470727664968
C02949,12.9597759,77.6016028,3,1,3.7133634274854175,11.140090282456253
C02950,13.0289052,77.5716135,1,5,3.543231950877694,3.543231950877694
C02951,12.8362065,77.6251288,8,4,7.44912619650951,59.59300957207608
C02952,12.9786044,77.6387723,6,1,1.0991731875900688,6.595039125540413
C02953,12.9623406,77.5342853,5,5,4.892897118446908,24.46448559223454
C02954,12.8824999,77.5660055,10,8,4.457777334676217,44.577773346762164
C02955,12.9690647,77.7500197,2,7,2.8765990303205733,5.753198060641147
C02956,12.9154233,77.4812331,11,3,2.204816178665947,24.252977965325417
C02957,12.9794206,77.5077376,6,3,5.525578644474697,33.15347186684818
C02958,12.9549547,77.6511081,3,1,3.6963540344266734,11.089062103280021
C02959,12.9402744,77.5253631,7,3,3.6365472459659993,25.455830721761995
C02960,12.9242813,77.6811116,2,4,4.0519911054792,8.1039822109584
C02961,12.9489409,77.5862685,2,8,3.3800668549243076,6.760133709848615
C02962,13.0087731,77.6134348,2,1,3.5786777450371567,7.1573554900743135
C02963,13.0533535,77.7620152,2,7,10.666337683076277,21.332675366152554
C02964,12.9166146,77.6518995,2,4,2.5923965865422045,5.184793173084409
C02965,12.9168623,77.602811,8,8,1.9964514235728994,15.971611388583195
C02966,12.948784,77.6988437,3,7,3.234353777028365,9.703061331085095
C02967,12.9782314,77.5843414,4,5,3.650559506004601,14.602238024018405
C02968,13.0692816,77.605767,2,2,2.30872616826809,4.61745233653618
C02969,12.9356984,77.6166336,1,8,3.977378802310554,3.977378802310554
C02970,12.8470967,77.6702848,4,4,5.367791485839287,21.471165943357146
C02971,12.9522948,77.5838394,1,8,3.7465175021497017,3.7465175021497017
C02972,12.9917551,77.5705993,3,5,1.5553467314201719,4.666040194260516
C02973,12.9132176,77.6790163,1,4,2.967781693293003,2.967781693293003
C02974,12.9856724,77.5420617,13,5,2.3657214743034114,30.75437916594435
C02975,13.1143086,77.5791243,6,2,3.985931782089099,23.915590692534593
C02976,12.9935528,77.5712961,4,5,1.522575063446268,6.090300253785072
C02977,12.980055,77.6385017,8,1,1.0563531282696237,8.45082502615699
C02978,12.9357653,77.6076728,2,8,3.1629512070093213,6.325902414018643
C02979,12.8872149,77.5817813,5,8,3.470606399859034,17.35303199929517
C02980,13.061939,77.6489587,4,2,6.98615692923521,27.94462771694084
C02981,12.999291,77.5671481,4,5,0.9217486162777279,3.6869944651109114
C02982,12.9989923,77.5510234,8,5,0.8309505748253456,6.647604598602765
C02983,12.9443266,77.5801203,6,8,2.90295692296254,17.41774153777524
C02984,13.0413867,77.6217785,4,2,5.62991107887854,22.51964431551416
C02985,12.9734222,77.6512089,1,1,2.5473267513047695,2.5473267513047695
C02986,12.9289467,77.5814326,2,8,1.2080669862755353,2.4161339725510707
C02987,13.0114288,77.6799489,3,1,6.545888258325932,19.637664774977797
C02988,12.9380741,77.5792676,4,8,2.244682204885815,8.97872881954326
C02989,12.9672288,77.4590501,2,3,5.3995261982986875,10.799052396597375
C02990,13.0996273,77.597945,18,2,2.558883510996091,46.059903197929636
C02991,12.9055153,77.6277689,10,4,3.6608274559145406,36.60827455914541
C02992,12.9990606,77.5416311,5,5,1.8490560104771374,9.245280052385688
C02993,12.8766877,77.584049,3,8,4.6236045839637585,13.870813751891276
C02994,12.9339988,77.5355529,3,3,4.622063685249066,13.866191055747198
C02995,12.9328117,77.613835,2,8,3.559991477085232,7.119982954170464
C02996,12.9611744,77.7134635,4,7,1.1959041490717053,4.783616596286821
C02997,12.9137001,77.608221,4,8,2.629329289386998,10.517317157547993
C02998,13.0271442,77.578158,1,5,3.7184249378792513,3.7184249378792513
C02999,12.9630714,77.4538575,4,3,5.497175410725191,21.988701642900764
C03000,12.9059599,77.5963485,3,8,1.8892598606107243,5.667779581832173
C03001,12.9460051,77.6247597,1,1,3.805394590291738,3.805394590291738
C03002,13.1597459,77.6407715,2,6,4.861374014899781,9.722748029799561
C03003,12.9049372,77.5434901,2,8,4.697310775789241,9.394621551578481
C03004,13.0554599,77.6031448,12,2,3.1518669929316943,37.82240391518033
C03005,12.9238683,77.4973285,5,3,0.9760127822989776,4.880063911494888
C03006,12.9939906,77.6154041,1,1,2.109770633023748,2.109770633023748
C03007,12.9569352,77.7322928,5,7,1.238090283933095,6.190451419665475
C03008,13.0628837,77.5920111,1,2,1.8794238183805625,1.8794238183805625
C03009,12.9327419,77.6269861,7,8,4.877094671494296,34.13966270046007
C03010,12.9871562,77.736278,2,7,2.840208295263564,5.680416590527128
C03011,12.9740803,77.5956811,3,1,3.6546888925687084,10.964066677706125
C03012,12.9809,77.7276251,8,7,1.8552071105019905,14.841656884015924
C03013,12.9483065,77.6986195,1,7,3.2835108657779934,3.2835108657779934
C03014,12.9163753,77.6103469,1,8,2.8163603098088212,2.8163603098088212
C03015,12.8683303,77.5142974,2,3,7.375799692600669,14.751599385201338
C03016,12.9165996,77.5970356,7,8,1.3769404872744078,9.638583410920855
C03017,12.8858555,77.5964691,1,8,3.8356154354787937,3.8356154354787937
C03018,13.0291835,77.5788862,1,5,3.9495233889512873,3.9495233889512873
C03019,12.9992858,77.5670032,2,5,0.9060431256236562,1.8120862512473124
C03020,12.9254083,77.5836059,5,8,0.7757328622632972,3.878664311316486
C03021,13.0187468,77.5569804,8,5,2.1356503376781273,17.08520270142502
C03022,12.9658859,77.5348572,2,5,4.532037790333992,9.064075580667984
C03023,12.930711,77.5430789,2,8,4.697209812414027,9.394419624828053
C03024,13.0110193,77.5808641,7,5,2.725453005298668,19.078171037090677
C03025,12.982224,77.7087599,1,7,2.5585344883996615,2.5585344883996615
C03026,13.0481957,77.6381656,3,2,6.522478666070928,19.567435998212783
C03027,12.9555858,77.7221034,4,7,1.010758908711402,4.043035634845608
C03028,12.9386147,77.5434317,5,8,4.9859068582122745,24.929534291061373
C03029,12.8449776,77.6600659,2,4,5.473963565218885,10.94792713043777
C03030,12.9755648,77.6030218,3,1,2.8411972613052807,8.523591783915842
C03031,12.9823799,77.5620597,1,5,1.9332135554426308,1.9332135554426308
C03032,13.0699145,77.5551314,2,2,3.6078264187719298,7.2156528375438596
C03033,12.9746923,77.6760806,5,1,5.171461192682707,25.857305963413534
C03034,12.9312966,77.7418272,2,7,4.161635722653108,8.323271445306217
C03035,12.8398679,77.6635054,3,4,6.05473462303575,18.16420386910725
C03036,12.9532918,77.5930251,5,8,3.96583468224607,19.82917341123035
C03037,13.1787359,77.5882085,3,6,10.629383067239939,31.888149201719816
C03038,12.8002919,77.5731276,4,8,13.13789428310418,52.55157713241672
C03039,13.0592399,77.5907809,2,2,2.240511544003751,4.481023088007502
C03040,12.9162563,77.520671,3,3,3.447718032388939,10.343154097166817
C03041,12.9821611,77.6082232,5,1,2.241708740166879,11.208543700834394
C03042,13.1919326,77.6445611,4,6,5.307871178548088,21.23148471419235
C03043,12.9587913,77.6466804,2,1,3.0616047479207125,6.123209495841425
C03044,12.9944143,77.6631498,4,1,4.052065105411777,16.208260421647108
C03045,12.9233791,77.618714,5,8,3.755196241487305,18.775981207436526
C03046,12.9915349,77.5709185,1,5,1.5976949586917213,1.5976949586917213
C03047,13.0263631,77.5996649,7,5,5.351244892939115,37.458714250573806
C03048,12.9807183,77.5068873,3,3,5.63796165005134,16.91388495015402
C03049,12.9900799,77.5719597,4,5,1.782407722914573,7.129630891658292
C03050,12.9506711,77.6410125,8,1,3.5240741875542896,28.192593500434317
C03051,13.0346626,77.5267529,1,5,5.207806228141235,5.207806228141235
C03052,12.9000882,77.6215142,2,4,4.1754038228589305,8.350807645717861
C03053,12.9635112,77.5848109,3,5,4.893821683094543,14.681465049283627
C03054,12.9855214,77.5387316,2,5,2.661074834535738,5.322149669071476
C03055,13.0300745,77.5870619,11,5,4.576016116557936,50.33617728213729
C03056,13.0416942,77.6194248,2,2,5.436053106571919,10.872106213143837
C03057,12.9266638,77.4896129,2,3,0.6637608216411421,1.3275216432822843
C03058,13.0756865,77.6037087,4,2,1.8510020273998777,7.404008109599511
C03059,12.9389386,77.5517171,1,8,4.2199453036630015,4.2199453036630015
C03060,12.9090967,77.6121578,3,8,3.1772345558792967,9.53170366763789
C03061,12.9809663,77.6962332,4,7,3.514242896827089,14.056971587308356
C03062,13.0553857,77.60315,3,2,3.159014426673652,9.477043280020956
C03063,12.9062825,77.6276456,3,4,3.7026907530467033,11.10807225914011
C03064,12.8845329,77.7763889,2,7,10.531002684492993,21.062005368985986
C03065,12.8062067,77.5367792,1,8,13.462294113292486,13.462294113292486
C03066,12.9673469,77.7144604,4,7,1.074170661653626,4.296682646614504
C03067,12.981327,77.5952901,11,1,3.636980595192377,40.00678654711615
C03068,12.9606014,77.5592964,3,5,4.308902273221623,12.926706819664869
C03069,13.0341188,77.57104,4,5,4.058350814692725,16.2334032587709
C03070,12.9716304,77.6444209,5,1,1.943441102976174,9.71720551488087
C03071,13.0231404,77.5504068,1,5,2.763394887511449,2.763394887511449
C03072,12.9730471,77.6374051,11,1,1.223805510764002,13.461860618404023
C03073,13.0057802,77.5485351,4,5,1.2989683754825074,5.19587350193003
C03074,12.9422696,77.6253883,10,1,4.209949945149742,42.09949945149742
C03075,12.9400829,77.6255134,2,1,4.450038081336554,8.900076162673107
C03076,12.9766211,77.5725503,12,5,2.9496457035264734,35.39574844231768
C03077,12.9703401,77.6087404,6,1,2.4309462746324546,14.585677647794729
C03078,12.9089627,77.6326559,5,4,3.3324774571511564,16.66238728575578
C03079,12.9687781,77.6491057,4,1,2.541547407581044,10.166189630324176
C03080,12.9738144,77.5517301,3,5,2.9435060505150097,8.830518151545029
C03081,12.9746324,77.6063691,8,1,2.507684125481116,20.061473003848928
C03082,12.980602,77.7092104,4,7,2.390921958401048,9.563687833604192
C03083,12.9166825,77.6068604,1,8,2.4362673344927264,2.4362673344927264
C03084,13.0452903,77.6266198,2,2,5.701783108162722,11.403566216325444
C03085,12.9601779,77.5345169,3,5,5.082909443360644,15.248728330081931
C03086,12.8931908,77.6199692,4,4,4.298057465784166,17.192229863136664
C03087,12.9881515,77.5905722,3,5,3.685700685017358,11.057102055052074
C03088,12.9354259,77.5473967,8,8,4.444680297605832,35.55744238084666
C03089,12.9794442,77.6466519,1,1,1.9426826272037032,1.9426826272037032
C03090,12.913395,77.6044106,4,8,2.233722786772576,8.934891147090305
C03091,12.9233711,77.499694,1,3,1.1639081875231083,1.1639081875231083
C03092,13.0313098,77.559531,6,5,3.519754362086769,21.118526172520614
C03093,13.0927841,77.593926,3,2,1.6859099337783814,5.057729801335144
C03094,12.9734759,77.6785861,4,7,5.021478953574769,20.085915814299074
C03095,13.0636847,77.5905928,2,2,1.7543918282947288,3.5087836565894577
C03096,12.9875144,77.4932408,8,3,6.186397664423647,49.49118131538918
C03097,13.0144106,77.6427176,7,1,4.0829642381719875,28.58074966720391
C03098,12.8725257,77.5606665,5,8,5.704688294189509,28.523441470947546
C03099,13.0265464,77.5796929,3,5,3.7628945394426836,11.28868361832805
C03100,12.8084509,77.590524,5,4,12.11370179160808,60.5685089580404
C03101,12.9683562,77.7013688,2,7,2.485760492059344,4.971520984118688
C03102,13.0227436,77.6194946,6,1,4.820698228334335,28.924189370006008
C03103,12.9813348,77.7275463,11,7,1.9004459753905598,20.904905729296157
C03104,12.9851301,77.6740156,7,1,4.942455299537972,34.59718709676581
C03105,12.9682582,77.6517189,2,1,2.8179400303389293,5.6358800606778585
C03106,13.1104725,77.5215268,4,2,7.907233869483568,31.628935477934274
C03107,12.9095343,77.5808465,1,8,1.064027441074606,1.064027441074606
C03108,12.9583131,77.7067099,5,7,1.9926821554249754,9.963410777124878
C03109,12.9922767,77.677326,5,1,5.43909264191248,27.1954632095624
C03110,13.0043424,77.5845323,1,5,2.858562901230317,2.858562901230317
C03111,13.0880852,77.4949031,1,2,10.044116307117672,10.044116307117672
C03112,12.985533,77.5974772,3,1,3.4489689258480674,10.346906777544202
C03113,12.9846268,77.5558117,3,5,1.677665056292319,5.0329951688769565
C03114,12.972691,77.5356835,1,5,3.8783786711603234,3.8783786711603234
C03115,12.8787829,77.7619029,4,7,10.350590346567817,41.40236138627127
C03116,12.9619969,77.6459729,4,1,2.743730206214343,10.974920824857373
C03117,12.9693708,77.5669903,3,5,3.4579992572991496,10.373997771897448
C03118,12.9724788,77.6518422,2,1,2.6448361569417465,5.289672313883493
C03119,12.9696091,77.7500882,7,7,2.895000332934732,20.265002330543123
C03120,12.9508984,77.5944766,11,8,3.751196861606601,41.26316547767261
C03121,12.9840494,77.5578305,2,5,1.7152153853565364,3.430430770713073
C03122,12.9571993,77.7002797,2,7,2.693335815042025,5.38667163008405
C03123,12.9014849,77.5734716,5,8,2.22750657254626,11.137532862731302
C03124,12.9989833,77.5802015,3,5,2.3390525373401627,7.017157612020489
C03125,12.9753903,77.602846,3,1,2.863472550546008,8.590417651638024
C03126,13.0013864,77.6236852,6,1,2.41415675793676,14.48494054762056
C03127,13.0529667,77.645813,1,2,7.007448168251781,7.007448168251781
C03128,13.0258705,77.588633,8,5,4.369175918694555,34.95340734955644
C03129,12.9118361,77.6388316,3,4,2.9607771322134253,8.882331396640275
C03130,12.9714522,77.6562815,2,1,3.1381001667617245,6.276200333523449
C03131,13.0147655,77.5706595,3,5,2.1314413511431076,6.394324053429322
C03132,13.0183808,77.564656,3,5,2.1864705160817106,6.559411548245132
C03133,13.1071415,77.5997797,1,2,3.394676026277694,3.394676026277694
C03134,12.933659,77.5909242,9,8,1.8219552666517185,16.397597399865468
C03135,12.9724427,77.6518378,3,1,2.645670967340994,7.937012902022982
C03136,12.8805085,77.4717115,5,3,6.1136568667564095,30.568284333782046
C03137,12.9792116,77.6952364,6,7,3.51336252541752,21.08017515250512
C03138,12.9725658,77.6507848,2,1,2.533186481816762,5.066372963633524
C03139,13.0782136,77.5794716,5,2,0.8254092040204125,4.127046020102062
C03140,12.8294495,77.664488,3,4,7.212761402226736,21.638284206680208
C03141,13.0117279,77.5553093,6,5,1.3990120564217805,8.394072338530684
C03142,12.9721522,77.5127999,1,3,4.972066554414794,4.972066554414794
C03143,12.9998684,77.6768971,3,1,5.661778046742001,16.985334140226005
C03144,13.0084004,77.5631918,2,5,1.0988677617068234,2.197735523413647
C03145,12.9730281,77.5692897,4,5,3.1516661637131986,12.606664654852795
C03146,13.0736882,77.5667911,5,2,2.276487168799948,11.38243584399974
C03147,13.0708473,77.5903456,2,2,0.9865439418434029,1.9730878836868058
C03148,12.9813858,77.6360884,2,1,0.8058895251856072,1.6117790503712144
C03149,12.92478,77.6746246,3,4,3.7390434586839665,11.2171303760519
C03150,12.9481605,77.5806613,2,8,3.3144559386053625,6.628911877210725
C03151,12.997655,77.6966734,6,7,4.711412384737334,28.268474308424004
C03152,13.0120028,77.6671738,3,1,5.459557527148167,16.3786725814445
C03153,12.9702633,77.6390562,1,1,1.5639059955118344,1.5639059955118344
C03154,13.0154589,77.5697457,3,5,2.135270481401447,6.405811444204341
C03155,12.8504527,77.6570202,2,4,4.875165701884663,9.750331403769326
C03156,12.8773193,77.5834526,1,8,4.554845363051922,4.554845363051922
C03157,12.9766126,77.7243495,1,7,1.3374543852274066,1.3374543852274066
C03158,12.9655182,77.541311,4,5,4.208891538412257,16.83556615364903
C03159,12.9834936,77.590649,8,5,3.8995316974354113,31.19625357948329
C03160,12.8863615,77.6724601,4,4,1.6641114184636512,6.656445673854605
C03161,13.0721805,77.5575839,2,2,3.2857207088729257,6.571441417745851
C03162,12.9278196,77.556621,5,8,3.1992797894667695,15.996398947333848
C03163,12.9480153,77.5696644,2,8,3.6469263001497523,7.2938526002995046
C03164,13.0181896,77.5315886,2,5,3.592006381657451,7.184012763314902
C03165,12.9255563,77.5952012,1,8,1.4031805303856955,1.4031805303856955
C03166,12.9771657,77.5381764,1,5,3.3269024162644363,3.3269024162644363
C03167,12.8944069,77.5815499,3,8,2.681117028233512,8.043351084700536
C03168,12.9992734,77.5493702,4,5,1.0086925874817652,4.034770349927061
C03169,12.9645855,77.6417999,3,1,2.2296424739980245,6.688927421994073
C03170,13.0135054,77.6617822,2,1,5.144891644167494,10.289783288334988
C03171,12.9838516,77.748547,2,7,3.4226418136102583,6.845283627220517
C03172,12.9095465,77.6520627,5,4,1.859998176587176,9.29999088293588
C03173,12.9592471,77.7462681,1,7,2.495074322773306,2.495074322773306
C03174,12.9055448,77.641275,6,4,2.333300373032941,13.999802238197645
C03175,12.9964403,77.6122016,2,1,2.5465719246445144,5.093143849289029
C03176,12.9711603,77.6343125,2,1,1.1633647084269823,2.3267294168539645
C03177,12.9784829,77.6301651,1,1,0.2391221036139634,0.2391221036139634
C03178,12.8907824,77.5947264,2,8,3.258382263671419,6.516764527342838
C03179,13.0080777,77.6463481,7,1,3.6323711116266506,25.426597781386555
C03180,13.0832219,77.5484278,5,2,4.211826442503087,21.059132212515436
C03181,12.8919437,77.5819892,7,8,2.947218315903439,20.630528211324073
C03182,13.0834683,77.6431893,5,2,6.114038751070503,30.570193755352516
C03183,12.9448371,77.5967768,2,8,3.210327527320313,6.420655054640626
C03184,12.9750273,77.6987639,3,7,2.9688426602669384,8.906527980800815
C03185,12.9739071,77.6098541,2,1,2.167040900397272,4.334081800794544
C03186,12.9780265,77.6754957,8,1,5.0779135898019625,40.6233087184157
C03187,12.9106932,77.5824245,1,8,0.8881470112321572,0.8881470112321572
C03188,12.8391739,77.6576321,6,4,6.119570847773469,36.717425086640816
C03189,12.9204346,77.6864612,6,4,4.104390138277533,24.626340829665196
C03190,13.029271,77.5639205,12,5,3.341953585622037,40.103443027464444
C03191,13.0219932,77.6405659,2,1,4.8050171986352215,9.610034397270443
C03192,12.9683717,77.5844461,5,5,4.441408453393677,22.207042266968386
C03193,13.005255,77.703108,16,7,5.042609939050255,80.68175902480408
C03194,12.9189825,77.6098607,2,8,2.754746349591744,5.509492699183488
C03195,13.0782791,77.5921065,1,2,0.5602473014990618,0.5602473014990618
C03196,12.8805619,77.6020723,1,8,4.608336582726815,4.608336582726815
C03197,13.0250934,77.5461198,5,5,3.1406094731155862,15.70304736557793
C03198,12.9406228,77.6261245,1,1,4.385618680239586,4.385618680239586
C03199,12.9477595,77.5832855,3,8,3.246473350203732,9.739420050611196
C03200,13.0843481,77.6541567,5,2,7.308144455100896,36.54072227550448
C03201,12.9740103,77.7504051,4,7,3.0597295448142043,12.238918179256817
C03202,12.835973,77.6845095,4,4,7.016414400689047,28.06565760275619
C03203,12.9702937,77.6097845,4,1,2.3325026546465653,9.330010618586261
C03204,13.0081132,77.5723864,8,5,1.7674906622177269,14.139925297741815
C03205,12.9403899,77.5478867,2,8,4.657834719385258,9.315669438770517
C03206,12.9897405,77.5526163,2,5,1.2660838195967357,2.5321676391934713
C03207,12.9670534,77.6068017,2,1,2.7914564190185867,5.582912838037173
C03208,12.8784742,77.5450234,6,8,6.1610195520419015,36.96611731225141
C03209,12.9630327,77.6692313,6,1,4.7840277947655645,28.70416676859339
C03210,12.8726127,77.566535,5,8,5.43633439072962,27.1816719536481
C03211,13.0865172,77.5936872,8,2,1.090933031810717,8.727464254485737
C03212,13.0030191,77.6353049,1,1,2.6284044428581215,2.6284044428581215
C03213,12.9945697,77.5716164,11,5,1.509535245654588,16.604887702200468
C03214,12.9497089,77.6128657,10,1,3.786995069635232,37.86995069635232
C03215,12.9218121,77.6761569,6,4,3.528967872717491,21.173807236304945
C03216,12.8330809,77.4009347,12,3,14.798959142372622,177.58750970847146
C03217,12.972545,77.6073523,1,1,2.4731986873692042,2.4731986873692042
C03218,13.0459413,77.5223395,2,5,6.475953372465572,12.951906744931144
C03219,13.0332222,77.596659,2,2,5.189576292051351,10.379152584102702
C03220,12.998422,77.5532934,6,5,0.595096574141949,3.5705794448516945
C03221,12.9257968,77.6873009,2,4,4.599823316391754,9.199646632783509
C03222,13.0280499,77.5715386,6,5,3.453235855322904,20.719415131937424
C03223,13.038559,77.6472476,9,1,6.769054498977383,60.921490490796444
C03224,12.9868232,77.5800176,5,5,2.711319266957975,13.556596334789875
C03225,12.9712807,77.4882809,4,3,4.419933692313344,17.679734769253376
C03226,12.9651237,77.5378104,2,5,4.429559131918016,8.859118263836033
C03227,13.0349433,77.5179665,2,5,5.90576509063798,11.81153018127596
C03228,13.0321082,77.750558,8,7,8.019549280930924,64.1563942474474
C03229,13.0155385,77.5261972,6,5,3.944280113858353,23.665680683150118
C03230,12.9721343,77.6950757,3,7,3.2436837995399044,9.731051398619712
C03231,12.9569536,77.7440175,2,7,2.3370406559075136,4.674081311815027
C03232,12.985627,77.7245463,1,7,2.3355825090799485,2.3355825090799485
C03233,12.9776126,77.636686,2,1,0.9041347141441546,1.8082694282883092
C03234,12.9037635,77.626806,13,4,3.7007204996468475,48.10936649540902
C03235,12.9116566,77.6753202,1,4,2.565281915504532,2.565281915504532
C03236,13.1698272,77.5359839,4,2,11.463988542783856,45.85595417113542
C03237,12.9429573,77.6174085,7,1,4.298584027002913,30.09008818902039
C03238,12.9690697,77.6017455,1,1,3.180276485290816,3.180276485290816
C03239,12.9683503,77.6027151,4,1,3.1159917888717104,12.463967155486841
C03240,13.055296,77.601208,6,2,3.055860037171252,18.33516022302751
C03241,12.9264576,77.6949779,3,4,5.234094414387855,15.702283243163567
C03242,12.9776998,77.644514,25,1,1.7304896163930947,43.26224040982737
C03243,12.989337,77.5543331,1,5,1.2214490935279756,1.2214490935279756
C03244,13.0476974,77.5758208,7,2,3.6867202866149738,25.807042006304815
C03245,12.987854,77.5145347,3,5,4.960688688790983,14.882066066372948
C03246,12.9582214,77.5685411,6,5,4.695964606393945,28.17578763836367
C03247,12.9712095,77.4882468,5,3,4.412543064434201,22.06271532217101
C03248,13.1620286,77.7134711,2,6,3.084819660846738,6.169639321693476
C03249,12.9630918,77.5847915,4,5,4.930499938397032,19.72199975358813
C03250,12.9602851,77.5049897,1,3,3.4270689197444653,3.4270689197444653
C03251,13.0582011,77.6435954,5,2,6.562651936776166,32.81325968388083
C03252,12.9539425,77.717831,4,7,1.3470553157282215,5.388221262912886
C03253,12.9900398,77.5557384,5,5,1.0966085770377194,5.483042885188597
C03254,12.9943775,77.608966,7,1,2.6647520742311035,18.653264519617725
C03255,12.9497606,77.6991216,4,7,3.151527396045653,12.606109584182612
C03256,12.9748372,77.6056947,4,1,2.5734662239932296,10.293864895972918
C03257,12.9505114,77.7180608,2,7,1.678552850121859,3.357105700243718
C03258,13.1042748,77.5933887,2,2,2.8666890297727488,5.7333780595454975
C03259,12.8391572,77.6773716,8,4,6.4176534294335905,51.341227435468724
C03260,12.9785893,77.6754889,9,1,5.074659629695246,45.671936667257214
C03261,12.9718911,77.6066836,3,1,2.5664765454538077,7.6994296363614225
C03262,13.0362481,77.5747038,3,5,4.422421582205608,13.267264746616824
C03263,12.9387545,77.6260701,2,1,4.592382676661021,9.184765353322042
C03264,12.9566237,77.7013376,8,7,2.6047991291004045,20.838393032803236
C03265,12.9625257,77.7014885,5,7,2.446765177653795,12.233825888268974
C03266,13.0201855,77.5783702,13,5,3.1317821363163025,40.71316777211193
C03267,13.066906,77.4967968,2,2,9.883392414850867,19.766784829701734
C03268,13.0349227,77.5614892,3,5,3.9304225588017507,11.791267676405251
C03269,12.9606799,77.7015963,4,7,2.4622382979936517,9.848953191974607
C03270,12.9358758,77.6259621,5,8,4.897939615408511,24.489698077042554
C03271,12.9471553,77.6991682,3,7,3.306332933274654,9.918998799823962
C03272,12.9831083,77.707991,2,7,2.687185320379761,5.374370640759522
C03273,12.8972071,77.5818847,6,8,2.369031600909883,14.214189605459296
C03274,13.0008811,77.5504807,6,5,0.9004000366613171,5.402400219967903
C03275,13.0667714,77.5555723,2,2,3.676889142615452,7.353778285230904
C03276,12.9801559,77.6023714,9,1,2.865955413171113,25.793598718540018
C03277,12.9786817,77.6964611,8,7,3.36835784142317,26.94686273138536
C03278,12.980886,77.5636738,4,5,2.1336113842861035,8.534445537144414
C03279,12.9769925,77.7252705,4,7,1.3863931749256357,5.545572699702543
C03280,12.9574836,77.5030522,5,3,3.0614379725003524,15.307189862501762
C03281,12.9342534,77.7447724,2,7,4.04502982988746,8.09005965977492
C03282,13.0105296,77.5548792,3,5,1.2855284191777339,3.856585257533202
C03283,12.880853,77.5462315,1,8,5.8812713857768095,5.8812713857768095
C03284,13.0702566,77.5039621,6,2,9.066102497907558,54.396614987445346
C03285,12.9321449,77.5417724,1,8,4.880109986486211,4.880109986486211
C03286,12.9639276,77.6064804,10,1,3.0138583720879675,30.138583720879673
C03287,12.9371421,77.7489027,3,7,4.068302039523515,12.204906118570545
C03288,13.1567867,77.6257432,3,6,6.521034007597456,19.563102022792368
C03289,12.9938307,77.5716694,2,5,1.5463895572813338,3.0927791145626675
C03290,12.9110766,77.4800451,3,3,2.67688119423424,8.03064358270272
C03291,12.9784414,77.5762946,9,5,3.018328096858382,27.16495287172544
C03292,13.0775849,77.6061759,1,2,2.0859078945221547,2.0859078945221547
C03293,13.0008022,77.6325501,8,1,2.3220191736009617,18.576153388807693
C03294,13.0973741,77.5918803,4,2,2.086042600956483,8.344170403825933
C03295,12.9142524,77.6651948,1,4,2.27968097403808,2.27968097403808
C03296,13.0565227,77.4876666,2,5,9.958436375466434,19.916872750932868
C03297,13.0284,77.5586943,11,5,3.1963931643831076,35.160324808214185
C03298,12.9989,77.5811516,2,5,2.442394208754306,4.884788417508612
C03299,13.0313749,77.6131942,1,1,5.916558062408599,5.916558062408599
C03300,12.9537386,77.6529198,7,1,3.927458259567598,27.49220781697319
C03301,12.908584,77.6500091,4,4,1.877627796434513,7.510511185738052
C03302,12.9057066,77.6039088,2,8,2.536662585255922,5.073325170511844
C03303,12.8908183,77.639599,4,4,2.200664936103969,8.802659744415877
C03304,12.9974433,77.7682807,2,7,6.037787105089948,12.075574210179896
C03305,12.9961873,77.5650383,7,5,0.7847109174436533,5.492976422105573
C03306,12.9718748,77.6447234,7,1,1.959410753769011,13.715875276383077
C03307,13.0027891,77.5502811,5,5,0.9786376853586326,4.893188426793163
C03308,13.0913516,77.4898281,4,2,10.632045494987883,42.52818197995153
C03309,12.984684,77.5824702,11,5,3.0624311339679156,33.68674247364707
C03310,12.8981899,77.6181991,3,8,4.2924955821076525,12.877486746322958
C03311,12.9039405,77.5106239,1,3,3.6096694520516044,3.6096694520516044
C03312,12.9751237,77.615012,5,1,1.5942237439792688,7.971118719896344
C03313,13.0106061,77.555373,14,5,1.2775659791061027,17.88592370748544
C03314,13.0016804,77.5493011,2,5,1.0434881818602562,2.0869763637205123
C03315,12.9401391,77.5644259,3,8,3.2419406102937365,9.725821830881209
C03316,13.1978363,77.7137713,4,6,4.75246602035052,19.00986408140208
C03317,12.9826877,77.5977753,3,1,3.376528055023478,10.129584165070435
C03318,12.8828683,77.4694101,2,3,5.975766647699264,11.951533295398528
C03319,12.9824715,77.6098143,7,1,2.0738680765141715,14.5170765355992
C03320,12.9775684,77.6400704,17,1,1.2595957563381193,21.413127857748027
C03321,12.8889872,77.5626569,4,8,4.032835946845609,16.131343787382438
C03322,12.965194,77.6417769,2,1,2.176368185959602,4.352736371919204
C03323,12.9568087,77.7423673,1,7,2.1770412362240066,2.1770412362240066
C03324,12.9427087,77.6307137,4,1,4.150655448598062,16.60262179439225
C03325,13.0589017,77.7430759,7,7,10.651377801026506,74.55964460718553
C03326,12.9341198,77.6169953,5,8,3.931756123285556,19.65878061642778
C03327,12.9854431,77.7489022,3,7,3.5646210604475983,10.693863181342795
C03328,13.0823952,77.5880175,2,2,0.37610377644860443,0.7522075528972089
C03329,12.9725586,77.6177022,2,1,1.4667458550339143,2.9334917100678286
C03330,12.977562,77.5744205,6,5,2.9726461035351983,17.83587662121119
C03331,12.979456,77.6952193,6,7,3.5275924633944,21.1655547803664
C03332,13.0213775,77.636933,1,1,4.6483564546404175,4.6483564546404175
C03333,12.9766871,77.6000287,10,1,3.143829896712123,31.43829896712123
C03334,12.9753969,77.6195543,5,1,1.1308298434351263,5.654149217175632
C03335,13.0010825,77.5714347,9,5,1.3973736735170994,12.576363061653895
C03336,12.9067307,77.6311698,1,4,3.367358855083853,3.367358855083853
C03337,12.9507407,77.6233681,1,1,3.308589696600943,3.308589696600943
C03338,13.1005521,77.5717632,3,2,2.89089023243901,8.67267069731703
C03339,12.9167831,77.6184931,5,8,3.6961254971207826,18.480627485603915
C03340,12.9912603,77.6142226,12,1,2.001364753641257,24.016377043695087
C03341,13.0687564,77.5547863,5,2,3.6817557746354552,18.408778873177276
C03342,12.9586051,77.5653986,3,5,4.5880283827083925,13.764085148125178
C03343,12.9372349,77.581058,2,8,2.11206430723291,4.22412861446582
C03344,12.9059948,77.5631587,8,8,2.6963963972692526,21.57117117815402
C03345,12.9264128,77.6767516,2,4,4.00482762492175,8.0096552498435
C03346,12.9728948,77.6070991,10,1,2.4862711136267035,24.862711136267034
C03347,12.9783532,77.629448,3,1,0.2126272077438575,0.6378816232315725
C03348,12.9151912,77.5135577,10,3,2.875049012697505,28.750490126975052
C03349,12.9905992,77.5745019,5,5,1.9831865207716775,9.915932603858387
C03350,12.909786,77.6325956,3,4,3.3830909042858197,10.14927271285746
C03351,12.9563662,77.6603503,2,1,4.323062034408609,8.646124068817217
C03352,12.9951506,77.5925309,3,5,3.7083668744792697,11.12510062343781
C03353,12.9812133,77.6359204,4,1,0.7848456481704346,3.1393825926817382
C03354,12.9004224,77.4871294,4,3,3.512801593880546,14.051206375522185
C03355,13.0679935,77.5593985,2,2,3.2413080044811395,6.482616008962279
C03356,12.9870776,77.5191772,3,5,4.501638266506132,13.504914799518396
C03357,12.9724119,77.6800338,4,7,4.844924532751028,19.379698131004112
C03358,13.063618,77.5874401,1,2,1.7189811286842713,1.7189811286842713
C03359,12.9782284,77.6306448,5,1,0.2947460917797367,1.4737304588986835
C03360,13.0528989,77.601395,2,2,3.2973371528867905,6.594674305773581
C03361,12.9590285,77.6566733,1,1,3.8269472341864703,3.8269472341864703
C03362,12.9344396,77.6160195,1,8,3.853073082035804,3.853073082035804
C03363,12.9141005,77.6865724,1,4,3.656591215960177,3.656591215960177
C03364,13.075606,77.55955,1,2,3.006309378263271,3.006309378263271
C03365,12.9687466,77.6362013,2,1,1.4985586556841597,2.9971173113683194
C03366,13.0278653,77.5564664,13,5,3.1462196373129476,40.90085528506832
C03367,13.0071308,77.5345214,2,5,2.752005915841118,5.504011831682236
C03368,12.9733738,77.6357554,4,1,1.0669809316396106,4.267923726558442
C03369,12.9994304,77.4887857,4,3,7.5195491798528975,30.07819671941159
C03370,12.9880617,77.7339646,4,7,2.8228529037877124,11.29141161515085
C03371,12.9756865,77.6669815,3,1,4.177531060202302,12.532593180606906
C03372,12.9629034,77.7131569,1,7,1.1836460614037247,1.1836460614037247
C03373,12.8785294,77.6385091,9,4,2.8820083957755616,25.938075561980053
C03374,12.9808721,77.6462154,12,1,1.8953518480950955,22.744222177141147
C03375,12.9389135,77.5525787,1,8,4.139832385346415,4.139832385346415
C03376,12.9689238,77.5792294,2,5,4.056929579120136,8.113859158240272
C03377,12.9890498,77.5425333,3,5,2.099562920783426,6.298688762350278
C03378,12.9249672,77.5836058,2,8,0.7273138621098645,1.454627724219729
C03379,12.9912698,77.6877454,5,7,4.918363937519721,24.591819687598605
C03380,12.9658096,77.6021506,2,1,3.2975930667196875,6.595186133439375
C03381,12.9895041,77.54581,15,5,1.7819705031194129,26.72955754679119
C03382,13.0150279,77.4495824,8,3,10.36750216662445,82.9400173329956
C03383,13.0708238,77.590473,4,2,0.9940948208486906,3.9763792833947624
C03384,12.969536,77.6478283,7,1,2.37951876197971,16.65663133385797
C03385,12.9295981,77.5681912,7,8,2.1577264991729117,15.104085494210382
C03386,13.1841872,77.7051708,2,6,3.011079194283811,6.022158388567622
C03387,12.9846134,77.6760139,2,1,5.152313686285623,10.304627372571247
C03388,12.9720251,77.5468274,4,5,3.3037164248340662,13.214865699336265
C03389,12.960807,77.5771138,6,5,4.7307145077799175,28.384287046679503
C03390,12.9576929,77.6613081,4,1,4.319798550370501,17.279194201482003
C03391,12.9532084,77.585863,1,8,3.8498306984797446,3.8498306984797446
C03392,12.943275,77.6216701,2,1,4.154756669521535,8.30951333904307
C03393,12.9785211,77.6297221,3,1,0.20831116396253765,0.6249334918876129
C03394,12.9640883,77.5500287,3,5,4.032707217027685,12.098121651083055
C03395,12.9845356,77.5918416,13,5,3.965615397782705,51.553000171175164
C03396,12.9269294,77.5861832,1,8,0.9557696717008849,0.9557696717008849
C03397,13.0988814,77.5774223,5,2,2.4205296251412607,12.102648125706303
C03398,13.0232981,77.5497052,9,5,2.8053774431249265,25.248396988124338
C03399,13.0753105,77.5579778,16,2,3.1797350275446585,50.87576044071454
C03400,12.9487043,77.7045923,3,7,2.7351957478646436,8.20558724359393
C03401,12.9916252,77.5702927,5,5,1.5358653225517123,7.679326612758562
C03402,13.0461708,77.7506815,5,7,9.49240188803213,47.46200944016066
C03403,12.8969554,77.6003119,4,8,2.9348101300192657,11.739240520077063
C03404,13.0598624,77.5926701,3,2,2.2204613368736092,6.661384010620828
C03405,12.8761382,77.765215,5,7,10.764565938282049,53.82282969141024
C03406,12.9161045,77.6449872,1,4,2.8728396242189196,2.8728396242189196
C03407,12.8898598,77.4755591,5,3,4.997491434006703,24.987457170033515
C03408,13.06925,77.5562415,4,2,3.514681423901142,14.058725695604569
C03409,13.1436435,77.4122677,3,2,20.258769793526195,60.77630938057858
C03410,12.9164793,77.6051434,14,8,2.252556979620085,31.535797714681188
C03411,13.1991991,77.70813,2,6,4.503494134186559,9.006988268373117
C03412,12.8891417,77.57816,3,8,3.316924304986915,9.950772914960744
C03413,12.8068224,77.5789128,13,8,12.371767981088142,160.83298375414586
C03414,13.055866,77.6326224,2,2,5.579389151406329,11.158778302812658
C03415,12.9660809,77.7178303,2,7,0.6839719596078034,1.3679439192156069
C03416,12.9211928,77.651389,3,4,3.0922795574988338,9.2768386724965
C03417,12.9903609,77.5719554,6,5,1.7639631045669244,10.583778627401546
C03418,12.9775746,77.6407167,4,1,1.3278684633288809,5.3114738533155235
C03419,12.9121363,77.6496658,1,4,2.234138690350708,2.234138690350708
C03420,12.9745369,77.5968251,2,1,3.523417647688058,7.046835295376116
C03421,12.9715076,77.5962518,2,1,3.6578368561989563,7.3156737123979125
C03422,12.9219058,77.5510032,3,8,3.6567104437643123,10.970131331292936
C03423,13.1274479,77.5861976,4,2,5.348002805553733,21.392011222214933
C03424,12.9700883,77.7502482,4,7,2.922732179136873,11.690928716547493
C03425,12.9118878,77.6403914,1,4,2.8382458262742745,2.8382458262742745
C03426,12.981241,77.6462009,7,1,1.8959265526447553,13.271485868513286
C03427,12.9592076,77.6054317,4,1,3.43476710880805,13.7390684352322
C03428,13.1564639,77.791978,9,6,11.622137276660728,104.59923548994655
C03429,12.9348451,77.6128809,5,8,3.5763437941521032,17.881718970760517
C03430,12.8814541,77.6674463,7,4,1.6736218157189457,11.71535271003262
C03431,12.9567726,77.7003897,5,7,2.696639540696051,13.483197703480254
C03432,12.9687203,77.7446763,9,7,2.299546345792338,20.695917112131042
C03433,12.9108396,77.6397226,5,4,2.8155982605039815,14.077991302519909
C03434,13.0401108,77.6798879,3,1,8.650813540108027,25.952440620324083
C03435,13.00966,77.4828739,16,5,8.301924281037504,132.83078849660006
C03436,12.9914832,77.5710526,6,5,1.6129892934623393,9.677935760774036
C03437,13.1045782,77.6004842,5,2,3.172220164399826,15.86110082199913
C03438,12.9149937,77.6352099,1,4,3.486866133756997,3.486866133756997
C03439,13.098829,77.5846299,1,2,2.194658950346566,2.194658950346566
C03440,12.8802209,77.4714755,4,3,6.152837335541622,24.611349342166488
C03441,12.9904282,77.5706929,4,5,1.6491585933149173,6.596634373259669
C03442,12.9703459,77.5943823,2,1,3.8880247763264273,7.776049552652855
C03443,12.941871,77.6081394,4,8,3.648091713600069,14.592366854400275
C03444,13.0041697,77.5822694,10,5,2.613822279086269,26.13822279086269
C03445,12.9212531,77.6635382,5,4,3.001768188274972,15.00884094137486
C03446,12.914091,77.6351827,1,4,3.424729586680087,3.424729586680087
C03447,12.9726825,77.6482692,3,1,2.2726130600403587,6.8178391801210765
C03448,13.0718794,77.5560732,2,2,3.452901092830996,6.905802185661992
C03449,12.8416614,77.6443024,3,4,6.070270352341037,18.21081105702311
C03450,12.8406178,77.6511117,2,4,6.025975034042932,12.051950068085864
C03451,12.9779413,77.5977431,2,1,3.3773119923493793,6.754623984698759
C03452,12.9814012,77.5637326,1,5,2.0802011678096513,2.0802011678096513
C03453,12.959938,77.7483391,3,7,2.6986884540370095,8.096065362111029
C03454,12.9243553,77.5648981,2,8,2.2259669968314446,4.451933993662889
C03455,12.8487517,77.6550352,1,4,5.0793350212693165,5.0793350212693165
C03456,12.939367,77.7307197,14,7,2.8824758056556052,40.35466127917847
C03457,12.9222167,77.5893948,7,8,0.6754756616093415,4.728329631265391
C03458,12.9808084,77.6367488,3,1,0.8690059262266936,2.6070177786800808
C03459,12.9568988,77.7319185,3,7,1.21141260111247,3.6342378033374096
C03460,12.9785438,77.7111721,1,7,2.0791018499504075,2.0791018499504075
C03461,12.960855,77.5288144,11,3,5.054185497893671,55.596040476830375
C03462,12.9738342,77.5827644,13,5,3.864300595509908,50.23590774162881
C03463,12.9783687,77.6607806,4,1,3.480550321144402,13.922201284577609
C03464,13.026313,77.5845772,7,5,4.087441592993185,28.612091150952295
C03465,12.9323507,77.6861082,4,4,5.095048396932498,20.38019358772999
C03466,12.8987996,77.6584097,1,4,0.4993703715939898,0.4993703715939898
C03467,12.9611673,77.7012927,2,7,2.4860350462304406,4.972070092460881
C03468,12.9734503,77.5751186,4,5,3.39436181624351,13.57744726497404
C03469,13.0106228,77.5535866,2,5,1.3463468703507784,2.6926937407015568
C03470,13.0749141,77.5674987,3,2,2.169279607284149,6.507838821852447
C03471,13.000959,77.6325429,3,1,2.338968672576523,7.016906017729569
C03472,13.0400105,77.5551098,3,5,4.49810434321972,13.49431302965916
C03473,12.9240913,77.553374,3,8,3.436381846083937,10.309145538251812
C03474,12.9972226,77.5818843,2,5,2.533792874881308,5.067585749762616
C03475,12.8931572,77.5987475,2,8,3.199446921570393,6.398893843140786
C03476,12.9586687,77.5613008,1,5,4.531364141589766,4.531364141589766
C03477,12.914051,77.6321862,7,4,3.679110951100942,25.753776657706595
C03478,12.9346103,77.7437988,1,7,3.953677714896476,3.953677714896476
C03479,12.9507263,77.594144,7,8,3.72264007492935,26.05848052450545
C03480,12.9686442,77.6291495,9,1,1.2749667067391284,11.474700360652156
C03481,13.0079918,77.6184726,3,1,3.277906698012905,9.833720094038714
C03482,12.9628816,77.7131542,1,7,1.1843071767835887,1.1843071767835887
C03483,12.9738713,77.5866851,3,5,4.161479970627901,12.484439911883701
C03484,12.9336331,77.622557,3,8,4.461109803305262,13.383329409915785
C03485,12.959017,77.7169995,2,7,0.9694942431250294,1.9389884862500588
C03486,12.8986228,77.656868,2,4,0.5472270040284851,1.0944540080569702
C03487,12.9701128,77.6564543,10,1,3.2043438160060984,32.04343816006099
C03488,12.8821255,77.6559921,5,4,1.4145019181657053,7.072509590828526
C03489,13.0189051,77.6567845,2,1,5.2579983674993,10.5159967349986
C03490,13.0062388,77.6479074,1,1,3.5569359514432812,3.5569359514432812
C03491,12.9806502,77.6115927,3,1,1.8657165858620273,5.597149757586082
C03492,12.9728395,77.6413259,3,1,1.5853903581847517,4.756171074554255
C03493,13.1040278,77.5726029,5,2,3.1678973315742005,15.839486657871003
C03494,12.9661926,77.7178513,2,7,0.6849661154811766,1.3699322309623532
C03495,12.9320159,77.5891764,5,8,1.5847764352807372,7.923882176403686
C03496,12.9313955,77.5179594,13,3,2.7045598832272577,35.15927848195435
C03497,12.9799798,77.5997722,6,1,3.148177788612689,18.889066731676134
C03498,12.9513056,77.7174058,3,7,1.6272402609396297,4.881720782818889
C03499,12.9380629,77.5338001,3,3,4.4812876195499065,13.44386285864972
C03500,13.0958663,77.5785324,3,2,2.0677157692979535,6.203147307893861
C03501,12.997828,77.6969269,8,7,4.709148070587739,37.67318456470191
C03502,12.8819899,77.5019592,2,3,5.578245227534386,11.156490455068772
C03503,12.9325193,77.5839611,3,8,1.5579068628602795,4.673720588580839
C03504,12.9297191,77.5767555,3,8,1.5036982765265199,4.51109482957956
C03505,12.9575422,77.6550504,2,1,3.79550491991309,7.59100983982618
C03506,13.0371838,77.462165,1,5,11.271957793680574,11.271957793680574
C03507,12.8624037,77.5430742,4,8,7.663411048281618,30.65364419312647
C03508,12.8760221,77.639765,3,4,2.959005254361008,8.877015763083024
C03509,13.0635119,77.5904691,5,2,1.7701641120021767,8.850820560010884
C03510,13.0949544,77.5730358,2,2,2.316476776384363,4.632953552768726
C03511,12.9780154,77.6334331,8,1,0.5587730834829593,4.470184667863674
C03512,13.0354243,77.5753543,2,5,4.36756726771174,8.73513453542348
C03513,12.9872982,77.7481842,11,7,3.6445306854357704,40.08983753979347
C03514,13.1006249,77.5992486,1,2,2.7232925820549654,2.7232925820549654
C03515,12.8605493,77.7809524,5,7,13.072200133662745,65.36100066831372
C03516,13.0044751,77.5711942,5,5,1.4668154589050557,7.334077294525279
C03517,12.9337088,77.6214781,2,8,4.356050573788558,8.712101147577116
C03518,13.0685945,77.5636764,4,2,2.7891101711159227,11.156440684463691
C03519,12.9992963,77.5494391,8,5,1.0011497967590026,8.009198374072021
C03520,12.9029431,77.519837,1,3,4.305429154025925,4.305429154025925
C03521,12.9160112,77.6511084,5,4,2.558614664958548,12.79307332479274
C03522,12.974665,77.6066507,1,1,2.4771597872340863,2.4771597872340863
C03523,12.9571937,77.7380363,2,7,1.7340172113723147,3.4680344227446294
C03524,13.1208483,77.6186871,10,2,5.755136292447506,57.55136292447506
C03525,13.0022802,77.6604849,2,1,4.2249475139602755,8.449895027920551
C03526,13.0554023,77.6020789,1,2,3.0945561360957865,3.0945561360957865
C03527,12.9453765,77.59506,3,8,3.1931402587506335,9.5794207762519
C03528,12.9137923,77.6374114,14,4,3.21944786278074,45.07227007893036
C03529,12.9686616,77.5875127,1,5,4.634686791969469,4.634686791969469
C03530,12.8419252,77.6440169,2,4,6.050736191899872,12.101472383799743
C03531,12.9138971,77.6781938,9,4,2.959097596449409,26.63187836804468
C03532,13.0465701,77.6021433,12,2,3.961497897723672,47.537974772684066
C03533,12.9653052,77.5346724,3,5,4.596328602036523,13.788985806109569
C03534,13.0229555,77.6032161,1,5,5.487883188328813,5.487883188328813
C03535,13.0554671,77.595573,14,2,2.780184076782344,38.92257707495281
C03536,12.9917025,77.6802757,10,7,5.612952121322429,56.129521213224294
C03537,12.9454151,77.5709801,5,8,3.325609243574833,16.628046217874164
C03538,12.9788682,77.640117,2,1,1.239874505502842,2.479749011005684
C03539,12.9932191,77.5546749,3,5,0.8210121707694028,2.4630365123082085
C03540,12.9122779,77.6517119,3,4,2.150947931392964,6.452843794178892
C03541,13.1991311,77.7184314,4,6,5.198658493080457,20.79463397232183
C03542,12.9904693,77.6849334,9,7,5.115223896144038,46.037015065296345
C03543,12.8830212,77.7525549,6,7,9.544813127066847,57.26887876240109
C03544,13.0015255,77.6254644,2,1,2.392653614395557,4.785307228791114
C03545,12.9700673,77.5764205,9,5,3.7879376584611,34.091438926149905
C03546,12.9179099,77.6518741,4,4,2.7294915170226584,10.917966068090633
C03547,12.9595967,77.7099381,5,7,1.6147094319484614,8.073547159742308
C03548,12.9716659,77.6556496,9,1,3.065548369214825,27.589935322933425
C03549,12.975486,77.6009137,2,1,3.0680886615252545,6.136177323050509
C03550,12.9895876,77.5932786,3,5,3.915485514513761,11.746456543541282
C03551,12.9598192,77.5830807,2,8,4.5813182062408595,9.162636412481719
C03552,12.9044856,77.6654434,1,4,1.2858605345532743,1.2858605345532743
C03553,12.8430892,77.4229732,4,3,12.406681240663849,49.626724962655395
C03554,12.9387115,77.5937737,19,8,2.458132435785943,46.70451627993292
C03555,12.9361688,77.631568,1,1,4.878702212398404,4.878702212398404
C03556,12.8747613,77.6100893,3,8,5.578258239035398,16.73477471710619
C03557,12.9825938,77.6057981,5,1,2.5085099724613524,12.542549862306762
C03558,13.0498196,77.6000149,4,2,3.5389463671353707,14.155785468541483
C03559,12.9094275,77.6393304,3,4,2.7511707762077777,8.253512328623334
C03560,12.9918166,77.5375888,1,5,2.441061506845799,2.441061506845799
C03561,12.9065042,77.5898768,4,8,1.4461376600432714,5.7845506401730855
C03562,12.9755964,77.5982864,2,1,3.3477046722259947,6.695409344451989
C03563,12.9125011,77.6362476,1,4,3.2241886910782385,3.2241886910782385
C03564,12.9893245,77.5740161,8,5,2.013241114646368,16.105928917170942
C03565,12.9568026,77.7423896,6,7,2.1795331116332077,13.077198669799246
C03566,12.9364646,77.614012,3,8,3.7742444727568834,11.32273341827065
C03567,13.116341,77.5781161,4,2,4.229562454597188,16.91824981838875
C03568,13.0264542,77.6363506,7,1,5.190742123100671,36.3351948617047
C03569,12.8855103,77.5824089,4,8,3.6537867980844716,14.615147192337886
C03570,12.9523691,77.5697301,6,8,4.082064071239889,24.492384427439333
C03571,13.0569897,77.5936645,3,2,2.555939809386493,7.667819428159479
C03572,12.8160167,77.6918314,8,4,9.362095358237747,74.89676286590198
C03573,12.994438,77.5780216,4,5,2.175769146466328,8.703076585865311
C03574,13.0081078,77.5549568,4,5,1.0317120856983015,4.126848342793206
C03575,13.0438902,77.4850998,1,5,9.373101996828382,9.373101996828382
C03576,12.9170447,77.6299095,4,4,4.076127168911716,16.304508675646865
C03577,13.0262488,77.5850757,2,5,4.119761740079779,8.239523480159558
C03578,12.9549456,77.588287,2,8,4.06018316179748,8.12036632359496
C03579,12.9782996,77.628861,2,1,0.20570832584624016,0.4114166516924803
C03580,12.960575,77.7181435,2,7,0.7663535218192647,1.5327070436385295
C03581,13.0043685,77.5816097,15,5,2.5481929013976785,38.22289352096518
C03582,12.9588744,77.6594639,8,1,4.080791903999357,32.646335231994854
C03583,12.948072,77.5430925,13,8,5.563832863205561,72.32982722167229
C03584,12.9303331,77.6332426,1,4,4.893681503250541,4.893681503250541
C03585,12.9725437,77.5859867,3,5,4.209344898827212,12.628034696481638
C03586,13.029313,77.5608165,1,5,3.3057552941961372,3.3057552941961372
C03587,12.9782037,77.6384534,2,1,1.0730392709662724,2.1460785419325448
C03588,13.0085354,77.5694521,2,5,1.5386390870535092,3.0772781741070183
C03589,12.9479761,77.5325668,8,3,4.656451705866576,37.25161364693261
C03590,12.9850456,77.5450126,3,5,2.182345521587278,6.547036564761834
C03591,13.0002869,77.5718472,7,5,1.4339464123528785,10.03762488647015
C03592,12.9572978,77.5644522,5,5,4.716145333110458,23.58072666555229
C03593,13.1255615,77.5912475,17,2,5.15889642366564,87.70123920231588
C03594,12.9997652,77.6173181,1,1,2.5015592712550747,2.5015592712550747
C03595,12.9151071,77.5624888,8,8,2.418204780299103,19.345638242392823
C03596,13.0053385,77.5695886,7,5,1.3496589441288624,9.447612608902038
C03597,13.0594298,77.5904563,2,2,2.2136385848202553,4.427277169640511
C03598,13.0543103,77.4806348,7,5,10.41551098284633,72.90857687992431
C03599,12.9257669,77.5787408,4,8,1.0225734264135853,4.090293705654341
C03600,12.8896572,77.6490618,3,4,1.253041429333585,3.7591242880007547
C03601,12.9760267,77.5925812,2,1,3.955277252654508,7.910554505309016
C03602,12.9584406,77.593372,2,8,4.529840995184057,9.059681990368114
C03603,12.9637812,77.6413411,14,1,2.2688629182097046,31.764080854935866
C03604,12.9462204,77.6289455,3,1,3.7566061650400826,11.269818495120248
C03605,12.9229702,77.6514315,6,4,3.2800712036401958,19.680427221841175
C03606,12.9876571,77.57848,2,5,2.5207492302443084,5.041498460488617
C03607,12.9566705,77.6999969,2,7,2.740667315176973,5.481334630353946
C03608,12.9463859,77.6220465,7,1,3.808861659215551,26.662031614508855
C03609,12.9727086,77.6188843,1,1,1.3534156494247458,1.3534156494247458
C03610,13.1040452,77.5711809,2,2,3.2484918420642153,6.4969836841284305
C03611,12.9571437,77.7396562,3,7,1.8935515398465026,5.680654619539508
C03612,13.1039183,77.5742613,4,2,3.072193000498451,12.288772001993804
C03613,12.9705436,77.5834769,3,5,4.189018551603669,12.567055654811007
C03614,12.9649312,77.718116,4,7,0.6327905159172043,2.531162063668817
C03615,12.978323,77.644993,5,1,1.7726466713909639,8.863233356954819
C03616,12.9161025,77.6155077,6,8,3.3773775009312343,20.264265005587404
C03617,12.965607,77.6418266,2,1,2.1453413962398105,4.290682792479621
C03618,12.9052961,77.5858167,3,8,1.4636389410619817,4.390916823185945
C03619,12.9268066,77.6332725,8,4,4.580230974077511,36.64184779262009
C03620,13.000224,77.5507146,6,5,0.8658628243304656,5.1951769459827934
C03621,12.9501128,77.5834673,1,8,3.5060858189692827,3.5060858189692827
C03622,12.9553004,77.7209048,4,7,1.074163499334907,4.296653997339628
C03623,13.0323908,77.5771592,1,5,4.1554778918144635,4.1554778918144635
C03624,12.9207261,77.6866034,3,4,4.138049814539934,12.414149443619802
C03625,13.0478883,77.5001335,13,5,8.30704721886615,107.99161384525996
C03626,12.9965785,77.6045552,2,1,3.196165578976632,6.392331157953264
C03627,12.9245212,77.4981445,2,3,0.9612077057940931,1.9224154115881862
C03628,13.0080001,77.5837482,6,5,2.8803372885762726,17.282023731457635
C03629,12.9165695,77.5973579,1,8,1.412043895881112,1.412043895881112
C03630,12.9378068,77.6271846,2,1,4.691081970383926,9.382163940767851
C03631,12.9839612,77.5965133,5,1,3.5271093299492415,17.635546649746207
C03632,12.9893282,77.5379751,2,5,2.5128879621688025,5.025775924337605
C03633,13.1508314,77.5552642,3,2,8.651222258341946,25.953666775025837
C03634,12.9336119,77.6152238,6,8,3.7344866739615705,22.406920043769425
C03635,13.0124427,77.7608184,4,7,6.645567807048995,26.58227122819598
C03636,13.0371728,77.6409543,4,1,6.448715708740294,25.794862834961176
C03637,13.0301347,77.5870419,3,5,4.579482111163811,13.738446333491433
C03638,12.9403953,77.558544,4,8,3.7199930399011096,14.879972159604439
C03639,12.9878673,77.6001189,3,1,3.2254412327101902,9.67632369813057
C03640,12.9514036,77.5835121,5,8,3.6487534410664133,18.243767205332066
C03641,12.9784222,77.5487941,2,5,2.5695195187370072,5.1390390374740145
C03642,13.0026621,77.634644,3,1,2.5716557799954574,7.714967339986372
C03643,12.8902593,77.5979064,2,8,3.4440675816449975,6.888135163289995
C03644,12.9385917,77.5545138,3,8,3.945386208414794,11.836158625244382
C03645,12.993211,77.5697205,2,5,1.3891540226359766,2.7783080452719533
C03646,12.9374907,77.6281009,2,1,4.723471008543644,9.446942017087288
C03647,12.9949687,77.6659804,4,1,4.359441216662975,17.4377648666519
C03648,12.9664558,77.6137032,4,1,2.230676874788258,8.922707499153033
C03649,12.9100629,77.5924585,6,8,1.2690151305627693,7.614090783376616
C03650,13.058001,77.6490356,2,2,7.125281644204814,14.250563288409628
C03651,12.9483874,77.5860061,4,8,3.317369192522808,13.269476770091233
C03652,12.9685272,77.6426049,5,1,1.9779717160306751,9.889858580153376
C03653,13.0186811,77.5059438,5,5,6.102014409460608,30.51007204730304
C03654,12.9521239,77.4996917,2,3,2.380947950764178,4.761895901528356
C03655,13.0010985,77.6123761,4,1,2.9226920142609676,11.69076805704387
C03656,12.9365445,77.6142714,4,8,3.802839114755955,15.21135645902382
C03657,12.9618934,77.7013316,3,7,2.4710470522620542,7.413141156786162
C03658,12.8663372,77.54525,1,8,7.172491509280312,7.172491509280312
C03659,12.9569478,77.6015303,4,1,3.917419570636907,15.669678282547627
C03660,12.9754578,77.6059813,16,1,2.528165262633095,40.45064420212952
C03661,12.9977025,77.6217069,3,1,2.088286384505154,6.264859153515462
C03662,12.8027085,77.596433,2,4,12.249006276850217,24.498012553700434
C03663,13.020084,77.654053,4,1,5.202663146574427,20.810652586297707
C03664,12.9700606,77.576438,4,5,3.789543180646343,15.158172722585372
C03665,12.9869518,77.5558249,8,5,1.4251928549948483,11.401542839958786
C03666,12.9920289,77.5712576,1,5,1.5994445872310166,1.5994445872310166
C03667,13.0589662,77.5908384,6,2,2.2714385900031,13.628631540018599
C03668,12.9184352,77.6515166,5,4,2.796767015412872,13.98383507706436
C03669,12.9157092,77.5613686,3,8,2.529595644009347,7.588786932028041
C03670,12.9842346,77.7337626,4,7,2.42776310423328,9.71105241693312
C03671,12.9379263,77.6989643,7,7,4.003465643508127,28.024259504556888
C03672,12.965565,77.5844677,6,5,4.6881207731021695,28.128724638613015
C03673,12.9738619,77.6076834,1,1,2.3929975938938504,2.3929975938938504
C03674,12.9205751,77.6002099,6,8,1.7222653458487445,10.333592075092467
C03675,12.9065734,77.5823503,3,8,1.335698326155467,4.007094978466401
C03676,12.9483029,77.5881244,3,8,3.3273646265618244,9.982093879685474
C03677,12.9803935,77.6449945,3,1,1.761349430912127,5.284048292736381
C03678,13.0207633,77.6189599,3,1,4.619583583429207,13.85875075028762
C03679,13.0322653,77.7586377,8,7,8.39133831577981,67.13070652623848
C03680,12.9603863,77.5294186,3,3,5.072029456454802,15.216088369364405
C03681,12.998205,77.6731186,2,1,5.212336325910446,10.424672651820892
C03682,12.942863,77.6921234,3,7,4.205315811123147,12.615947433369442
C03683,12.9608027,77.5911717,4,1,4.609935398762138,18.439741595048552
C03684,13.0041631,77.5623488,8,5,0.6512327701297875,5.2098621610383
C03685,12.8870224,77.5819791,5,8,3.490090498974848,17.45045249487424
C03686,12.9174716,77.6513649,2,4,2.7009539622146272,5.4019079244292545
C03687,13.071622,77.6484811,19,2,6.721398332083792,127.70656830959206
C03688,12.9706829,77.6491004,4,1,2.443399012714239,9.773596050856955
C03689,12.9819592,77.5950167,8,1,3.669777397639363,29.358219181114904
C03690,13.045979,77.5222447,3,5,6.485529211357365,19.456587634072093
C03691,12.9835542,77.5963121,5,1,3.543732782295269,17.718663911476344
C03692,13.1499855,77.782041,6,6,10.63862935957224,63.83177615743344
C03693,12.8997376,77.6173368,8,8,4.124264960677658,32.99411968542126
C03694,12.9754287,77.6065055,7,1,2.4731834106029256,17.31228387422048
C03695,12.9184781,77.4909157,6,3,1.4733196814643676,8.839918088786206
C03696,13.0699263,77.6186603,3,2,3.5819023408547093,10.745707022564128
C03697,12.9443883,77.6285671,2,1,3.9594286167541726,7.918857233508345
C03698,12.9728204,77.5355779,4,5,3.874822243959396,15.499288975837583
C03699,13.0197743,77.5058424,6,5,6.155350340024817,36.9321020401489
C03700,12.961617,77.7205123,3,7,0.4922694363618307,1.476808309085492
C03701,12.979026,77.5776266,7,5,3.0638122332430924,21.446685632701648
C03702,12.9754631,77.515267,9,5,5.410990149193705,48.69891134274335
C03703,12.9999597,77.6160948,2,1,2.5883540268645557,5.1767080537291115
C03704,12.9829855,77.5486383,2,5,2.129419669199133,4.258839338398266
C03705,12.958119,77.6442446,3,1,2.9618602614493916,8.885580784348175
C03706,12.9838494,77.6020353,4,1,2.9310769279533346,11.724307711813339
C03707,12.9731349,77.7505326,2,7,3.0410352087442383,6.0820704174884765
C03708,12.8341797,77.5642826,9,8,9.583416148607212,86.2507453374649
C03709,12.9443605,77.6029747,4,8,3.4997638611973914,13.999055444789565
C03710,12.8760769,77.5959487,3,8,4.853029231126723,14.559087693380171
C03711,12.9492191,77.5962052,1,8,3.6349525489050514,3.6349525489050514
C03712,12.9811673,77.63591,1,1,0.7829849662013981,0.7829849662013981
C03713,12.9509965,77.6231889,4,1,3.284260186655481,13.137040746621924
C03714,12.9230839,77.5853491,1,8,0.5206835583070053,0.5206835583070053
C03715,13.0247406,77.6369933,7,1,5.015482731321288,35.10837911924902
C03716,12.8926931,77.6112416,3,8,4.070217868766598,12.210653606299793
C03717,13.0044097,77.581653,32,5,2.5537496495947676,81.71998878703256
C03718,12.9071,77.6003438,17,8,2.1309569354754454,36.22626790308257
C03719,13.1218806,77.623023,3,2,6.13549861665093,18.40649584995279
C03720,12.8889126,77.6555716,3,4,0.7461422955844991,2.2384268867534973
C03721,12.8156931,77.4074981,7,3,15.841432829186449,110.89002980430514
C03722,13.0628956,77.5920611,11,2,1.8797346715464085,20.677081387010492
C03723,12.9728592,77.5354552,1,5,3.8801796538259468,3.8801796538259468
C03724,13.011915,77.5560717,1,5,1.400101298966637,1.400101298966637
C03725,13.0615669,77.5311976,2,2,6.362135090176433,12.724270180352866
C03726,12.9212952,77.5416399,5,8,4.663971328199934,23.31985664099967
C03727,13.0313399,77.5055985,5,5,6.750491815902904,33.752459079514516
C03728,12.9918202,77.7158094,7,7,3.146298880446785,22.024092163127495
C03729,12.9357375,77.5132714,1,3,2.2421737488599716,2.2421737488599716
C03730,12.9949147,77.5663946,1,5,0.9824465824310056,0.9824465824310056
C03731,12.9263049,77.6803137,6,4,4.189381804957899,25.13629082974739
C03732,12.8016497,77.5743196,2,8,12.976608119685942,25.953216239371883
C03733,13.0719065,77.5110496,1,2,8.282332790873204,8.282332790873204
C03734,12.9804586,77.6120274,4,1,1.8180334661244326,7.2721338644977305
C03735,12.9619868,77.6585404,6,1,3.8065712536771388,22.839427522062834
C03736,13.0055404,77.5817277,3,5,2.590985042038686,7.7729551261160585
C03737,12.912531,77.6061644,2,8,2.4424724318902977,4.8849448637805954
C03738,12.9072606,77.5858955,3,8,1.248421888131597,3.7452656643947906
C03739,12.9069608,77.418604,3,3,8.531201813236489,25.593605439709467
C03740,12.9106393,77.6855957,1,4,3.352101624190616,3.352101624190616
C03741,13.1090867,77.5802082,2,2,3.396143231157988,6.792286462315976
C03742,13.022875,77.6026975,5,5,5.434097836826769,27.170489184133846
C03743,12.9878013,77.5743237,4,5,2.1388577336513297,8.555430934605319
C03744,12.896694,77.7086753,4,4,5.343429288114284,21.373717152457136
C03745,12.9602976,77.655697,2,1,3.657482726490632,7.314965452981264
C03746,12.9627474,77.6655856,3,1,4.437028940422714,13.311086821268141
C03747,13.0116909,77.6702315,1,1,5.695804151190151,5.695804151190151
C03748,12.9532948,77.5851274,4,8,3.857141803477235,15.42856721390894
C03749,12.850377,77.6567056,9,4,4.885556048808614,43.97000443927753
C03750,12.9892878,77.7311303,1,7,2.8492276188251946,2.8492276188251946
C03751,13.0686995,77.5547263,2,2,3.6899100755741054,7.379820151148211
C03752,12.9602685,77.6401315,4,1,2.523389113740537,10.093556454962147
C03753,13.0007693,77.5995113,8,1,3.9109712099286194,31.287769679428955
C03754,12.9912735,77.5710821,2,5,1.6285631261012663,3.2571262522025326
C03755,13.0002443,77.5599809,2,5,0.16412135044140685,0.3282427008828137
C03756,12.9743818,77.6337669,1,1,0.8382238166127591,0.8382238166127591
C03757,12.9054349,77.612819,4,8,3.396396782979523,13.585587131918093
C03758,12.9387517,77.5531299,14,8,4.0799763081923865,57.11966831469341
C03759,12.9334333,77.6216543,4,8,4.36201250717046,17.44805002868184
C03760,12.9806913,77.6941743,3,7,3.692480586966892,11.077441760900676
C03761,12.9371252,77.7489656,4,7,4.074250823387165,16.29700329354866
C03762,12.9720275,77.600912,3,1,3.155437632752557,9.466312898257671
C03763,13.0571504,77.6483369,2,2,7.085513677973462,14.171027355946924
C03764,13.0466236,77.5379205,6,5,5.678705079035458,34.072230474212745
C03765,12.970245,77.6461947,4,1,2.186633734360881,8.746534937443524
C03766,12.9232963,77.5809088,3,8,0.6625245479914192,1.9875736439742577
C03767,12.9579281,77.6485471,2,1,3.2655271509152373,6.5310543018304745
C03768,12.9118329,77.5859133,8,8,0.7489924127453467,5.991939301962773
C03769,12.9771534,77.5800313,5,5,3.393166779935079,16.965833899675395
C03770,12.9257017,77.5644655,2,8,2.3181691204964894,4.636338240992979
C03771,13.0014619,77.5694651,7,5,1.192349336108198,8.346445352757387
C03772,12.9220228,77.59341,2,8,1.0453216651668409,2.0906433303336818
C03773,12.9139498,77.4917114,2,3,1.9615941166375463,3.9231882332750927
C03774,12.9145731,77.6767411,2,4,2.91028892978085,5.8205778595617
C03775,12.9998454,77.6194613,1,1,2.402504227954276,2.402504227954276
C03776,12.9856189,77.5958347,5,1,3.62629918116565,18.13149590582825
C03777,12.9197196,77.6848707,1,4,3.92631250583927,3.92631250583927
C03778,13.0169685,77.5879527,1,5,3.7200011378633486,3.7200011378633486
C03779,13.0275314,77.6042985,1,5,5.8438682327058835,5.8438682327058835
C03780,13.0239115,77.6944408,3,7,7.311048321416334,21.933144964249003
C03781,13.0632795,77.6418078,3,2,6.199435478718684,18.59830643615605
C03782,12.9637055,77.6418794,3,1,2.311081513379527,6.933244540138581
C03783,12.9917995,77.5707731,2,5,1.5684168331523411,3.1368336663046823
C03784,12.9172901,77.5776156,1,8,0.7581871781479994,0.7581871781479994
C03785,13.0038834,77.5839787,5,5,2.7903172770832922,13.951586385416462
C03786,13.0686281,77.5546705,2,2,3.698140808445904,7.396281616891808
C03787,12.9599793,77.7481599,4,7,2.6787181080186984,10.714872432074793
C03788,13.0818224,77.5598389,2,2,2.9642321832329057,5.928464366465811
C03789,12.8844123,77.5665775,4,8,4.240987721127467,16.963950884509867
C03790,13.0286188,77.6526542,8,1,5.958327253244115,47.66661802595292
C03791,12.9324728,77.6311287,5,4,5.220178064860152,26.100890324300757
C03792,13.0292972,77.555177,2,5,3.3173051833492373,6.634610366698475
C03793,12.9713768,77.6474537,4,1,2.2489724935034574,8.99588997401383
C03794,12.9755804,77.6053256,3,1,2.5951825294595317,7.785547588378595
C03795,12.9703806,77.712242,3,7,1.424345386864798,4.273036160594394
C03796,12.9994184,77.5497993,3,5,0.9618063435899902,2.8854190307699703
C03797,12.9747188,77.6087556,3,1,2.2547398128908474,6.7642194386725425
C03798,13.0130286,77.5513816,4,5,1.6907884485764437,6.763153794305775
C03799,12.928462,77.5161446,2,3,2.5317199351116044,5.063439870223209
C03800,12.9162016,77.6153313,2,8,3.3574469239066294,6.714893847813259
C03801,12.9104413,77.4819132,1,3,2.6379658365122456,2.6379658365122456
C03802,12.9449911,77.618272,1,1,4.056093511715032,4.056093511715032
C03803,12.9180449,77.6018824,1,8,1.8883618176271988,1.8883618176271988
C03804,12.9163977,77.6342411,4,4,3.6683565637183055,14.673426254873222
C03805,12.8876583,77.5507012,2,8,5.008782793933302,10.017565587866605
C03806,13.0957808,77.5792872,5,2,2.0239471084137945,10.119735542068973
C03807,12.9698881,77.5367069,3,5,4.054546275025024,12.163638825075072
C03808,12.9594645,77.5122183,1,3,3.7184888254859376,3.7184888254859376
C03809,13.0661942,77.5973699,5,2,1.8209144164939481,9.10457208246974
C03810,12.9176946,77.6895275,6,4,4.153331863738962,24.91999118243377
C03811,13.0097251,77.5834036,2,5,2.9135469754630887,5.827093950926177
C03812,12.9592702,77.539807,4,5,4.903177756448602,19.612711025794408
C03813,12.9823244,77.645697,2,1,1.8530248855990368,3.7060497711980736
C03814,13.0483469,77.6293932,4,2,5.724188690999734,22.896754763998935
C03815,12.9089743,77.5428649,1,8,4.640681279809952,4.640681279809952
C03816,12.9177118,77.5996743,1,8,1.6501056254896647,1.6501056254896647
C03817,12.8755644,77.5956483,3,8,4.899722293981491,14.699166881944475
C03818,12.9159569,77.4145835,3,3,8.693730421188764,26.081191263566293
C03819,12.9136053,77.6070457,3,8,2.506649400866407,7.519948202599221
C03820,13.0040417,77.5838504,1,5,2.7797001119629328,2.7797001119629328
C03821,12.980898,77.6405223,3,1,1.278291354808631,3.834874064425893
C03822,12.9727997,77.7489198,4,7,2.8631773544531716,11.452709417812686
C03823,13.0278951,77.5411532,3,5,3.670564285170555,11.011692855511665
C03824,12.9762768,77.7286128,4,7,1.3954073557158369,5.581629422863347
C03825,12.9207348,77.6863144,2,4,4.116489910084162,8.232979820168325
C03826,13.026273,77.6339392,8,1,5.135793865164211,41.08635092131369
C03827,13.1348178,77.6680648,1,6,3.851049765006812,3.851049765006812
C03828,12.9182664,77.631985,5,4,3.9889100267417072,19.944550133708535
C03829,12.9383443,77.4790752,8,3,1.6897488574721715,13.517990859777372
C03830,12.8479607,77.6500799,5,4,5.2447483347252115,26.22374167362606
C03831,12.9794216,77.6351258,3,1,0.6945796592126787,2.083738977638036
C03832,12.9669112,77.7609314,2,7,4.02596100724489,8.05192201448978
C03833,12.9694137,77.7480221,7,7,2.670830351054028,18.695812457378196
C03834,12.9712219,77.6943085,1,7,3.300103041307931,3.300103041307931
C03835,12.9103991,77.686055,2,4,3.380345601244783,6.760691202489566
C03836,13.0000414,77.5330938,3,5,2.7755996672454173,8.326799001736251
C03837,13.0553896,77.5943314,8,2,2.7463555773773174,21.97084461901854
C03838,12.981906,77.5956848,4,1,3.597039085056467,14.388156340225867
C03839,12.9462885,77.6221055,2,1,3.818224987793314,7.636449975586628
C03840,13.1503834,77.6374474,3,6,5.439083718019791,16.317251154059374
C03841,12.9390995,77.5946074,2,8,2.5352373943166926,5.070474788633385
C03842,13.0624433,77.5872737,2,2,1.8486130930673328,3.6972261861346656
C03843,12.9849585,77.6744639,7,1,4.988765096199054,34.92135567339338
C03844,12.9706019,77.7087048,1,7,1.7841677473763735,1.7841677473763735
C03845,12.9324379,77.5862539,10,8,1.5595308701094521,15.59530870109452
C03846,12.9174014,77.6234675,6,8,4.233239195936842,25.39943517562105
C03847,12.9586777,77.566693,7,5,4.6046301732692,32.2324112128844
C03848,13.0018586,77.5988817,2,1,4.037241373407576,8.074482746815152
C03849,12.9728516,77.6479958,3,1,2.238163479562215,6.714490438686645
C03850,12.9506267,77.6237605,1,1,3.3137505913944407,3.3137505913944407
C03851,12.9238823,77.6340961,2,4,4.2732401385160514,8.546480277032103
C03852,12.9238628,77.5860466,5,8,0.6218190904038373,3.1090954520191865
C03853,12.914474,77.651684,8,4,2.3773497947841093,19.018798358272875
C03854,12.9407272,77.6244407,2,1,4.389886358386989,8.779772716773978
C03855,12.9198758,77.6721007,3,4,3.1309567050586047,9.392870115175814
C03856,12.9657419,77.5964045,3,1,3.8590983355752546,11.577295006725764
C03857,12.974716,77.7187872,1,7,1.2574992521304176,1.2574992521304176
C03858,12.9166445,77.5936147,5,8,1.010163505029066,5.05081752514533
C03859,13.0003005,77.6173407,2,1,2.551953504716252,5.103907009432504
C03860,12.9363569,77.554129,3,8,3.8468620374532625,11.540586112359787
C03861,12.9499232,77.5831298,2,8,3.4864759481994225,6.972951896398845
C03862,12.9110893,77.6395384,2,4,2.848728192152302,5.697456384304604
C03863,12.980823,77.6410716,3,1,1.3373215647249255,4.011964694174776
C03864,12.9823449,77.608156,3,1,2.2510664541235044,6.753199362370513
C03865,12.949666,77.6991298,3,7,3.156217277833697,9.468651833501092
C03866,12.8896074,77.5824523,2,8,3.200934039091518,6.401868078183036
C03867,12.9600501,77.6451721,4,1,2.8502244968803234,11.400897987521294
C03868,12.9424031,77.5802815,11,8,2.6901031595711014,29.591134755282116
C03869,12.9417037,77.6085642,4,8,3.667677563211547,14.670710252846188
C03870,12.9121004,77.6485848,7,4,2.289324715360589,16.025273007524124
C03871,12.9590045,77.6567837,1,1,3.8380616277100317,3.8380616277100317
C03872,12.9812389,77.636547,4,1,0.8525624369140901,3.4102497476563602
C03873,12.9377048,77.50855,2,3,1.8124700713381483,3.6249401426762966
C03874,13.0157449,77.4841106,1,5,8.288254265007087,8.288254265007087
C03875,13.0009029,77.5046255,2,5,5.866981032441413,11.733962064882826
C03876,12.9196015,77.5926756,8,8,0.8971295012116508,7.177036009693206
C03877,13.0814825,77.5881095,6,2,0.2848672725939306,1.7092036355635836
C03878,13.0065933,77.6239168,4,1,2.973628657044962,11.894514628179849
C03879,12.9338103,77.6199863,1,8,4.21172160490226,4.21172160490226
C03880,12.9962739,77.6075693,3,1,2.912188293860438,8.736564881581314
C03881,12.925908,77.61691,4,8,3.6149248708559747,14.459699483423899
C03882,12.950313,77.6212433,4,1,3.403113079194049,13.612452316776196
C03883,12.8913057,77.5878632,1,8,3.027399516325416,3.027399516325416
C03884,13.0092154,77.5836361,2,5,2.915600967670477,5.831201935340954
C03885,12.8747854,77.766295,3,7,10.949668555097686,32.849005665293056
C03886,13.0719935,77.5561904,5,2,3.437604463447655,17.188022317238275
C03887,12.910501,77.5818478,1,8,0.9262366018374462,0.9262366018374462
C03888,12.948574,77.5807299,3,8,3.3589549286270977,10.076864785881293
C03889,12.8818035,77.5835092,4,8,4.058482048792812,16.23392819517125
C03890,12.9701024,77.6445815,6,1,2.0455807785925044,12.273484671555027
C03891,12.9385595,77.707137,5,7,3.4053086939707398,17.0265434698537
C03892,12.9195437,77.6000083,5,8,1.688620101005682,8.44310050502841
C03893,12.8984964,77.6203713,2,4,4.276011152452813,8.552022304905625
C03894,13.0268022,77.5794516,1,5,3.769703678914625,3.769703678914625
C03895,13.0232534,77.6374358,3,1,4.862631128223182,14.587893384669545
C03896,12.9115638,77.4433764,7,3,5.8322638956488415,40.82584726954189
C03897,12.8882806,77.5161691,9,3,5.414527074396675,48.730743669570074
C03898,13.1386597,77.4746221,5,2,13.860323338299283,69.30161669149642
C03899,12.9207261,77.4305556,4,3,6.891311616995783,27.565246467983133
C03900,13.0273846,77.5388289,4,5,3.7608030512060404,15.043212204824162
C03901,12.8156657,77.5832022,2,8,11.378899389899953,22.757798779799906
C03902,13.0180125,77.6525441,3,1,4.921485277613437,14.76445583284031
C03903,13.1041255,77.6023323,11,2,3.2263768479267614,35.49014532719438
C03904,12.9370597,77.5731459,2,8,2.400002459007844,4.800004918015688
C03905,12.9754421,77.6032715,10,1,2.8170165528350024,28.170165528350026
C03906,13.0005461,77.6754561,3,1,5.547850730927418,16.643552192782252
C03907,12.9867313,77.5797264,8,5,2.689682501277645,21.51746001022116
C03908,12.9062193,77.580682,1,8,1.416324632268077,1.416324632268077
C03909,12.958808,77.6600753,5,1,4.139361629874403,20.696808149372018
C03910,13.0198322,77.6409454,2,1,4.586591383724612,9.173182767449225
C03911,12.9512098,77.5697613,1,8,3.9630029281374677,3.9630029281374677
C03912,12.9068979,77.6441698,4,4,2.1652129564677507,8.660851825871003
C03913,12.9732382,77.5778493,7,5,3.578387535827492,25.048712750792443
C03914,13.0495627,77.4446266,2,5,13.558804851698007,27.117609703396013
C03915,12.9824733,77.7516151,1,7,3.602340293581156,3.602340293581156
C03916,13.0063609,77.6209974,3,1,3.021090970020051,9.063272910060153
C03917,13.0118772,77.6185391,3,1,3.6829549076070656,11.048864722821197
C03918,13.0131163,77.5837035,5,5,3.106972809562855,15.534864047814274
C03919,12.923836,77.5678974,6,8,1.898208155560659,11.389248933363953
C03920,13.005882,77.5761593,3,5,2.025701457210477,6.07710437163143
C03921,12.891665,77.5785483,12,8,3.034988026810075,36.4198563217209
C03922,13.0350381,77.5890679,4,2,4.887072828057903,19.548291312231612
C03923,13.0668568,77.5956679,3,2,1.652291250301125,4.956873750903375
C03924,12.9974931,77.6103558,1,1,2.7712329110172105,2.7712329110172105
C03925,13.1981077,77.7136622,3,6,4.767633622964786,14.302900868894358
C03926,13.0265206,77.6658185,3,1,6.520362445439642,19.561087336318927
C03927,12.9961243,77.6127006,7,1,2.483587345790024,17.38511142053017
C03928,12.9752329,77.6201738,5,1,1.080817678178541,5.404088390892705
C03929,12.9550956,77.5858088,1,8,4.058373334360288,4.058373334360288
C03930,12.9207261,77.6873383,4,4,4.195133769443843,16.780535077775372
C03931,12.9894313,77.554456,5,5,1.2067126659638185,6.033563329819093
C03932,12.9230872,77.5005296,10,3,1.2458714218838285,12.458714218838285
C03933,12.9989278,77.5743023,6,5,1.6992301264436251,10.19538075866175
C03934,13.027107,77.5790867,6,5,3.773374279619818,22.64024567771891
C03935,12.9715903,77.6084985,3,1,2.3964106649416355,7.189231994824906
C03936,12.9353206,77.6299347,4,1,4.9647429098901945,19.858971639560778
C03937,13.0295006,77.5949717,8,5,5.152167329370888,41.217338634967106
C03938,12.9642757,77.4040765,1,3,10.312815289750665,10.312815289750665
C03939,12.9770105,77.494631,3,3,5.02666042974547,15.079981289236411
C03940,13.0575345,77.6268446,2,2,4.939529361757989,9.879058723515978
C03941,13.0730825,77.6001665,4,2,1.5764781715207679,6.305912686083071
C03942,12.8827229,77.5466715,8,8,5.702130895458628,45.61704716366902
C03943,12.9240664,77.6389446,2,4,3.970288491799142,7.940576983598284
C03944,12.9845206,77.6760104,1,1,5.150962628678465,5.150962628678465
C03945,12.938785,77.6300973,2,1,4.581899110538109,9.163798221076219
C03946,12.95639,77.6210339,6,1,2.7616653899626185,16.56999233977571
C03947,13.0085962,77.4996007,5,5,6.488474750701043,32.442373753505215
C03948,12.9542596,77.7309743,4,7,1.3710523506288304,5.484209402515321
C03949,13.0132449,77.5538218,3,5,1.6070512420495304,4.821153726148591
C03950,12.9908134,77.5938003,1,5,3.934427930856529,3.934427930856529
C03951,13.1036021,77.5998838,5,2,3.046318628301364,15.23159314150682
C03952,13.0188854,77.5625933,2,5,2.1853219267144577,4.370643853428915
C03953,12.9460501,77.5972605,15,8,3.3542918943606805,50.31437841541021
C03954,12.9509894,77.639535,5,1,3.433614127588753,17.168070637943764
C03955,12.9097728,77.4821494,2,3,2.6925719088012823,5.3851438176025646
C03956,13.12233,77.6296681,2,2,6.653651952167631,13.307303904335262
C03957,13.0834295,77.6437197,3,2,6.171089157264063,18.51326747179219
C03958,12.9916486,77.5711196,3,5,1.609067809708679,4.827203429126037
C03959,12.9978,77.5407596,7,5,1.952290234257827,13.666031639804789
C03960,12.9527146,77.5138394,4,3,3.2471852033521085,12.988740813408434
C03961,13.0589975,77.5875951,2,2,2.230713955171819,4.461427910343638
C03962,12.9305873,77.4860082,12,3,0.7730518039464596,9.276621647357516
C03963,12.9261618,77.5645588,3,8,2.3268511141958013,6.980553342587404
C03964,13.0169587,77.6602146,6,1,5.314865548696145,31.88919329217687
C03965,12.8353455,77.6827978,2,4,7.011379364705263,14.022758729410526
C03966,12.9603346,77.6382904,4,1,2.425338109765559,9.701352439062235
C03967,12.9878049,77.7455693,4,7,3.4862365216787046,13.944946086714818
C03968,12.958508,77.5929088,1,8,4.526715721051361,4.526715721051361
C03969,12.9892217,77.591157,14,5,3.707284114226958,51.901977599177414
C03970,12.9806167,77.6410098,8,1,1.3295513916248387,10.63641113299871
C03971,13.0237153,77.5508681,3,5,2.8081889797138415,8.424566939141524
C03972,12.9567859,77.7432012,2,7,2.2615330394517463,4.523066078903493
C03973,12.9556831,77.5676261,4,8,4.509618059106589,18.038472236426355
C03974,12.9982841,77.552708,4,5,0.6604210919896643,2.641684367958657
C03975,13.1142743,77.5011419,4,2,10.096760005797847,40.38704002319139
C03976,13.0242473,77.5864838,4,5,4.075605545870397,16.30242218348159
C03977,13.1236389,77.6190497,5,2,6.028361934990329,30.141809674951645
C03978,12.9643196,77.657532,9,1,3.5808043296551073,32.22723896689597
C03979,12.936467,77.6909742,5,7,4.739389954433136,23.69694977216568
C03980,12.9524001,77.7060279,2,7,2.3630493664552366,4.726098732910473
C03981,12.9609395,77.7135114,9,7,1.1993496400505295,10.794146760454765
C03982,12.9490257,77.6001501,10,8,3.7868292103402803,37.8682921034028
C03983,12.9957125,77.6109356,30,1,2.591208075858676,77.73624227576029
C03984,12.9985477,77.5510414,2,5,0.8339390939594494,1.6678781879188989
C03985,12.9827615,77.5622502,4,5,1.895910618136471,7.583642472545884
C03986,12.9191661,77.5511655,1,8,3.619958756632526,3.619958756632526
C03987,13.0007294,77.5692184,5,5,1.1538552831311368,5.769276415655684
C03988,12.9821867,77.6268631,2,1,0.3057227106079726,0.6114454212159453
C03989,12.9168722,77.5834061,13,8,0.21145883691895445,2.7489648799464077
C03990,12.9824346,77.7483784,2,7,3.31221987115687,6.62443974231374
C03991,12.8757788,77.5956322,1,8,4.876295450047134,4.876295450047134
C03992,12.9783722,77.6358102,2,1,0.7892050855935878,1.5784101711871756
C03993,12.9812363,77.6059974,1,1,2.475213392016863,2.475213392016863
C03994,13.0028654,77.6201747,6,1,2.6815159487787565,16.08909569267254
C03995,13.0119697,77.5559084,1,5,1.4096814983628403,1.4096814983628403
C03996,12.9693937,77.651729,3,1,2.762412365296199,8.287237095888596
C03997,12.9524717,77.7154209,1,7,1.624233955955038,1.624233955955038
C03998,12.9245891,77.5734439,3,8,1.3788646628083439,4.136593988425032
C03999,12.9733227,77.6136783,10,1,1.8046961479449866,18.046961479449866
C04000,12.9955482,77.5737403,4,5,1.6950703411526726,6.7802813646106905
C04001,12.9730722,77.6473007,2,1,2.1589799214859227,4.317959842971845
C04002,12.9136778,77.5856582,3,8,0.5436416593494598,1.6309249780483794
C04003,12.9586133,77.4957742,3,3,3.0020205400593474,9.006061620178041
C04004,12.925511,77.5501686,5,8,3.808251377387392,19.04125688693696
C04005,12.9009848,77.5859587,1,8,1.9403401187435678,1.9403401187435678
C04006,13.1779435,77.4344939,5,2,19.834147381281262,99.17073690640632
C04007,13.0502988,77.7544706,1,7,10.056489353018362,10.056489353018362
C04008,13.0375671,77.6651503,2,1,7.482257683002964,14.964515366005928
C04009,13.0621835,77.6489203,2,2,6.974811320869984,13.949622641739968
C04010,12.9209516,77.6820594,5,4,3.822441397695057,19.112206988475286
C04011,12.9604441,77.6010513,3,1,3.7171958064468207,11.151587419340462
C04012,13.0728071,77.6031029,1,2,1.8809181984126309,1.8809181984126309
C04013,12.8806944,77.6529533,2,4,1.6791563841999992,3.3583127683999985
C04014,13.0587704,77.5914148,4,2,2.3048809260704464,9.219523704281785
C04015,13.0190416,77.5104316,3,5,5.662919747017073,16.98875924105122
C04016,12.8419314,77.6754937,2,4,6.0641389507303565,12.128277901460713
C04017,12.9638348,77.5685892,2,5,4.094864924317125,8.18972984863425
C04018,12.9963412,77.6957498,5,7,4.664295404831044,23.32147702415522
C04019,12.9787583,77.5826869,2,5,3.476482999274564,6.952965998549128
C04020,12.9681697,77.5269225,3,5,4.890126545375509,14.670379636126526
C04021,12.9133297,77.678804,15,4,2.960144823068498,44.40217234602747
C04022,13.0265988,77.5066577,1,5,6.390454512669695,6.390454512669695
C04023,12.9166328,77.5952237,1,8,1.1821301285242967,1.1821301285242967
C04024,13.0112448,77.6459752,6,1,3.9155396612595714,23.493237967557427
C04025,13.0070372,77.5484723,2,5,1.3836275899726334,2.7672551799452667
C04026,12.8474372,77.6908976,3,4,6.2180133004068985,18.654039901220695
C04027,12.9781436,77.6317392,2,1,0.39166849431490697,0.7833369886298139
C04028,12.9970062,77.6095198,3,1,2.8012216355276527,8.403664906582957
C04029,12.8999008,77.6213408,10,4,4.1909717195202925,41.90971719520292
C04030,12.9149556,77.5949412,6,8,1.1984511454179427,7.190706872507656
C04031,13.0117585,77.5549605,6,5,1.4125741024002885,8.47544461440173
C04032,12.9103017,77.5937162,1,8,1.3478782630494845,1.3478782630494845
C04033,13.0528222,77.6459327,1,2,7.025897651806131,7.025897651806131
C04034,12.8918244,77.7513267,1,7,8.582047490778818,8.582047490778818
C04035,12.9865814,77.5558215,2,5,1.4653303405181035,2.930660681036207
C04036,12.8787352,77.6367386,6,4,3.0234190930629548,18.140514558377728
C04037,13.1036369,77.5756522,5,2,2.978829185666215,14.894145928331074
C04038,12.9733555,77.6097782,3,1,2.1950369390751736,6.585110817225521
C04039,13.0692143,77.5549902,3,2,3.6451406204741326,10.935421861422398
C04040,12.9494299,77.5848078,2,8,3.4288804746090507,6.857760949218101
C04041,12.9880841,77.5523253,4,5,1.4408754143530818,5.763501657412327
C04042,12.9735982,77.5518495,6,5,2.963389680863496,17.780338085180976
C04043,12.9225541,77.6685693,1,4,3.2651663534495725,3.2651663534495725
C04044,12.9853876,77.5862887,4,5,3.382768702807641,13.531074811230564
C04045,13.1979732,77.7136607,6,6,4.756184381077463,28.537106286464777
C04046,12.921083,77.6494,2,4,3.1493969329488762,6.2987938658977525
C04047,12.977164,77.6392997,5,1,1.1899490165007693,5.9497450825038465
C04048,13.0665416,77.596517,24,2,1.7342505066303922,41.62201215912941
C04049,12.8913808,77.5767986,3,8,3.111309328201036,9.333927984603108
C04050,12.9567962,77.5342277,4,3,5.267726665762452,21.070906663049808
C04051,12.9542482,77.6795005,2,7,4.956630127904635,9.91326025580927
C04052,12.8351099,77.6947162,4,4,7.597441744521949,30.389766978087795
C04053,12.9141742,77.5995886,5,8,1.7058941400898362,8.529470700449181
C04054,12.9489617,77.6873872,4,7,4.326232726541212,17.30493090616485
C04055,12.9934767,77.5972227,2,1,3.7287452028352464,7.457490405670493
C04056,12.8918219,77.5208883,4,3,5.3427431970052215,21.370972788020886
C04057,12.9917339,77.5706166,9,5,1.5582092240814878,14.02388301673339
C04058,12.949078,77.5978259,5,8,3.6858031050832234,18.429015525416116
C04059,12.9071543,77.5988211,7,8,1.9960453296736822,13.972317307715775
C04060,13.0982955,77.5727826,3,2,2.6232937565182928,7.869881269554878
C04061,12.9305952,77.6083105,6,8,2.914101001084555,17.48460600650733
C04062,12.9724406,77.6516385,4,1,2.6252770356304294,10.501108142521717
C04063,12.934309,77.629689,2,1,5.076094721071988,10.152189442143976
C04064,13.0341967,77.5682745,4,5,3.9773999402902502,15.909599761161001
C04065,12.9604284,77.7180829,2,7,0.7810983746890388,1.5621967493780775
C04066,13.0412727,77.5894782,2,2,4.200363828654197,8.400727657308394
C04067,13.0075627,77.548131,4,5,1.4483998979570547,5.793599591828219
C04068,12.9433373,77.5947264,4,8,2.9698448653954657,11.879379461581863
C04069,12.9510585,77.5939167,1,8,3.751136343529637,3.751136343529637
C04070,12.9366323,77.5740431,7,8,2.3101448645894003,16.171014052125802
C04071,12.9843377,77.7496869,5,7,3.5530745818428002,17.765372909214
C04072,13.0412801,77.5572981,2,5,4.624473310394756,9.248946620789512
C04073,13.0946489,77.5806369,1,2,1.8510048681603173,1.8510048681603173
C04074,13.0625424,77.4953754,3,5,9.789245985738626,29.36773795721588
C04075,13.0285232,77.5716015,2,5,3.503937286007533,7.007874572015066
C04076,12.9515691,77.7000494,4,7,2.9638732995961763,11.855493198384705
C04077,12.933972,77.6134152,3,8,3.579089918409967,10.737269755229901
C04078,12.9479063,77.5880012,1,8,3.282198550146237,3.282198550146237
C04079,12.9647132,77.7156028,3,7,0.9043684842893592,2.713105452868078
C04080,13.0664518,77.5967472,3,2,1.7571484130934836,5.2714452392804505
C04081,12.9786184,77.64187,5,1,1.4321097970080037,7.160548985040018
C04082,13.0218301,77.5532723,2,5,2.5374443669935793,5.074888733987159
C04083,12.9700372,77.6411107,11,1,1.7461537052660339,19.207690757926372
C04084,12.9793481,77.6448841,1,1,1.751455327502279,1.751455327502279
C04085,12.9806527,77.6971827,8,7,3.4081525053569224,27.26522004285538
C04086,13.0003553,77.5653984,3,5,0.7372374993041209,2.2117124979123624
C04087,13.0113635,77.5582777,6,5,1.3112447575834285,7.8674685455005715
C04088,12.9361931,77.6165834,4,8,3.99919429327718,15.99677717310872
C04089,12.9045073,77.4706865,7,3,3.860509996263659,27.023569973845614
C04090,13.0078062,77.5496417,3,5,1.3411430038678451,4.023429011603535
C04091,13.0137953,77.5485642,2,5,1.9225920412897544,3.8451840825795087
C04092,12.9697834,77.7125025,9,7,1.3699020154753168,12.32911813927785
C04093,12.985926,77.6688553,3,1,4.398099061981538,13.194297185944615
C04094,13.0180048,77.5559766,4,5,2.0663483627745456,8.265393451098182
C04095,13.0377564,77.5744454,8,5,4.565762223865705,36.52609779092564
C04096,12.9874754,77.7360728,2,7,2.861076306990371,5.722152613980742
C04097,12.9560845,77.7168358,5,7,1.212130167703116,6.0606508385155795
C04098,13.0291194,77.5639231,2,5,3.3254691634766447,6.650938326953289
C04099,13.0082479,77.6001048,3,1,4.399281601359067,13.1978448040772
C04100,12.9905405,77.5706858,3,5,1.6409860191073002,4.9229580573219005
C04101,13.0089068,77.656123,1,1,4.352598856287763,4.352598856287763
C04102,12.9245932,77.5648877,2,8,2.23491018263764,4.46982036527528
C04103,13.0980873,77.5676819,9,2,2.9666000210922063,26.699400189829856
C04104,12.9727751,77.5358031,6,5,3.8629029688844994,23.177417813306995
C04105,12.9951309,77.5921303,3,5,3.6655474676018125,10.996642402805438
C04106,12.9815161,77.6020789,4,1,2.901610117707976,11.606440470831904
C04107,12.8739661,77.5731914,3,8,5.075301133360057,15.22590340008017
C04108,12.9222998,77.6497961,9,4,3.261766184935679,29.355895664421112
C04109,13.0021174,77.5694554,3,5,1.206493482293394,3.619480446880182
C04110,12.8571436,77.4655706,4,3,8.767120775288763,35.06848310115505
C04111,12.9034095,77.7039508,7,4,4.925843903523,34.480907324661
C04112,13.0436723,77.5915405,2,2,3.9567991605208093,7.9135983210416185
C04113,13.0256971,77.5931352,10,5,4.732505351680571,47.32505351680571
C04114,12.9144055,77.6247856,1,4,4.373310522585512,4.373310522585512
C04115,12.9709569,77.7094617,10,7,1.7241281760893148,17.24128176089315
C04116,13.0268489,77.6041398,3,5,5.789452397557033,17.3683571926711
C04117,12.9716449,77.6574777,3,1,3.255697151405623,9.76709145421687
C04118,13.0972019,77.5834398,1,2,2.0365572137561845,2.0365572137561845
C04119,12.9126004,77.6329359,2,4,3.519532796246155,7.03906559249231
C04120,12.9785259,77.63308,2,1,0.5013122242577508,1.0026244485155016
C04121,12.9801263,77.6665968,2,1,4.106331194750603,8.212662389501206
C04122,13.0599809,77.5766833,3,2,2.3992717854865275,7.197815356459582
C04123,12.9361583,77.6146013,6,8,3.8111835720461977,22.867101432277188
C04124,13.0420008,77.5782619,4,2,4.219669865517673,16.878679462070693
C04125,12.9673986,77.6502082,4,1,2.722177630483105,10.88871052193242
C04126,12.9483194,77.5590235,2,8,4.3101334383873855,8.620266876774771
C04127,12.9525546,77.6400289,2,1,3.290758618836491,6.581517237672982
C04128,12.9651246,77.7138239,12,7,1.099218584939631,13.190623019275572
C04129,12.9529679,77.5721005,2,8,4.050471585028174,8.100943170056349
C04130,12.9168408,77.5851479,11,8,0.19217253159413886,2.1138978475355272
C04131,12.9827061,77.6251679,3,1,0.4824374089363574,1.4473122268090721
C04132,12.9007289,77.5874648,3,8,1.9884573443519467,5.96537203305584
C04133,12.8004439,77.7062826,7,4,11.577081098264946,81.03956768785463
C04134,12.9761424,77.5914393,8,1,4.077016705587575,32.6161336447006
C04135,12.9716229,77.7056171,3,7,2.1374002858685763,6.412200857605729
C04136,12.969969,77.5367476,3,5,4.044704868165908,12.134114604497725
C04137,12.9239653,77.5705721,3,8,1.6303154923531318,4.890946477059395
C04138,12.9028489,77.6694198,4,4,1.4226810161341286,5.690724064536514
C04139,13.0434244,77.6424087,6,1,7.158435605327262,42.95061363196357
C04140,12.9560341,77.7171016,3,7,1.1983766746972053,3.595130024091616
C04141,12.9121163,77.649952,5,4,2.2174534388671683,11.08726719433584
C04142,12.9575504,77.6551578,10,1,3.8036799480869536,38.03679948086953
C04143,13.1675994,77.624521,4,6,6.590578970009735,26.36231588003894
C04144,12.9704893,77.6422204,4,1,1.810168384049506,7.240673536198024
C04145,12.9314962,77.609838,1,8,3.107283226899366,3.107283226899366
C04146,13.0092738,77.5596937,1,5,1.085098662123086,1.085098662123086
C04147,12.9825838,77.6070336,4,1,2.3750849071634232,9.500339628653693
C04148,12.9796102,77.5107547,3,5,5.647826952615106,16.94348085784532
C04149,12.9289101,77.5914708,2,8,1.383051640615456,2.766103281230912
C04150,13.0017516,77.6253905,4,1,2.4186061615085155,9.674424646034062
C04151,12.9361971,77.5278756,3,3,3.814766406027843,11.444299218083529
C04152,13.0097767,77.4137476,7,3,12.203592097000863,85.42514467900604
C04153,13.0116873,77.6704407,4,1,5.713522419083902,22.854089676335608
C04154,12.9050128,77.648788,2,4,1.6535188090023218,3.3070376180046437
C04155,12.8756925,77.5958039,7,8,4.890199186255451,34.23139430378816
C04156,12.9570218,77.5659981,3,8,4.7179055861405566,14.15371675842167
C04157,13.1939965,77.5017962,5,2,15.719669117273583,78.59834558636791
C04158,12.9641605,77.7142226,2,7,1.0548452438189249,2.1096904876378497
C04159,12.9763917,77.6296215,2,1,0.4267715555212876,0.8535431110425752
C04160,12.9158807,77.649347,4,4,2.6199218395338026,10.47968735813521
C04161,12.9609648,77.6478475,3,1,2.9668134012396292,8.900440203718887
C04162,12.967139,77.7645981,5,7,4.424874921825257,22.124374609126285
C04163,12.9040828,77.5441927,3,8,4.656523152022192,13.969569456066576
C04164,13.00911,77.5382451,1,5,2.4568098583657414,2.4568098583657414
C04165,12.9718419,77.6358262,2,1,1.1973072808431136,2.394614561686227
C04166,12.958286,77.605196,6,1,3.5229984814922,21.1379908889532
C04167,13.0283523,77.650469,3,1,5.832010228963836,17.49603068689151
C04168,12.9549096,77.721061,3,7,1.1105562482866218,3.3316687448598654
C04169,12.9334937,77.7057784,7,7,3.9618382721654815,27.732867905158372
C04170,12.9231342,77.5642974,2,8,2.253554616845001,4.507109233690002
C04171,12.9681925,77.5455125,1,5,3.7502197119671767,3.7502197119671767
C04172,13.1731008,77.5640868,3,2,10.694157312700169,32.082471938100504
C04173,13.0321716,77.5699911,2,5,3.817443793658614,7.634887587317228
C04174,13.0262272,77.6308389,2,1,5.10492726095888,10.20985452191776
C04175,12.8766211,77.6391908,3,4,2.959984602510817,8.879953807532452
C04176,12.9122576,77.6375965,5,4,3.093394705475412,15.466973527377059
C04177,12.9227202,77.6144323,3,8,3.284617235848638,9.853851707545914
C04178,12.9237259,77.4987199,4,3,1.0691509317151302,4.276603726860521
C04179,12.8911686,77.5816939,12,8,3.0357063177130827,36.428475812557
C04180,12.9344924,77.6177435,3,8,4.022857253662243,12.06857176098673
C04181,12.9692595,77.6376972,4,1,1.5472020639148123,6.188808255659249
C04182,12.9999811,77.552513,2,5,0.6690983321430881,1.3381966642861762
C04183,12.990228,77.7129346,2,7,3.084364858023424,6.168729716046848
C04184,12.9287836,77.7569936,2,7,5.343873186914162,10.687746373828324
C04185,12.9248383,77.6674733,2,4,3.475700690285043,6.951401380570086
C04186,12.9373192,77.549336,4,8,4.351363075914911,17.405452303659644
C04187,13.03445,77.5779983,17,5,4.399149867777537,74.78554775221814
C04188,13.0055742,77.5809194,2,5,2.5072940884783126,5.014588176956625
C04189,12.9592984,77.7027271,2,7,2.3740967371591712,4.7481934743183425
C04190,12.9730402,77.6071348,3,1,2.477439130352238,7.4323173910567135
C04191,12.897393,77.6209332,4,4,4.204037086645431,16.816148346581723
C04192,12.9707518,77.7077384,4,7,1.8877786128856733,7.551114451542693
C04193,13.1039641,77.5739215,8,2,3.0934836652458686,24.74786932196695
C04194,13.070951,77.5899653,1,2,0.9613694600852454,0.9613694600852454
C04195,13.0496616,77.5925984,1,2,3.3189700744704087,3.3189700744704087
C04196,12.9061539,77.5802618,2,8,1.4371904064437786,2.874380812887557
C04197,13.0128664,77.5178149,7,5,4.672841464461926,32.70989025123348
C04198,12.9788461,77.7149222,1,7,1.8615561142410855,1.8615561142410855
C04199,12.9121757,77.6011666,1,8,1.9389807537031345,1.9389807537031345
C04200,12.9060961,77.7465615,5,7,6.920914509096584,34.604572545482924
C04201,13.0769735,77.5385696,4,2,5.262774007790717,21.051096031162867
C04202,12.9686524,77.6499541,2,1,2.6286579592023678,5.2573159184047356
C04203,12.9175302,77.6446851,2,4,3.0232987667000533,6.0465975334001065
C04204,12.9164394,77.6159496,2,8,3.4225849574119507,6.845169914823901
C04205,12.9185253,77.6704998,4,4,2.9220308155204813,11.688123262081925
C04206,12.9904292,77.5422438,2,5,2.0465645302270383,4.093129060454077
C04207,13.0191702,77.5852802,5,5,3.616413605690535,18.082068028452674
C04208,12.8910987,77.4136404,1,3,9.71879872488549,9.71879872488549
C04209,12.9735123,77.5804885,2,5,3.7289236840351645,7.457847368070329
C04210,13.014268,77.5737154,2,5,2.3096213231748264,4.619242646349653
C04211,12.99772,77.5416336,3,5,1.8588304638622242,5.576491391586672
C04212,12.9434316,77.5260074,2,3,3.809383947846751,7.618767895693502
C04213,13.0463318,77.4990643,6,5,8.287333800055398,49.724002800332386
C04214,12.9187985,77.6695326,1,4,2.908827380863978,2.908827380863978
C04215,13.0643232,77.5784595,3,2,1.8850347789625075,5.655104336887522
C04216,12.9201768,77.5838249,5,8,0.20406467356693866,1.0203233678346932
C04217,13.01763,77.5626229,12,5,2.0498893206831696,24.598671848198038
C04218,12.9650438,77.7145181,2,7,1.0234605455992485,2.046921091198497
C04219,12.9440384,77.7473129,4,7,3.4053390740021676,13.62135629600867
C04220,12.8394263,77.6615551,1,4,6.092160658673437,6.092160658673437
C04221,12.9256865,77.6872884,1,4,4.589719827207479,4.589719827207479
C04222,12.9250848,77.5797933,6,8,0.8940672774062317,5.36440366443739
C04223,12.9896556,77.5744213,3,5,2.02985129502941,6.089553885088231
C04224,13.0122119,77.6674544,8,1,5.497762343382831,43.98209874706265
C04225,13.0919148,77.4880629,1,2,10.829996774264652,10.829996774264652
C04226,12.9531282,77.6498692,5,1,3.767998228047281,18.839991140236407
C04227,12.9935502,77.7038859,12,7,3.8795632885617617,46.55475946274114
C04228,12.9742859,77.566349,4,5,2.9156303671702686,11.662521468681074
C04229,12.9369584,77.5486218,4,8,4.400825957652054,17.603303830608215
C04230,12.9386295,77.6334634,3,1,4.6249935302209035,13.87498059066271
C04231,13.1040433,77.5712208,1,2,3.2460249974682234,3.2460249974682234
C04232,12.9124985,77.5371878,9,8,5.178994439475708,46.61094995528137
C04233,13.1264958,77.5904864,2,2,5.255359119385581,10.510718238771162
C04234,12.9953339,77.5550415,5,5,0.6077021904776015,3.0385109523880076
C04235,12.8888998,77.5791519,1,8,3.3226283828165424,3.3226283828165424
C04236,12.989651,77.5377152,1,5,2.522440261469792,2.522440261469792
C04237,12.9321938,77.6860904,9,4,5.079647752492567,45.71682977243311
C04238,12.8616662,77.5299532,3,8,8.63686425691841,25.91059277075523
C04239,12.9897809,77.5880062,9,5,3.363122552908466,30.26810297617619
C04240,12.9754288,77.6072648,3,1,2.3926823441328837,7.178047032398651
C04241,12.9738391,77.6022734,1,1,2.960394537522366,2.960394537522366
C04242,12.9006028,77.6201862,6,4,4.326670937544721,25.960025625268326
C04243,12.9852735,77.7483356,2,7,3.5057366444116167,7.011473288823233
C04244,12.9044086,77.6913729,5,4,3.6307324291736762,18.15366214586838
C04245,12.925784,77.5839491,3,8,0.8134439171746198,2.4403317515238596
C04246,12.9403595,77.5458556,1,8,4.845706699888198,4.845706699888198
C04247,12.9957008,77.6169041,4,1,2.149594221545676,8.598376886182704
C04248,12.976277,77.6036223,15,1,2.763739746016373,41.456096190245596
C04249,12.9208019,77.5872302,5,8,0.39445880212091977,1.9722940106045987
C04250,12.9571037,77.7008753,3,7,2.635041155162159,7.905123465486477
C04251,13.0344195,77.5299516,7,5,4.962730551057084,34.73911385739959
C04252,12.9867899,77.5745807,4,5,2.2301206009952077,8.92048240398083
C04253,12.9477594,77.5684245,4,8,3.683368750251829,14.733475001007315
C04254,13.066734,77.5537943,2,2,3.85808780868974,7.71617561737948
C04255,12.9458189,77.5707129,4,8,3.3785269155455344,13.514107662182138
C04256,12.9834865,77.5515572,7,5,1.935341483909023,13.547390387363162
C04257,12.9380122,77.6265834,2,1,4.6712235849687715,9.342447169937543
C04258,12.9215986,77.6084916,9,8,2.6285860689272407,23.657274620345166
C04259,12.9205209,77.6850939,3,4,4.006815615121267,12.020446845363802
C04260,12.9680137,77.7065737,2,7,1.9233364366163013,3.8466728732326025
C04261,12.9073592,77.5982079,7,8,1.930093295677617,13.510653069743318
C04262,12.9053754,77.64933,3,4,1.6419548829924844,4.925864648977453
C04263,13.027047,77.5598253,6,5,3.049252273780608,18.295513642683648
C04264,13.0208584,77.5294589,3,5,3.952495862563834,11.857487587691502
C04265,12.8176285,77.6683209,3,4,8.554682458933353,25.66404737680006
C04266,12.9534505,77.5846776,5,8,3.8738177028246783,19.36908851412339
C04267,12.874931,77.648874,4,4,2.4484203080256135,9.793681232102454
C04268,12.9995804,77.550832,1,5,0.849665334424488,0.849665334424488
C04269,12.9638379,77.6432616,2,1,2.3953125464489218,4.7906250928978436
C04270,12.8926186,77.4574782,6,3,5.792675566265255,34.75605339759153
C04271,12.9838028,77.7489996,3,7,3.4578153800970783,10.373446140291236
C04272,12.9783646,77.6362045,2,1,0.8309185201761804,1.6618370403523608
C04273,12.9917884,77.5702636,1,5,1.523040569836013,1.523040569836013
C04274,12.9105508,77.4823586,2,3,2.6052974531419535,5.210594906283907
C04275,12.8271766,77.6824768,1,4,7.850509481342622,7.850509481342622
C04276,13.0583301,77.5916852,3,2,2.3587111916375285,7.0761335749125855
C04277,13.0067295,77.5642274,2,5,1.0007392576598526,2.001478515319705
C04278,13.0588929,77.5860351,2,2,2.2439571066262873,4.487914213252575
C04279,12.9658752,77.6143564,3,1,2.224414820362518,6.673244461087553
C04280,12.9141574,77.6130763,4,8,3.139572036006075,12.5582881440243
C04281,12.978862,77.6354661,14,1,0.7407299768414453,10.370219675780234
C04282,12.9217959,77.6337167,1,4,4.127577932720434,4.127577932720434
C04283,12.9643581,77.6417794,7,1,2.2477601553824833,15.734321087677383
C04284,12.9897303,77.595106,7,1,3.8051732861140346,26.636213002798243
C04285,12.9557846,77.7050853,2,7,2.2640017640826517,4.5280035281653035
C04286,12.9714762,77.5974347,4,1,3.535002375539142,14.140009502156568
C04287,12.9695714,77.5770767,2,5,3.871589165864134,7.743178331728268
C04288,13.0074887,77.5708352,4,5,1.5886978664495663,6.354791465798265
C04289,12.9755262,77.5868996,10,5,4.056268401723996,40.56268401723996
C04290,12.977231,77.6406799,5,1,1.3326945746993812,6.663472873496906
C04291,12.9233082,77.4997798,5,3,1.1751493419333459,5.875746709666729
C04292,12.9175358,77.5934343,2,8,0.975812807634077,1.951625615268154
C04293,12.9777644,77.5728494,1,5,2.8589723930158057,2.8589723930158057
C04294,13.0636474,77.5893505,3,2,1.7336802290958415,5.2010406872875246
C04295,12.9358578,77.5160132,8,3,2.536794000597149,20.294352004777192
C04296,13.0036253,77.6229463,1,1,2.673857235543007,2.673857235543007
C04297,12.9572235,77.655082,2,1,3.821430353510548,7.642860707021096
C04298,12.9758255,77.6447678,4,1,1.80150461450466,7.20601845801864
C04299,12.9598751,77.6384088,2,1,2.476853109331211,4.953706218662422
C04300,12.9593353,77.6385869,2,1,2.539194720162904,5.078389440325808
C04301,12.9566967,77.7028789,2,7,2.4449720199580844,4.889944039916169
C04302,12.9583032,77.5191866,1,3,4.095419825955416,4.095419825955416
C04303,12.9359939,77.6151031,2,8,3.848806077516029,7.697612155032058
C04304,13.0424185,77.5893069,5,2,4.072618518815406,20.36309259407703
C04305,13.0101222,77.5825387,1,5,2.8450791029789846,2.8450791029789846
C04306,12.990654,77.7004421,1,7,3.8550459873088183,3.8550459873088183
C04307,13.1315378,77.566651,2,2,6.20670866565167,12.41341733130334
C04308,12.9932748,77.569703,6,5,1.3839694224454626,8.303816534672777
C04309,12.9978617,77.4894408,3,3,7.342116858848793,22.026350576546378
C04310,12.9105574,77.6395934,2,4,2.806347076861987,5.612694153723974
C04311,12.9725377,77.6067238,3,1,2.5377220995727567,7.61316629871827
C04312,12.9250629,77.5453371,1,8,4.314350336284356,4.314350336284356
C04313,13.1982418,77.7137336,5,6,4.783965658101165,23.919828290505826
C04314,12.9500557,77.5843326,4,8,3.4980304530073396,13.992121812029358
C04315,12.9362282,77.61472,2,8,3.8262160035886406,7.652432007177281
C04316,12.9703746,77.6138732,7,1,1.9463475221869506,13.624432655308654
C04317,12.9595527,77.638381,2,1,2.5079903217160373,5.015980643432075
C04318,12.9143672,77.6774049,7,4,2.9399541247480228,20.57967887323616
C04319,12.9834184,77.7334811,4,7,2.3332027284247534,9.332810913699014
C04320,13.0196646,77.6550064,3,1,5.219025542955538,15.657076628866612
C04321,13.0060569,77.5651049,3,5,1.0062055742814553,3.018616722844366
C04322,13.0269319,77.579458,3,5,3.781627645783791,11.344882937351374
C04323,13.0358031,77.5255837,8,5,5.386481050831347,43.091848406650776
C04324,12.875302,77.5943821,2,8,4.895894961714879,9.791789923429757
C04325,12.9721734,77.5979993,2,1,3.455516996043981,6.911033992087962
C04326,13.0370143,77.6238732,7,2,6.143516228582035,43.004613600074244
C04327,13.0399458,77.5577474,2,5,4.475511513541612,8.951023027083224
C04328,12.9369895,77.5810697,6,8,2.085106467055869,12.510638802335215
C04329,12.8773486,77.6028031,11,8,4.965530124764554,54.62083137241009
C04330,12.9651861,77.7164438,3,7,0.8160069629713785,2.4480208889141357
C04331,12.9551639,77.5930683,5,8,4.1686612890012364,20.84330644500618
C04332,12.9453248,77.5277688,1,3,4.063015112758202,4.063015112758202
C04333,12.9838763,77.4788534,6,3,5.985449788985308,35.91269873391185
C04334,12.911762,77.637224,4,4,3.090275495655228,12.361101982620912
C04335,12.9271081,77.6226087,5,8,4.247705139338003,21.238525696690015
C04336,13.053787,77.7618285,2,7,10.70278473310508,21.40556946621016
C04337,12.9441289,77.5680437,1,8,3.3567243846477415,3.3567243846477415
C04338,13.0047163,77.5755228,5,5,1.91854084054176,9.5927042027088
C04339,13.0488156,77.6293638,1,2,5.690863672758068,5.690863672758068
C04340,12.9464594,77.5801001,3,8,3.136430298619532,9.409290895858597
C04341,12.9797207,77.6360198,6,1,0.7883328503223962,4.729997101934377
C04342,12.9242932,77.6505566,4,4,3.4470264063414784,13.788105625365914
C04343,12.9520466,77.5370399,13,3,5.28385439992446,68.69010719901797
C04344,12.9420124,77.5506918,7,8,4.5023610405246055,31.51652728367224
C04345,12.9256138,77.6763208,2,4,3.904769077446775,7.80953815489355
C04346,12.9938242,77.6647112,3,1,4.184643035803669,12.553929107411006
C04347,12.9459132,77.6401558,3,1,3.9869879084212663,11.960963725263799
C04348,12.9755682,77.60516,1,1,2.6130786129334065,2.6130786129334065
C04349,12.997278,77.5676474,2,5,1.0067560185887068,2.0135120371774136
C04350,12.9048811,77.6759314,2,4,2.1245486695929383,4.249097339185877
C04351,13.0117814,77.5439166,1,5,2.098033857376366,2.098033857376366
C04352,12.9837692,77.6083351,3,1,2.2543060623165694,6.762918186949708
C04353,12.9966783,77.5728746,3,5,1.5747993612876943,4.724398083863083
C04354,12.9109649,77.5792295,1,8,1.0072185453680178,1.0072185453680178
C04355,12.9679393,77.6074294,4,1,2.6827130939962993,10.730852375985197
C04356,12.9813383,77.636401,5,1,0.8385201542438138,4.192600771219069
C04357,12.9191848,77.6104644,4,8,2.820835618409393,11.283342473637571
C04358,12.908264,77.5641568,3,8,2.4799708222164543,7.439912466649362
C04359,12.9226146,77.6225721,5,8,4.15992269281396,20.7996134640698
C04360,12.9086588,77.6958342,5,4,4.246096428428979,21.230482142144893
C04361,12.9747854,77.6786161,4,7,5.048855678783891,20.195422715135564
C04362,13.0122681,77.6258602,2,1,3.568766057605311,7.137532115210622
C04363,12.9691861,77.7500145,4,7,2.8784144241701064,11.513657696680426
C04364,13.0254782,77.6197727,8,1,5.11126799661366,40.89014397290928
C04365,13.0373801,77.491124,2,5,8.443118312766957,16.886236625533915
C04366,12.9236267,77.5936767,14,8,1.1494954083889597,16.092935717445435
C04367,13.0161441,77.5633476,2,5,1.908837787042565,3.81767557408513
C04368,12.9625983,77.7132337,3,7,1.1810799357753141,3.5432398073259423
C04369,12.9162177,77.6153185,2,8,3.3559287776745124,6.711857555349025
C04370,12.9686047,77.6490795,4,1,2.5486540130588264,10.194616052235306
C04371,12.9548621,77.5821271,1,8,4.0382213112752225,4.0382213112752225
C04372,13.1946001,77.4228001,2,2,21.924531914473818,43.849063828947635
C04373,12.9811601,77.6102478,2,1,2.013981372880972,4.027962745761944
C04374,13.0705029,77.577765,4,2,1.386657975303846,5.546631901215384
C04375,12.9781479,77.636548,7,1,0.8729750595203101,6.110825416642171
C04376,13.1070086,77.5822775,5,2,3.1273397731580497,15.636698865790247
C04377,13.0554795,77.6023622,1,2,3.1036864431727116,3.1036864431727116
C04378,12.9914378,77.5708377,14,5,1.596398852574334,22.349583936040677
C04379,13.0334824,77.6090904,4,2,5.5931007895804825,22.37240315832193
C04380,12.978402,77.5721355,2,5,2.7578961318563966,5.515792263712793
C04381,12.9719661,77.6045506,4,1,2.7813272534312,11.1253090137248
C04382,13.1930437,77.6416147,4,6,5.642394484003824,22.569577936015296
C04383,12.9870121,77.5802165,2,5,2.7190936960086907,5.438187392017381
C04384,12.9472769,77.5799705,4,8,3.2280091544226095,12.912036617690438
C04385,12.982522,77.7605253,2,7,4.444071637816007,8.888143275632014
C04386,12.9949154,77.6959375,3,7,4.532649615714139,13.597948847142419
C04387,12.9700819,77.5890809,2,1,4.450774303996092,8.901548607992185
C04388,13.0020076,77.5713914,1,5,1.409064214497346,1.409064214497346
C04389,12.9701931,77.7123561,4,7,1.4039421919864021,5.6157687679456085
C04390,12.9366134,77.5483683,5,8,4.407662736842104,22.03831368421052
C04391,12.9567461,77.7319525,5,7,1.2258948876914377,6.129474438457189
C04392,12.9563227,77.5292473,6,3,4.787226802725064,28.723360816350382
C04393,12.9462926,77.4905969,4,3,1.6453748139907947,6.581499255963179
C04394,13.1411507,77.6827651,2,6,2.6832395272296727,5.3664790544593455
C04395,13.0000834,77.677375,6,1,5.718821696860389,34.312930181162336
C04396,12.9173556,77.5729061,1,8,1.2643774108216692,1.2643774108216692
C04397,12.9098297,77.5812542,2,8,1.0176027935553102,2.0352055871106205
C04398,12.9803446,77.6048118,2,1,2.601115728886998,5.202231457773996
C04399,12.9418935,77.6231805,7,1,4.278800387657089,29.951602713599623
C04400,13.0955845,77.4040747,6,5,19.861017847390837,119.16610708434501
C04401,12.9788178,77.6407507,5,1,1.30885677777885,6.54428388889425
C04402,12.9352983,77.6091104,7,8,3.258654098258122,22.810578687806853
C04403,12.9817301,77.6104468,2,1,1.996924069782563,3.993848139565126
C04404,13.0695626,77.6233527,4,2,4.082878856238658,16.33151542495463
C04405,12.8842357,77.5826768,3,8,3.792987879414291,11.378963638242872
C04406,12.9825453,77.6104302,6,1,2.008596668989988,12.05158001393993
C04407,13.0040972,77.6196347,3,1,2.8297578236768217,8.489273471030465
C04408,13.0083564,77.5469273,3,5,1.6054982128244792,4.816494638473438
C04409,12.9329075,77.5896812,5,8,1.695955539751736,8.47977769875868
C04410,12.9429714,77.5262823,6,3,3.820385401296683,22.922312407780097
C04411,12.9286393,77.7392563,2,7,4.308588297821721,8.617176595643443
C04412,12.9249818,77.5512039,3,8,3.6863794227664153,11.059138268299247
C04413,12.989869,77.676589,2,1,5.301200203642496,10.602400407284993
C04414,12.9495262,77.5894202,1,8,3.4806788545536462,3.4806788545536462
C04415,12.9316906,77.5555034,4,8,3.4722406405445794,13.888962562178317
C04416,13.0266999,77.5392993,5,5,3.66943486113165,18.34717430565825
C04417,13.0273271,77.5782409,4,5,3.7401947394763897,14.960778957905559
C04418,12.9079957,77.6011627,1,8,2.148368562109928,2.148368562109928
C04419,12.9700505,77.5367565,3,5,4.036842534573731,12.110527603721193
C04420,13.037817,77.6504617,1,1,6.803381405915366,6.803381405915366
C04421,12.9601605,77.5140431,9,3,3.8950842489921147,35.05575824092903
C04422,13.0268965,77.5799419,2,5,3.810097765736894,7.620195531473788
C04423,12.9379201,77.746349,8,7,3.822194353377307,30.577554827018457
C04424,12.9402159,77.5848933,6,8,2.409170190177404,14.455021141064424
C04425,12.9593821,77.5217937,2,3,4.379316516768641,8.758633033537283
C04426,12.9052092,77.6491024,2,4,1.64532565065773,3.29065130131546
C04427,12.9342254,77.5344569,4,3,4.50479855861583,18.01919423446332
C04428,13.0624812,77.6333112,2,2,5.351365785736703,10.702731571473405
C04429,12.997569,77.5505796,4,5,0.9033319792265513,3.613327916906205
C04430,13.0098235,77.6237272,2,1,3.3294689802308652,6.6589379604617305
C04431,12.9346877,77.6116748,1,8,3.45503126734976,3.45503126734976
C04432,13.1245955,77.548585,1,2,6.5349385560196405,6.5349385560196405
C04433,12.8720674,77.5724157,4,8,5.299696430324467,21.198785721297867
C04434,12.9162412,77.5925774,2,8,0.9110276711061397,1.8220553422122794
C04435,12.9602164,77.7218029,2,7,0.5313119483301182,1.0626238966602364
C04436,12.9803041,77.589034,5,5,3.923936051004917,19.619680255024583
C04437,13.0313957,77.6359521,8,1,5.7254472989374,45.8035783914992
C04438,12.8735988,77.5837422,3,8,4.965943346063681,14.897830038191042
C04439,13.0111037,77.5789387,3,5,2.5472005601045047,7.641601680313514
C04440,13.0010897,77.5714902,5,5,1.4034502478271542,7.017251239135771
C04441,12.9437544,77.6987618,1,7,3.572385907663215,3.572385907663215
C04442,12.9186803,77.5482356,4,8,3.9373121060757645,15.749248424303058
C04443,13.0635963,77.5884225,5,2,1.7275027848949818,8.63751392447491
C04444,12.9749503,77.6362628,5,1,0.9967065899675085,4.983532949837542
C04445,12.9586232,77.659583,1,1,4.107432754013317,4.107432754013317
C04446,12.8960361,77.57014,2,8,2.9306308137147656,5.861261627429531
C04447,12.9701077,77.5762618,2,5,3.7753405444148536,7.550681088829707
C04448,12.863507,77.5980576,4,8,6.2581316848461865,25.032526739384746
C04449,13.0115207,77.5565771,5,5,1.3470889152504892,6.735444576252446
C04450,13.0056949,77.6598137,9,1,4.398647414201081,39.58782672780973
C04451,12.9559345,77.6511086,2,1,3.6152288834710022,7.2304577669420045
C04452,12.959163,77.7182265,2,7,0.8588740237274569,1.7177480474549138
C04453,13.0338561,77.5686963,7,5,3.9534015880233704,27.67381111616359
C04454,12.9757173,77.5779843,4,5,3.3681609271672404,13.472643708668961
C04455,13.159032,77.7449217,8,6,6.512627013226132,52.10101610580906
C04456,13.0006827,77.5368362,4,5,2.372266107728743,9.489064430914972
C04457,12.916193,77.6053993,1,8,2.283472847338653,2.283472847338653
C04458,12.9454046,77.5712773,1,8,3.3104490152875954,3.3104490152875954
C04459,12.9399896,77.7470661,1,7,3.700875686479433,3.700875686479433
C04460,13.0571397,77.5932328,5,2,2.5271127372620987,12.635563686310494
C04461,12.9064781,77.590043,8,8,1.4561521277577871,11.649217022062297
C04462,12.9513197,77.5836359,12,8,3.639100496963141,43.66920596355769
C04463,12.9724038,77.6510675,6,1,2.5680974578767723,15.408584747260633
C04464,12.972965,77.6154539,7,1,1.6504172510972281,11.552920757680598
C04465,12.8001695,77.5084978,2,3,14.646482522937916,29.29296504587583
C04466,13.0762424,77.5050696,1,2,8.898109515561325,8.898109515561325
C04467,13.1580702,77.6248348,6,6,6.599890806193294,39.59934483715976
C04468,13.0012487,77.6162988,4,1,2.699088939425504,10.796355757702017
C04469,12.9363445,77.5927599,4,8,2.174034020378073,8.696136081512291
C04470,12.9774465,77.5931317,4,1,3.8806132021032025,15.52245280841281
C04471,12.9989088,77.6405368,4,1,2.4373359690445353,9.749343876178141
C04472,13.1835338,77.6707441,8,6,2.560752718727406,20.486021749819248
C04473,12.9989452,77.5497945,8,5,0.9643847503746268,7.715078002997014
C04474,13.0318548,77.5594657,5,5,3.579879732485977,17.899398662429885
C04475,13.00162,77.5846431,6,5,2.8299269121123944,16.979561472674366
C04476,12.9787032,77.5734664,5,5,2.8097585195277777,14.048792597638888
C04477,12.9760781,77.5525452,2,5,2.6787300637063334,5.357460127412667
C04478,13.0007264,77.5494271,6,5,1.0109404511300433,6.06564270678026
C04479,12.9808904,77.5968741,1,1,3.463673848876224,3.463673848876224
C04480,12.9814677,77.6084953,7,1,2.2059413379707604,15.441589365795323
C04481,13.0524531,77.6355902,1,2,6.042432759320459,6.042432759320459
C04482,12.9167221,77.6682331,4,4,2.6432795786911427,10.57311831476457
C04483,12.9484679,77.5811473,2,8,3.3420643441272837,6.684128688254567
C04484,12.9699668,77.6398927,5,1,1.6522106218931727,8.261053109465863
C04485,12.9967249,77.6616773,3,1,4.015518600887871,12.046555802663613
C04486,12.9067271,77.648918,1,4,1.7838995462206166,1.7838995462206166
C04487,12.9940705,77.5959367,4,1,3.8829587482525354,15.531834993010142
C04488,12.9981215,77.5404836,2,5,1.9789976621683656,3.957995324336731
C04489,13.011428,77.6766911,6,1,6.248487871005362,37.49092722603217
C04490,12.9757149,77.6024048,3,1,2.904262559665553,8.712787678996659
C04491,12.9943751,77.5527944,4,5,0.8544469430663358,3.4177877722653434
C04492,13.0413234,77.5489424,2,5,4.745568442822631,9.491136885645261
C04493,13.1072011,77.5756518,2,2,3.341965886413678,6.683931772827356
C04494,13.0148394,77.5716506,2,5,2.2051128017914947,4.410225603582989
C04495,13.0725613,77.6024947,6,2,1.830499803897473,10.982998823384838
C04496,13.002484,77.5669138,11,5,0.9540011642179941,10.494012806397935
C04497,12.8844869,77.7771561,2,7,10.580570949897297,21.161141899794593
C04498,12.9751265,77.603973,7,1,2.7490803986459937,19.243562790521956
C04499,12.9777076,77.5753452,1,5,3.018619692555264,3.018619692555264
C04500,12.9309944,77.4929837,1,3,0.06998007839120864,0.06998007839120864
C04501,12.9066349,77.586965,2,8,1.335580012136977,2.671160024273954
C04502,12.9295542,77.5801064,1,8,1.3178332638361765,1.3178332638361765
C04503,12.8920083,77.5789638,1,8,2.988472957983045,2.988472957983045
C04504,12.9448235,77.6188756,4,1,4.056054963965715,16.22421985586286
C04505,12.9377424,77.7472045,3,7,3.8969702144910796,11.690910643473238
C04506,12.9715331,77.6474559,4,1,2.241765772796588,8.967063091186352
C04507,12.8715193,77.5382252,5,8,7.227630903437272,36.13815451718636
C04508,12.9102705,77.6265538,4,4,3.9873150783317635,15.949260313327054
C04509,13.0044195,77.6231215,5,1,2.7550610825599495,13.775305412799748
C04510,12.8965246,77.5975594,3,8,2.8115991622172074,8.434797486651622
C04511,12.8571163,77.5410426,1,8,8.268412226438844,8.268412226438844
C04512,12.8882593,77.5820636,7,8,3.352876862339563,23.47013803637694
C04513,12.926903,77.6699239,2,4,3.7685432920340194,7.537086584068039
C04514,12.9446301,77.6949799,2,7,3.8390173319885057,7.678034663977011
C04515,12.9751904,77.6422986,3,1,1.5679994415010579,4.703998324503173
C04516,12.8876243,77.768004,2,7,9.767834623287113,19.535669246574226
C04517,13.0623962,77.5930084,2,2,1.964267653955004,3.928535307910008
C04518,12.9875473,77.7461837,4,7,3.510788328676503,14.043153314706013
C04519,13.0413777,77.5050224,4,5,7.439909382833626,29.759637531334505
C04520,12.9559516,77.7115294,2,7,1.6481994179130883,3.2963988358261767
C04521,13.0612215,77.5874562,2,2,1.984220367475615,3.96844073495123
C04522,13.1988142,77.7082325,7,6,4.4742083176051715,31.3194582232362
C04523,13.1546895,77.5400233,5,2,9.794429916925584,48.972149584627914
C04524,12.9630258,77.602156,14,1,3.456086385045992,48.38520939064389
C04525,13.093793,77.5712363,8,2,2.3586446380207997,18.869157104166398
C04526,13.0554387,77.6027095,7,2,3.127854833825342,21.894983836777392
C04527,12.9700304,77.7502059,1,7,2.9168997406386117,2.9168997406386117
C04528,12.9592805,77.7462612,6,7,2.493480162640935,14.960880975845608
C04529,12.9250932,77.6947328,3,4,5.113039836730291,15.339119510190873
C04530,12.941634,77.6229948,2,1,4.310124819590864,8.620249639181727
C04531,13.0292314,77.5787817,4,5,3.9476453248976715,15.790581299590686
C04532,12.9811543,77.6381219,6,1,1.0210608120011708,6.126364872007025
C04533,12.9254221,77.6194529,5,8,3.8732021597760404,19.366010798880204
C04534,12.9765061,77.600538,2,1,3.0915184633800132,6.1830369267600265
C04535,12.9548528,77.6052969,6,1,3.786843505859675,22.72106103515805
C04536,13.0268237,77.5862814,2,5,4.2568264567916465,8.513652913583293
C04537,12.9123058,77.6325653,4,4,3.5342592874764573,14.13703714990583
C04538,12.8386446,77.6617313,3,4,6.179350559885835,18.538051679657507
C04539,12.9763165,77.5942806,3,1,3.7683367104662944,11.305010131398884
C04540,12.9719846,77.6547785,6,1,2.9647187136361217,17.78831228181673
C04541,12.9061542,77.5911952,2,8,1.5437256203259693,3.0874512406519385
C04542,12.9702298,77.6439459,13,1,1.980177749793554,25.742310747316203
C04543,13.0295181,77.5648212,1,5,3.386848354933678,3.386848354933678
C04544,12.9782131,77.6306819,2,1,0.29875593972407893,0.5975118794481579
C04545,12.9103614,77.5991174,4,8,1.822951662415567,7.291806649662268
C04546,13.0511739,77.6213725,5,2,4.845915249548153,24.229576247740763
C04547,13.020102,77.7090994,3,7,6.358398818417075,19.075196455251223
C04548,12.945542,77.595102,3,8,3.2118762419521674,9.635628725856503
C04549,12.9813835,77.5753478,4,5,2.704334726137981,10.817338904551924
C04550,12.9737081,77.5515282,3,5,2.960538089136583,8.881614267409748
C04551,12.9044751,77.4879509,9,3,3.055484826983102,27.499363442847915
C04552,12.8917806,77.5792737,6,8,3.0066390429951766,18.03983425797106
C04553,12.9816919,77.6095569,6,1,2.0928299250176825,12.556979550106096
C04554,12.9688891,77.6362483,2,1,1.488065279841164,2.976130559682328
C04555,13.0400706,77.6248369,3,2,5.962314528019755,17.886943584059267
C04556,12.9285177,77.741304,3,7,4.411417109290048,13.234251327870144
C04557,13.0695087,77.603545,2,2,2.086386334366275,4.17277266873255
C04558,12.9671898,77.6422595,4,1,2.050422797002279,8.201691188009116
C04559,12.8837021,77.5486217,2,8,5.474837350218651,10.949674700437303
C04560,12.8225183,77.4104631,5,3,15.041776425503361,75.2088821275168
C04561,12.9703156,77.6400317,2,1,1.63733142938956,3.27466285877912
C04562,12.9966984,77.5613324,11,5,0.4265704324176625,4.692274756594288
C04563,13.1038287,77.5746321,2,2,3.0453724814210545,6.090744962842109
C04564,12.9114094,77.6403473,4,4,2.8059964063676555,11.223985625470622
C04565,13.0055316,77.56985,6,5,1.3848013593477926,8.308808156086755
C04566,13.0139701,77.5571942,2,5,1.607008603703572,3.214017207407144
C04567,12.9232307,77.5547094,6,8,3.2771982824873414,19.66318969492405
C04568,12.9894846,77.6639748,1,1,3.9586775103606557,3.9586775103606557
C04569,13.0289162,77.5435142,9,5,3.64521288988439,32.80691600895951
C04570,12.9983463,77.6206293,3,1,2.199084911780673,6.597254735342018
C04571,12.925021,77.5508875,2,8,3.7209182481752947,7.441836496350589
C04572,12.9948763,77.6282673,3,1,1.6304378924886138,4.891313677465842
C04573,12.8718349,77.7664552,6,7,11.254055066300497,67.52433039780298
C04574,12.9457828,77.6289521,2,1,3.805050258563389,7.610100517126778
C04575,12.9748588,77.5312369,2,5,4.03912239012926,8.07824478025852
C04576,12.924639,77.6890415,3,4,4.632548769700984,13.897646309102951
C04577,12.9886601,77.4753487,1,3,6.599096727072336,6.599096727072336
C04578,12.9284785,77.4867183,12,3,0.7705143662241162,9.246172394689394
C04579,12.9646268,77.6139096,2,1,2.3575870763582665,4.715174152716533
C04580,13.0155992,77.7624041,6,7,7.028549432658802,42.17129659595281
C04581,13.0309274,77.6356152,4,1,5.669185995991032,22.676743983964126
C04582,13.1115398,77.590945,2,2,3.6115317337090342,7.2230634674180685
C04583,12.8355682,77.6916336,3,4,7.389864615447703,22.16959384634311
C04584,12.9065159,77.5437703,6,8,4.6154280172244775,27.692568103346865
C04585,12.9391586,77.6892056,3,7,4.702090616473886,14.10627184942166
C04586,12.9747522,77.6329973,8,1,0.7538235834670637,6.0305886677365095
C04587,12.878082,77.5166827,7,3,6.458014108320526,45.206098758243684
C04588,12.9055051,77.630219,6,4,3.4109339586912872,20.46560375214772
C04589,12.9990827,77.6158796,2,1,2.5195633102742097,5.039126620548419
C04590,12.9329545,77.742744,2,7,4.049544634531515,8.09908926906303
C04591,12.8790144,77.7552642,2,7,10.060931717887232,20.121863435774465
C04592,12.9680842,77.6001011,4,1,3.387215261621997,13.548861046487987
C04593,12.9883661,77.7449096,5,7,3.485159689688613,17.425798448443064
C04594,13.0116328,77.5548584,1,5,1.40245978894198,1.40245978894198
C04595,12.9555887,77.7196162,3,7,1.0959300013061304,3.287790003918391
C04596,13.0059118,77.5488669,4,5,1.276655342947818,5.106621371791272
C04597,12.8917488,77.7496133,3,7,8.52724022199696,25.58172066599088
C04598,13.0273712,77.6043059,8,5,5.835163117574703,46.68130494059763
C04599,12.9744578,77.6099425,4,1,2.1391854178430285,8.556741671372114
C04600,12.9507168,77.6239711,8,1,3.30022499922379,26.40179999379032
C04601,13.0424677,77.6195106,3,2,5.377144513881272,16.131433541643815
C04602,12.9431126,77.5995158,6,8,3.179505024880164,19.077030149280983
C04603,12.930696,77.5817575,10,8,1.3872466562953891,13.87246656295389
C04604,13.1870345,77.5200736,8,2,13.97781600914508,111.82252807316064
C04605,13.088415,77.4479007,2,2,15.129880967127733,30.259761934255465
C04606,12.9783847,77.6366104,3,1,0.8732710723379034,2.61981321701371
C04607,12.9103023,77.6447735,3,4,2.3783537719435843,7.135061315830753
C04608,12.9657103,77.6068638,5,1,2.8659254545260175,14.329627272630088
C04609,12.9370062,77.6120888,5,8,3.6321719471907126,18.16085973595356
C04610,12.965952,77.5868682,2,1,4.813110336905269,9.626220673810538
C04611,12.97501,77.6074728,3,1,2.3813179249873695,7.1439537749621085
C04612,12.9349789,77.5366498,1,3,4.748211503624347,4.748211503624347
C04613,12.949095,77.7078158,9,7,2.446280045023868,22.016520405214813
C04614,13.0432754,77.42896,2,3,14.181471789160774,28.36294357832155
C04615,12.9839159,77.5972417,3,1,3.448007646286164,10.344022938858492
C04616,12.9481605,77.5807426,3,8,3.313358618393587,9.940075855180762
C04617,12.9204516,77.6860441,7,4,4.07356612971592,28.51496290801144
C04618,12.9069,77.562633,1,8,2.696654515297716,2.696654515297716
C04619,12.9260094,77.6752616,3,4,3.891688699202977,11.675066097608932
C04620,12.9999447,77.6161196,3,1,2.585516809832741,7.756550429498223
C04621,13.0712797,77.5898943,2,2,0.9245054029447003,1.8490108058894006
C04622,13.0682603,77.5541488,11,2,3.764747480775009,41.4122222885251
C04623,12.9557961,77.7130228,2,7,1.5294568879698272,3.0589137759396543
C04624,12.9584375,77.7155081,6,7,1.136835274454236,6.821011646725417
C04625,13.0218526,77.5327689,4,5,3.7424410753430744,14.969764301372297
C04626,12.9572071,77.7372155,8,7,1.6551019537973675,13.24081563037894
C04627,13.0075047,77.5546283,2,5,0.9858758129470723,1.9717516258941445
C04628,13.0078203,77.5639866,2,5,1.0852497825762586,2.170499565152517
C04629,12.966674,77.591952,7,1,4.266669335910416,29.866685351372915
C04630,12.9437743,77.5643702,4,8,3.5538858292247606,14.215543316899042
C04631,13.0299384,77.5607361,1,5,3.3742175687334157,3.3742175687334157
C04632,12.9687418,77.6499662,2,1,2.6250290905974283,5.250058181194857
C04633,13.073105,77.5998587,4,2,1.5452374636038335,6.180949854415334
C04634,13.0026033,77.6225474,6,1,2.575094734058034,15.450568404348203
C04635,12.9365034,77.6166785,2,8,4.0251293043739835,8.050258608747967
C04636,13.0494493,77.5970187,1,2,3.461286024914804,3.461286024914804
C04637,12.8721297,77.6686213,5,4,2.6582398138032204,13.291199069016102
C04638,12.97755,77.5455277,1,5,2.81919495739502,2.81919495739502
C04639,13.0058226,77.5694512,1,5,1.3631837691668707,1.3631837691668707
C04640,12.9332887,77.6148363,1,8,3.6808484300899122,3.6808484300899122
C04641,12.8604125,77.7772872,6,7,12.901922371534905,77.41153422920942
C04642,12.973637,77.675186,4,1,5.09027295079848,20.36109180319392
C04643,12.9604735,77.5593446,3,5,4.323144798213051,12.969434394639155
C04644,12.9232299,77.5819847,9,8,0.5947651045466747,5.352885940920073
C04645,12.9575968,77.5189881,5,3,4.024296138102643,20.121480690513213
C04646,12.997613,77.5509423,10,5,0.8639548316495315,8.639548316495315
C04647,12.9565763,77.5922448,1,8,4.302827208199469,4.302827208199469
C04648,12.9545191,77.6414375,3,1,3.153518197155025,9.460554591465074
C04649,12.9584017,77.7188803,1,7,0.8730356450639021,0.8730356450639021
C04650,12.9355376,77.5478534,3,8,4.405082889780062,13.215248669340188
C04651,12.9340215,77.6293735,3,1,5.107360330547883,15.322080991643649
C04652,12.9975844,77.5404666,5,5,1.9863815579559254,9.931907789779627
C04653,13.0376973,77.5595009,3,5,4.226514801548436,12.67954440464531
C04654,12.9789825,77.6757301,5,1,5.099531655093931,25.497658275469654
C04655,12.9479274,77.5879038,5,8,3.283309922445537,16.416549612227683
C04656,12.9190531,77.5970575,15,8,1.3655143308082953,20.48271496212443
C04657,12.9931914,77.6618949,3,1,3.874532687419499,11.623598062258496
C04658,12.91545,77.6102441,2,8,2.81549708924666,5.63099417849332
C04659,13.0177195,77.5712755,4,5,2.435558756902897,9.742235027611589
C04660,13.0000074,77.6191713,2,1,2.432106786512555,4.86421357302511
C04661,13.0978667,77.5963115,9,2,2.3050194174413474,20.745174756972126
C04662,12.9128919,77.7395687,3,7,5.9644116865531815,17.893235059659546
C04663,12.9700844,77.6095781,2,1,2.363169379600155,4.72633875920031
C04664,12.9173926,77.6491306,2,4,2.782009800268333,5.564019600536666
C04665,12.9102168,77.5971472,5,8,1.6488086268283344,8.244043134141672
C04666,13.1165088,77.5769527,3,2,4.278120832636754,12.834362497910261
C04667,12.9833919,77.6404162,2,1,1.3139009182294141,2.6278018364588283
C04668,13.0183652,77.5920975,11,5,4.186006744382316,46.04607418820547
C04669,12.9751601,77.6069719,2,1,2.4303157061199325,4.860631412239865
C04670,13.150146,77.6376987,3,6,5.42116973862231,16.26350921586693
C04671,13.0999885,77.5756287,5,2,2.6177720380810645,13.088860190405322
C04672,13.0086882,77.568951,1,5,1.5089612014440024,1.5089612014440024
C04673,13.0704737,77.5908156,5,2,1.0441942701593596,5.220971350796798
C04674,12.9418247,77.697192,2,7,3.840741414263974,7.681482828527948
C04675,13.028729,77.6320864,6,1,5.388964836054715,32.33378901632829
C04676,12.89708,77.5473364,2,8,4.677570926135377,9.355141852270753
C04677,12.930936,77.5153776,5,3,2.425329053267736,12.12664526633868
C04678,13.0085915,77.64736,7,1,3.739009799187275,26.173068594310923
C04679,12.9203863,77.4446976,6,3,5.394911605862952,32.369469635177715
C04680,12.845541,77.7783036,4,4,13.98987457317384,55.95949829269536
C04681,12.9998836,77.6778421,3,1,5.757214325094308,17.271642975282923
C04682,12.9449334,77.6196372,2,1,4.023151084745636,8.046302169491272
C04683,13.0421491,77.6134706,9,2,5.000836979466563,45.00753281519906
C04684,12.9136474,77.6377482,2,4,3.181506970615603,6.363013941231206
C04685,12.9447707,77.5966888,2,8,3.1996778970971285,6.399355794194257
C04686,12.9390746,77.5480968,5,8,4.563865996315167,22.819329981575834
C04687,13.0007892,77.5527658,2,5,0.6548987184937266,1.3097974369874532
C04688,12.8834353,77.5900912,2,8,3.9237651512444396,7.847530302488879
C04689,12.9853993,77.5454024,1,5,2.1248789143222755,2.1248789143222755
C04690,12.9584184,77.5629161,2,5,4.5733947343929975,9.146789468785995
C04691,13.0919137,77.7933976,3,6,14.272384670912253,42.81715401273676
C04692,12.9532525,77.57754,4,8,3.9251935950574626,15.70077438022985
C04693,13.0400484,77.6794318,6,1,8.613823467079866,51.682940802479195
C04694,13.0570278,77.6444364,5,2,6.694521181631814,33.472605908159075
C04695,12.9748467,77.479779,3,3,4.996408171295044,14.98922451388513
C04696,12.9284622,77.5178372,3,3,2.713840883213826,8.141522649641477
C04697,12.9859657,77.69436,5,7,3.991681899207536,19.958409496037678
C04698,13.0269847,77.5069007,8,5,6.3873857301144055,51.099085840915244
C04699,12.9659396,77.5949764,4,1,3.992094922548146,15.968379690192585
C04700,12.9342938,77.5660221,2,8,2.664117227024138,5.328234454048276
C04701,12.8705439,77.6595353,2,4,2.64348380819757,5.28696761639514
C04702,12.9759268,77.7268757,1,7,1.3006802087555338,1.3006802087555338
C04703,12.9464212,77.7469838,5,7,3.2075460257010118,16.03773012850506
C04704,12.9714867,77.5950542,5,1,3.7840537770040905,18.92026888502045
C04705,12.8799462,77.692241,5,4,3.8975936185115976,19.48796809255799
C04706,13.0306137,77.5364956,3,5,4.198838340085635,12.596515020256904
C04707,13.065306,77.5800479,9,2,1.7081575228030839,15.373417705227755
C04708,13.032254,77.6438151,2,1,5.993899027186043,11.987798054372085
C04709,13.0261947,77.6359666,6,1,5.155901861071429,30.935411166428576
C04710,13.0092422,77.5772807,3,5,2.289668008845907,6.869004026537721
C04711,12.8963244,77.5250177,2,3,5.226241791376883,10.452483582753766
C04712,13.0006314,77.6295661,5,1,2.2682350600022176,11.341175300011088
C04713,12.9629499,77.7507243,4,7,2.9144671039417607,11.657868415767043
C04714,13.0437112,77.6427715,4,1,7.197712775928655,28.79085110371462
C04715,13.006981,77.5484723,4,5,1.379897281828855,5.51958912731542
C04716,13.1947093,77.5728845,3,6,12.614410679439146,37.84323203831744
C04717,12.9753993,77.6036193,18,1,2.7808156347139996,50.05468142485199
C04718,12.9364329,77.583477,8,8,1.9931070849318602,15.944856679454881
C04719,12.9807685,77.6377098,6,1,0.9726915021725216,5.83614901303513
C04720,12.9230999,77.620393,4,8,3.931508110751952,15.726032443007808
C04721,12.9184375,77.5092496,7,3,2.285539020370963,15.998773142596741
C04722,13.0179754,77.5579088,5,5,2.044097076905104,10.220485384525519
C04723,13.0068508,77.5925937,3,5,3.7716136182414965,11.31484085472449
C04724,12.9067255,77.5634068,3,8,2.6324621169699522,7.897386350909857
C04725,12.8872525,77.5971792,3,8,3.718367596403926,11.155102789211778
C04726,12.9139881,77.6667861,1,4,2.3047659347412472,2.3047659347412472
C04727,12.9891957,77.663856,4,1,3.937982595968759,15.751930383875036
C04728,12.9387824,77.5530971,2,8,4.08482018868721,8.16964037737442
C04729,12.9058829,77.5649045,10,8,2.542123699894914,25.42123699894914
C04730,13.1040322,77.5921436,3,2,2.810817361567361,8.432452084702083
C04731,13.0421114,77.7444709,1,7,8.872614383010841,8.872614383010841
C04732,13.0577696,77.5950588,3,2,2.5215122991317744,7.564536897395323
C04733,12.9979918,77.569533,2,5,1.1923789450724485,2.384757890144897
C04734,12.924028,77.6403192,5,4,3.8846295040645282,19.42314752032264
C04735,13.0643337,77.6103455,4,2,3.015689065228303,12.062756260913211
C04736,12.9705889,77.7182064,6,7,0.9137226315370026,5.482335789222016
C04737,12.9230293,77.5867903,2,8,0.5642850624586291,1.1285701249172582
C04738,12.9363839,77.7502645,3,7,4.229783840330617,12.68935152099185
C04739,12.9175661,77.6319413,1,4,3.941653497877184,3.941653497877184
C04740,12.9727869,77.6139063,5,1,1.8082253016115086,9.041126508057543
C04741,12.9694604,77.5365594,5,5,4.102287144242226,20.51143572121113
C04742,12.9655869,77.5979365,5,1,3.7157195898361435,18.57859794918072
C04743,13.0636423,77.5891278,3,2,1.7308781868900234,5.19263456067007
C04744,12.9761408,77.7266485,4,7,1.317914940840431,5.271659763361724
C04745,12.9127062,77.6201668,10,8,3.925188060305753,39.25188060305753
C04746,13.021972,77.6378266,3,1,4.73217108657606,14.196513259728182
C04747,13.0208244,77.6369718,4,1,4.589081842916293,18.356327371665174
C04748,12.9732982,77.7098888,2,7,1.806816080913278,3.613632161826556
C04749,13.040834,77.6197195,2,2,5.529483018679131,11.058966037358262
C04750,12.9738966,77.6076934,4,1,2.3908428975204408,9.563371590081763
C04751,12.9869634,77.5755584,7,5,2.3016850704032055,16.111795492822438
C04752,12.9595311,77.7473898,3,7,2.606749631708188,7.820248895124564
C04753,12.9951676,77.5713153,3,5,1.4558930918588036,4.3676792755764104
C04754,12.9791847,77.5923487,2,1,3.9554538398473396,7.910907679694679
C04755,13.0047554,77.6628908,2,1,4.59714889220147,9.19429778440294
C04756,12.9419692,77.6193404,4,1,4.349380642552644,17.397522570210576
C04757,12.9822166,77.6385392,1,1,1.0846219330699198,1.0846219330699198
C04758,12.8747348,77.7665176,8,7,10.964927146268792,87.71941717015034
C04759,12.9776892,77.5747972,2,5,2.98495505044381,5.96991010088762
C04760,12.9747413,77.5972019,6,1,3.479192441857738,20.875154651146428
C04761,12.9830458,77.6062156,1,1,2.4694354660523357,2.4694354660523357
C04762,13.1027911,77.5535516,5,2,4.476641660677609,22.383208303388045
C04763,12.9035771,77.557286,5,8,3.382605734165038,16.91302867082519
C04764,13.0092311,77.5728206,4,5,1.8754473046557887,7.501789218623155
C04765,12.8944928,77.5687546,2,8,3.1555232376081386,6.311046475216277
C04766,13.0113498,77.6621426,4,1,5.004698691896471,20.018794767585884
C04767,12.9658715,77.5943909,1,1,4.053522071604512,4.053522071604512
C04768,12.9751002,77.6025315,3,1,2.9030573499752714,8.709172049925815
C04769,12.9503965,77.5833821,7,8,3.537777902888826,24.764445320221782
C04770,12.9660703,77.6369131,6,1,1.792323429776609,10.753940578659655
C04771,13.0552036,77.6018338,3,2,3.0993760042543115,9.298128012762934
C04772,12.9857934,77.5957495,2,1,3.6386807459888146,7.277361491977629
C04773,12.9751927,77.614784,5,1,1.6148234168847562,8.074117084423781
C04774,12.9836621,77.6392171,3,1,1.1985376393016687,3.5956129179050063
C04775,12.9739266,77.7106923,1,7,1.7736872961095,1.7736872961095
C04776,12.9599742,77.6365539,6,1,2.388478691748505,14.330872150491029
C04777,13.0346822,77.526541,3,5,5.224743239525223,15.674229718575669
C04778,12.9113914,77.6378892,8,4,3.008209359366411,24.06567487493129
C04779,13.0678231,77.5934744,2,2,1.4354269094051229,2.8708538188102457
C04780,12.9482486,77.7047648,1,7,2.7536177495057372,2.7536177495057372
C04781,12.9687063,77.7499548,4,7,2.863000739739027,11.452002958956108
C04782,12.9187238,77.6701231,4,4,2.9257791208068205,11.703116483227282
C04783,12.9381163,77.7466734,1,7,3.828100355764445,3.828100355764445
C04784,12.9396048,77.5853855,2,8,2.343129719472907,4.686259438945814
C04785,12.8279703,77.6910677,23,4,8.114982017099269,186.6445863932832
C04786,12.9077406,77.6406576,3,4,2.5243023031270275,7.572906909381082
C04787,12.862134,77.7717946,6,7,12.471738830883499,74.830432985301
C04788,12.9976424,77.6964763,2,7,4.723799150523629,9.447598301047258
C04789,12.9166305,77.5730685,1,8,1.2572029236627413,1.2572029236627413
C04790,13.0725169,77.5564198,3,2,3.4004186573326978,10.201255971998094
C04791,13.0027162,77.6089174,3,1,3.2987670136544485,9.896301040963346
C04792,12.9974681,77.5491837,3,5,1.053422265511389,3.1602667965341666
C04793,12.969143,77.7500091,3,7,2.876988541165284,8.630965623495852
C04794,12.9668606,77.6824469,4,7,4.5112688538068495,18.045075415227398
C04795,12.9914937,77.5709372,3,5,1.6019119864990727,4.805735959497218
C04796,13.0072186,77.5484909,1,5,1.3941904440733963,1.3941904440733963
C04797,12.9322462,77.5894525,5,8,1.6186619777608562,8.093309888804281
C04798,12.9958011,77.5398855,1,5,2.0790711862853843,2.0790711862853843
C04799,13.072543,77.6030995,1,2,1.8916716768267756,1.8916716768267756
C04800,12.9591465,77.6555759,6,1,3.7251839327258973,22.351103596355383
C04801,12.9376941,77.6270393,5,1,4.704153145328701,23.520765726643504
C04802,12.9264405,77.6000111,3,8,1.9024247751754244,5.7072743255262735
C04803,12.9726426,77.5354418,1,5,3.8993885741167893,3.8993885741167893
C04804,12.9633833,77.7097519,2,7,1.5447172103711901,3.0894344207423803
C04805,13.0116909,77.5468543,3,5,1.8589880828127123,5.576964248438137
C04806,12.987472,77.4932536,1,3,6.181709439966237,6.181709439966237
C04807,12.9398646,77.6959322,2,7,4.086885328119849,8.173770656239698
C04808,12.9790025,77.6354936,5,1,0.7408208830640427,3.7041044153202134
C04809,13.0043631,77.5613035,9,5,0.6077309408318929,5.469578467487036
C04810,12.9386047,77.6292569,2,1,4.599896968234001,9.199793936468001
C04811,13.1065018,77.534616,6,2,6.44223728261003,38.65342369566018
C04812,12.9629127,77.4751834,1,3,3.969424539606436,3.969424539606436
C04813,12.9694399,77.6936418,5,7,3.3329528069769747,16.664764034884875
C04814,13.0101195,77.5554142,2,5,1.2246444136879284,2.449288827375857
C04815,12.9142984,77.6126914,4,8,3.0959075721445664,12.383630288578265
C04816,12.9167011,77.5931305,3,8,0.957399040855261,2.8721971225657827
C04817,13.0120097,77.7647816,8,7,6.876695730633163,55.0135658450653
C04818,13.037942,77.62326,2,2,6.022259194854551,12.044518389709102
C04819,13.0647695,77.5173242,5,2,7.72829770911291,38.64148854556455
C04820,13.0711687,77.5905193,3,2,0.9608167585999559,2.882450275799868
C04821,13.1927473,77.642135,3,6,5.577195242857261,16.731585728571783
C04822,13.0704704,77.5909793,3,2,1.0516630523190402,3.1549891569571207
C04823,12.8899069,77.6391631,2,4,2.2673316217046025,4.534663243409205
C04824,13.0224361,77.6308334,3,1,4.685674292764586,14.057022878293758
C04825,13.0822398,77.5604872,3,2,2.899346514228007,8.69803954268402
C04826,12.9516284,77.5211658,4,3,3.7710138806110085,15.084055522444034
C04827,12.9378469,77.6055974,4,8,3.1395805875947045,12.558322350378818
C04828,12.9932236,77.5391579,6,5,2.2287250032039765,13.372350019223859
C04829,12.8903178,77.6389484,6,4,2.280578318807577,13.683469912845462
C04830,12.9472484,77.5669962,2,8,3.7106216071146463,7.421243214229293
C04831,12.9589489,77.5683821,6,5,4.613622396184803,27.681734377108818
C04832,12.9659959,77.6143222,1,1,2.217563981172014,2.217563981172014
C04833,12.8918925,77.579749,5,8,2.9851316262977257,14.925658131488628
C04834,12.9595627,77.6570671,5,1,3.8253414663454675,19.12670733172734
C04835,12.8909043,77.5978268,1,8,3.3757843600837054,3.3757843600837054
C04836,13.0691864,77.5617103,4,2,2.959181557494977,11.836726229979908
C04837,12.9976818,77.5468391,2,5,1.2991472540063413,2.5982945080126827
C04838,12.8873851,77.5620496,2,8,4.2153632293613095,8.430726458722619
C04839,12.940781,77.5730429,9,8,2.7665835365429414,24.899251828886474
C04840,12.9641627,77.6616683,2,1,3.986132111604474,7.972264223208948
C04841,13.0258878,77.5246982,2,5,4.701449000450746,9.402898000901493
C04842,12.975998,77.5948369,4,1,3.7125461023917006,14.850184409566802
C04843,12.9954417,77.6724794,5,1,5.037517923841839,25.187589619209195
C04844,12.9754599,77.6247364,3,1,0.6797923703234114,2.0393771109702343
C04845,12.9105609,77.6271039,8,4,3.9481962846840433,31.585570277472346
C04846,12.9055067,77.5938367,5,8,1.7558350042840836,8.779175021420418
C04847,12.8575059,77.6634011,1,4,4.108386056681109,4.108386056681109
C04848,13.1170344,77.6355731,2,2,6.734314694391598,13.468629388783196
C04849,12.8735904,77.5428076,2,8,6.719832542298212,13.439665084596424
C04850,12.9133852,77.6256151,5,4,4.238803431134955,21.194017155674775
C04851,12.9505253,77.6243086,1,1,3.3156072734933035,3.3156072734933035
C04852,12.9070046,77.5618404,20,8,2.767398474010238,55.34796948020477
C04853,12.9858371,77.5557672,5,5,1.5471590624541856,7.735795312270928
C04854,12.9238084,77.6474994,4,4,3.505275333907196,14.021101335628783
C04855,13.0241723,77.5861882,8,5,4.046284971132808,32.37027976906246
C04856,12.964871,77.5811502,17,5,4.546838018106191,77.29624630780525
C04857,12.9721284,77.6092578,6,1,2.2972443265181006,13.783465959108604
C04858,12.9673883,77.718698,6,7,0.649830151558567,3.898980909351402
C04859,12.9778855,77.6277954,4,1,0.27274969025968365,1.0909987610387346
C04860,12.9161421,77.6309745,3,4,3.923504800666957,11.77051440200087
C04861,12.9711937,77.6007788,2,1,3.19673390875097,6.39346781750194
C04862,12.91112,77.641479,2,4,2.6939451123728575,5.387890224745715
C04863,13.0259281,77.5932942,2,5,4.76181401291038,9.52362802582076
C04864,12.921876,77.620493,1,8,3.9269112962645654,3.9269112962645654
C04865,12.9756648,77.697396,3,7,3.1331311378670805,9.399393413601242
C04866,12.9403644,77.5253986,1,3,3.642898117940152,3.642898117940152
C04867,12.9930232,77.5508501,4,5,1.1118880239428552,4.447552095771421
C04868,12.9325517,77.5756331,3,8,1.833310204450214,5.499930613350642
C04869,13.071089,77.5895275,4,2,0.932010820830916,3.728043283323664
C04870,12.9077568,77.5708499,2,8,1.8968636803382612,3.7937273606765225
C04871,12.8929817,77.4586961,29,3,5.675010463293381,164.57530343550803
C04872,12.937033,77.5756045,9,8,2.271812314388458,20.446310829496124
C04873,13.1047489,77.5663546,1,2,3.614189270604344,3.614189270604344
C04874,12.9599473,77.7476376,4,7,2.62372993781539,10.49491975126156
C04875,12.9718444,77.6406043,2,1,1.5800741627622927,3.1601483255245855
C04876,12.9382517,77.6313962,2,1,4.6474188069945415,9.294837613989083
C04877,12.9476325,77.5413592,1,3,5.53610008267782,5.53610008267782
C04878,12.9947154,77.608659,4,1,2.71375753012722,10.85503012050888
C04879,12.9639432,77.6118784,2,1,2.5659883056467763,5.1319766112935525
C04880,13.0455601,77.505529,7,5,7.6953506521595125,53.86745456511659
C04881,12.9216416,77.5142194,7,3,2.5501883940821646,17.851318758575154
C04882,13.0114137,77.5566431,9,5,1.3342204657218506,12.007984191496655
C04883,13.1937291,77.6497301,2,6,4.975389755061348,9.950779510122697
C04884,12.924274,77.5680927,5,8,1.8940186259531724,9.470093129765862
C04885,12.9926115,77.6225898,5,1,1.5334442668482995,7.667221334241497
C04886,12.9372774,77.6266203,2,1,4.752261759159594,9.504523518319187
C04887,12.8438488,77.421585,2,3,12.433885424966645,24.86777084993329
C04888,12.9069046,77.6040856,10,8,2.481783811730639,24.817838117306387
C04889,12.9756295,77.5500736,4,5,2.8042649238413926,11.21705969536557
C04890,12.9737319,77.6076492,5,1,2.400773317321546,12.00386658660773
C04891,12.9827789,77.6405257,2,1,1.3086338671648272,2.6172677343296544
C04892,12.9643385,77.7487181,1,7,2.6914138704964308,2.6914138704964308
C04893,13.0630617,77.5929373,2,2,1.8922737755420767,3.7845475510841533
C04894,12.9092276,77.5630344,3,8,2.5444342714236163,7.633302814270849
C04895,12.9263886,77.6068291,2,8,2.579034444804897,5.158068889609794
C04896,13.0554001,77.6028356,3,2,3.1389018577850063,9.416705573355019
C04897,12.8995288,77.6311971,1,4,3.128014218442896,3.128014218442896
C04898,12.8985408,77.6753792,2,4,1.7808223324756887,3.5616446649513773
C04899,12.9237102,77.6514948,5,4,3.357270614661648,16.78635307330824
C04900,12.9845372,77.5543971,5,5,1.7221723456349063,8.610861728174532
C04901,12.9914123,77.6117329,3,1,2.230218064788954,6.6906541943668625
C04902,12.96814,77.6511259,2,1,2.7674553505375115,5.534910701075023
C04903,12.9760718,77.60261,2,1,2.875833646979944,5.751667293959888
C04904,12.9803772,77.6411265,3,1,1.3414656520655635,4.02439695619669
C04905,12.914482,77.5643032,5,8,2.236302015830298,11.18151007915149
C04906,12.9694446,77.6828532,6,7,4.492753981278641,26.956523887671846
C04907,12.9702183,77.6099621,2,1,2.319429374930066,4.638858749860132
C04908,12.9655488,77.6096213,1,1,2.633762336322711,2.633762336322711
C04909,12.8435732,77.6122941,4,4,7.615866418515123,30.46346567406049
C04910,12.958515,77.5609724,2,5,4.546234901807917,9.092469803615835
C04911,12.835936,77.6847058,2,4,7.028460646741042,14.056921293482084
C04912,12.9856124,77.5959326,8,1,3.6157006593240855,28.925605274592684
C04913,12.9179833,77.5903119,6,8,0.6336082779027337,3.801649667416402
C04914,13.0278875,77.5559789,4,5,3.1531111308216166,12.612444523286467
C04915,12.9874465,77.5385632,1,5,2.5584300375857794,2.5584300375857794
C04916,13.0188653,77.7089194,4,7,6.231130802108031,24.924523208432124
C04917,12.989273,77.5551359,7,5,1.1973764911970255,8.381635438379178
C04918,13.0809941,77.5806644,3,2,0.7194017894549741,2.1582053683649223
C04919,12.8789971,77.5456985,9,8,6.068452089871066,54.61606880883959
C04920,12.9059935,77.5421849,8,8,4.796930904054281,38.37544723243425
C04921,12.8770584,77.6034138,11,8,5.021746936045692,55.23921629650261
C04922,12.9809011,77.7347881,4,7,2.16124449062394,8.64497796249576
C04923,13.0816847,77.5596415,5,2,2.9840694778696486,14.920347389348244
C04924,12.970143,77.6477134,9,1,2.3360589799173566,21.02453081925621
C04925,13.045969,77.5561862,5,2,4.967766279718333,24.838831398591665
C04926,12.956397,77.5921935,2,8,4.282274125169513,8.564548250339026
C04927,13.0703462,77.5555305,2,2,3.5529184961736378,7.1058369923472755
C04928,13.0066416,77.5488104,4,5,1.3280411919582757,5.312164767833103
C04929,12.9119488,77.6351796,1,4,3.2793726220277,3.2793726220277
C04930,13.0246071,77.6033127,3,5,5.58570094122862,16.75710282368586
C04931,12.9060555,77.5898068,7,8,1.4887469194782563,10.421228436347794
C04932,12.9431647,77.5415743,1,8,5.403637580981677,5.403637580981677
C04933,12.8718026,77.5785586,10,8,5.204184981226708,52.041849812267074
C04934,12.9685305,77.5843965,7,5,4.424372386847611,30.970606707933275
C04935,12.9546272,77.7051109,2,7,2.3192910646268494,4.638582129253699
C04936,12.9724681,77.5367183,5,5,3.8263984964735935,19.131992482367966
C04937,12.9605516,77.7169138,3,7,0.8804435156298095,2.6413305468894284
C04938,12.9114044,77.6156456,8,8,3.471205972558929,27.76964778047143
C04939,12.9824904,77.5960278,7,1,3.5639608963649954,24.947726274554967
C04940,12.9256932,77.5773127,1,8,1.1182022290594424,1.1182022290594424
C04941,13.0666447,77.6048094,5,2,2.3749967146185362,11.874983573092681
C04942,13.020785,77.6435221,3,1,4.774092079937145,14.322276239811437
C04943,13.0666891,77.5957734,4,2,1.6740728526302704,6.696291410521082
C04944,12.9745598,77.6031318,2,1,2.8515376964789367,5.7030753929578735
C04945,12.9081036,77.6403808,11,4,2.5722125134426768,28.294337647869444
C04946,13.0695997,77.5560764,7,2,3.5198987583990005,24.639291308793002
C04947,12.8417945,77.6465222,2,4,5.994760812448518,11.989521624897035
C04948,13.1991952,77.7085698,1,6,4.5296289744035345,4.5296289744035345
C04949,12.9821833,77.6239416,3,1,0.5703530417011172,1.7110591251033518
C04950,12.9524939,77.5837914,5,8,3.768654784588718,18.84327392294359
C04951,13.0231271,77.6028605,4,5,5.462956483063442,21.851825932253767
C04952,12.9805241,77.5750066,8,5,2.7516723577490274,22.01337886199222
C04953,12.9652714,77.5985205,6,1,3.674237157272358,22.045422943634147
C04954,12.9747196,77.608474,7,1,2.2841919362162404,15.989343553513683
C04955,12.8891888,77.6028432,4,8,3.8031604147409004,15.212641658963602
C04956,13.0240047,77.5449572,1,5,3.0911483534740514,3.0911483534740514
C04957,13.0056874,77.5682864,3,5,1.2479631509678435,3.7438894529035305
C04958,12.9787745,77.6415553,7,1,1.3961953683663706,9.773367578564594
C04959,13.0249104,77.6034717,3,5,5.617400115129776,16.852200345389328
C04960,12.9598702,77.6147257,5,1,2.714354422679473,13.571772113397365
C04961,12.9285393,77.7413989,3,7,4.4136743040365,13.2410229121095
C04962,12.9306682,77.5817807,2,8,1.3837020870427423,2.7674041740854847
C04963,12.9821515,77.6387449,3,1,1.1049999581265695,3.3149998743797084
C04964,12.9690078,77.5750942,4,5,3.8200246840345624,15.28009873613825
C04965,12.8920226,77.5809341,2,8,2.951341742118003,5.902683484236006
C04966,12.904414,77.6760495,3,4,2.1077310101359488,6.323193030407847
C04967,12.9621049,77.7014185,2,7,2.4590026221729877,4.918005244345975
C04968,12.9697214,77.5757325,7,5,3.7838100734005042,26.48667051380353
C04969,12.9984527,77.5576884,3,5,0.1586248688547881,0.4758746065643643
C04970,12.9062783,77.6274095,9,4,3.726511582040677,33.53860423836609
C04971,13.0014136,77.628881,10,1,2.353211792604667,23.532117926046674
C04972,13.0248018,77.6995195,3,7,7.178497344116754,21.535492032350263
C04973,13.0116589,77.5554132,2,5,1.38873409740597,2.77746819481194
C04974,13.0282899,77.5714773,1,5,3.4748751886803313,3.4748751886803313
C04975,12.9622366,77.7489062,1,7,2.7237041518197747,2.7237041518197747
C04976,13.0248867,77.6034992,1,5,5.618673764718612,5.618673764718612
C04977,12.9313348,77.6851945,9,4,4.946199073175822,44.515791658582394
C04978,12.8756821,77.5954793,4,8,4.882583403945886,19.530333615783544
C04979,13.0085108,77.6944731,4,7,5.824421234945456,23.297684939781824
C04980,12.9789913,77.6393703,1,1,1.1577907772688456,1.1577907772688456
C04981,12.8525231,77.5877651,1,8,7.306832863235149,7.306832863235149
C04982,12.9794216,77.75129,6,7,3.3968472144213364,20.381083286528018
C04983,13.0993114,77.5239815,4,2,7.195084416270592,28.780337665082367
C04984,12.9756125,77.592195,3,1,4.002429788628156,12.007289365884468
C04985,13.0337466,77.6288822,5,1,5.932381852535458,29.661909262677288
C04986,13.1548531,77.7172842,10,6,3.6637782967209573,36.637782967209574
C04987,13.1012756,77.7989494,3,6,14.22813038351556,42.68439115054668
C04988,13.0042469,77.550715,3,5,1.0084543514054611,3.0253630542163834
C04989,12.8378867,77.6563564,4,4,6.2680644980746045,25.072257992298418
C04990,12.9510923,77.6227055,18,1,3.2839582593815537,59.111248668867965
C04991,12.9341751,77.6170762,1,8,3.942339645215797,3.942339645215797
C04992,12.934946,77.6034812,5,8,2.7534434522425393,13.767217261212696
C04993,12.824726,77.5853751,3,8,10.375572103911628,31.12671631173488
C04994,12.9438068,77.542,5,8,5.400411424607582,27.00205712303791
C04995,13.0704391,77.5911308,2,2,1.0616302703849254,2.123260540769851
C04996,12.922344,77.6498026,3,4,3.2661672808886273,9.798501842665882
C04997,12.8326743,77.55296,5,8,10.093978224644518,50.46989112322259
C04998,12.9568006,77.5697604,29,8,4.536107464448422,131.54711646900424
C04999,12.9998157,77.5518975,6,5,0.7346999096445527,4.408199457867316
C05000,12.9394907,77.6257893,2,1,4.513141082307093,9.026282164614186
C05001,12.8354228,77.679878,2,4,6.8952865355140665,13.790573071028133
C05002,12.9068787,77.5997761,2,8,2.0963794538550764,4.192758907710153
C05003,12.9563694,77.7312035,1,7,1.2006061799338008,1.2006061799338008
C05004,13.0496063,77.5534585,3,2,4.894094898157206,14.682284694471619
C05005,12.8656114,77.5809675,6,8,5.861949349196624,35.17169609517974
C05006,12.9159987,77.6321739,1,4,3.8114443828497304,3.8114443828497304
C05007,12.9657365,77.6015719,7,1,3.3566287676605575,23.496401373623904
C05008,12.9261315,77.5847369,5,8,0.8501366998326698,4.250683499163349
C05009,12.9529414,77.5857395,2,8,3.8198002154178363,7.639600430835673
C05010,12.9908548,77.6192753,3,1,1.570158360261364,4.710475080784092
C05011,12.9070372,77.5455784,10,8,4.4107955116365645,44.107955116365645
C05012,12.971045,77.5962612,6,1,3.67059354120823,22.02356124724938
C05013,12.8734534,77.4484346,3,3,8.057374175047007,24.17212252514102
C05014,12.836157,77.6873708,3,4,7.123909233760162,21.371727701280484
C05015,13.0015283,77.6236361,4,1,2.4306678406468567,9.722671362587427
C05016,13.0080359,77.4847652,2,5,8.075662622685506,16.151325245371012
C05017,12.9408732,77.5471975,1,8,4.749581243823923,4.749581243823923
C05018,12.9748951,77.5755559,14,5,3.285725494406763,46.00015692169468
C05019,12.9699633,77.6411137,4,1,1.7516618269956126,7.00664730798245
C05020,13.0014529,77.6327548,4,1,2.3968602564715717,9.587441025886287
C05021,13.0011127,77.6241167,3,1,2.3742641262466155,7.122792378739847
C05022,12.9728155,77.6076162,2,1,2.4361315433567428,4.8722630867134855
C05023,12.8413312,77.662315,3,4,5.885103384380585,17.655310153141755
C05024,13.0075446,77.5656197,1,5,1.1657867238534116,1.1657867238534116
C05025,12.9380763,77.5338279,16,3,4.484503378515184,71.75205405624294
C05026,13.0383119,77.5891333,1,2,4.52544115011919,4.52544115011919
C05027,13.1218944,77.6257197,2,2,6.326979603519398,12.653959207038795
C05028,12.9612682,77.6375507,2,1,2.297801768321165,4.59560353664233
C05029,12.9844532,77.556936,8,5,1.6786138180070398,13.428910544056318
C05030,12.9350964,77.5606731,3,8,3.1755610201044067,9.52668306031322
C05031,12.9086523,77.6492157,1,4,1.9325575671044988,1.9325575671044988
C05032,13.0636264,77.5879642,8,2,1.7205040410016907,13.764032328013526
C05033,12.9251129,77.5797928,6,8,0.8966530955340255,5.379918573204153
C05034,12.9834356,77.7530214,5,7,3.788456507177902,18.94228253588951
C05035,12.975073,77.6067982,5,1,2.450877264053097,12.254386320265485
C05036,12.9967365,77.6138478,18,1,2.4481355158598794,44.06643928547783
C05037,12.9657251,77.5350046,15,5,4.537599254931542,68.06398882397313
C05038,12.9863076,77.7811915,2,7,6.667719258038848,13.335438516077696
C05039,13.0599618,77.5063468,10,5,8.774318136819135,87.74318136819134
C05040,12.9812426,77.6017892,4,1,2.9316202748943083,11.726481099577233
C05041,12.9384282,77.6317924,5,1,4.630765870089285,23.153829350446426
C05042,12.9388779,77.61893,1,8,4.36911430728074,4.36911430728074
C05043,13.0395465,77.4997629,3,5,7.777357683062175,23.332073049186526
C05044,12.9512351,77.6993442,2,7,3.0487733428106494,6.097546685621299
C05045,13.0254978,77.5931058,6,5,4.716502866278455,28.299017197670732
C05046,12.993314,77.4995913,7,5,6.448240275843953,45.137681930907675
C05047,12.9066765,77.5772915,1,8,1.5205117755221018,1.5205117755221018
C05048,12.9713439,77.6348117,3,1,1.1753675865753093,3.526102759725928
C05049,12.9699848,77.6477388,7,1,2.3468385117015327,16.427869581910727
C05050,12.9197456,77.6674573,3,4,2.932422836898646,8.797268510695938
C05051,13.0282784,77.5715263,6,5,3.4758422682579577,20.855053609547745
C05052,12.9591122,77.5764973,4,8,4.583502079992219,18.334008319968877
C05053,12.9591233,77.6615546,4,1,4.2529944195397364,17.011977678158946
C05054,13.0129231,77.5756959,3,5,2.3705289284592403,7.111586785377721
C05055,13.0144757,77.5736759,1,5,2.322913908835609,2.322913908835609
C05056,13.0312837,77.5909518,2,5,4.964328158898356,9.928656317796712
C05057,12.9732858,77.6169907,5,1,1.487960525154229,7.4398026257711445
C05058,13.0979448,77.5960808,3,2,2.301993094576156,6.905979283728469
C05059,13.17011,77.5501067,3,2,10.836713465324758,32.510140395974275
C05060,13.1683987,77.5587809,2,2,10.34428765771094,20.68857531542188
C05061,12.9752727,77.5995395,3,1,3.219116142873373,9.65734842862012
C05062,12.9747309,77.6061706,7,1,2.52597324913556,17.68181274394892
C05063,12.9818956,77.5599551,3,5,1.9563226123226556,5.8689678369679665
C05064,12.9665618,77.4587909,1,3,5.365349857217365,5.365349857217365
C05065,12.9734041,77.653684,6,1,2.8059038887746635,16.83542333264798
C05066,12.9867569,77.6470711,3,1,2.1166955263905347,6.350086579171604
C05067,13.010227,77.6576206,3,1,4.5703960695596155,13.711188208678847
C05068,12.9157368,77.6452596,10,4,2.8225785835043724,28.225785835043723
C05069,13.0674781,77.5542288,3,2,3.7851798075051426,11.355539422515427
C05070,12.9916348,77.5709185,4,5,1.5916010382238233,6.366404152895293
C05071,13.0250141,77.5856289,1,5,4.065766110017116,4.065766110017116
C05072,12.9609477,77.7137677,3,7,1.172830880416923,3.518492641250769
C05073,12.9682273,77.5885244,5,1,4.564406792549643,22.822033962748215
C05074,12.9772183,77.724899,1,7,1.4076682988386608,1.4076682988386608
C05075,13.0129567,77.5513675,4,5,1.6844745323426922,6.737898129370769
C05076,12.846473,77.6776488,4,4,5.661292096811081,22.645168387244325
C05077,12.9868952,77.7459285,3,7,3.439471635659638,10.318414906978914
C05078,12.9186427,77.6304656,7,4,4.140914687536805,28.986402812757632
C05079,12.9565676,77.5292018,4,3,4.798716271501996,19.194865086007983
C05080,12.9573491,77.6551061,9,1,3.814168609865066,34.327517488785595
C05081,12.9835824,77.5289448,2,5,3.6765650000110655,7.353130000022131
C05082,12.9806131,77.5581149,4,5,2.0940570592798853,8.376228237119541
C05083,13.0822105,77.5422422,4,2,4.870598393026595,19.48239357210638
C05084,12.8890673,77.6512336,2,4,1.078335606142322,2.156671212284644
C05085,13.0288047,77.5710204,6,5,3.507901384293613,21.047408305761678
C05086,12.938541,77.4485,17,3,4.8968230351037345,83.24599159676349
C05087,12.9445873,77.7469127,3,7,3.332481894245185,9.997445682735556
C05088,12.9358214,77.6012679,5,8,2.6479400789014806,13.239700394507404
C05089,12.9509774,77.6230906,4,1,3.2883230106111263,13.153292042444505
C05090,13.0638295,77.5871557,2,2,1.6950265966842004,3.390053193368401
C05091,12.9423039,77.6174893,1,1,4.365450979451472,4.365450979451472
C05092,13.1728522,77.5642789,2,2,10.662555240403078,21.325110480806156
C05093,13.013001,77.5676212,1,5,1.7809544991751012,1.7809544991751012
C05094,12.9478373,77.5970782,11,8,3.5276798031061407,38.80447783416755
C05095,12.9226084,77.5846459,3,8,0.46003858423220984,1.3801157526966294
C05096,12.9606712,77.5750586,3,5,4.654525172893372,13.963575518680116
C05097,12.9731121,77.6111799,6,1,2.0627949161534667,12.3767694969208
C05098,12.9854032,77.5952791,2,1,3.6819408449533677,7.363881689906735
C05099,12.9745197,77.58422,2,5,3.919041177039555,7.83808235407911
C05100,12.9783538,77.6358664,3,1,0.7956218750354067,2.3868656251062204
C05101,12.9476859,77.5801036,7,8,3.2706236546022143,22.8943655822155
C05102,12.960621,77.7212568,5,7,0.5218661765862835,2.6093308829314177
C05103,12.980531,77.7088952,4,7,2.408145778376334,9.632583113505335
C05104,13.0053923,77.5713352,4,5,1.52152010933063,6.08608043732252
C05105,12.9217794,77.5852464,4,8,0.37688913638026345,1.5075565455210538
C05106,12.9808515,77.6377051,4,1,0.972866499012093,3.891465996048372
C05107,12.9682121,77.5303413,2,5,4.632660013456324,9.265320026912647
C05108,13.1059842,77.598925,3,2,3.240044386383843,9.720133159151528
C05109,12.9558427,77.6936301,2,7,3.427795662810935,6.85559132562187
C05110,12.990442,77.5644097,4,5,1.1832578393648658,4.733031357459463
C05111,12.8909456,77.5955611,2,8,3.2735763374432096,6.547152674886419
C05112,12.860491,77.7795082,20,7,13.00434620151224,260.0869240302448
C05113,12.9167942,77.5869781,3,8,0.32619983045156137,0.978599491354684
C05114,12.872803,77.6541333,1,4,2.46404135473915,2.46404135473915
C05115,13.0627373,77.5923307,3,2,1.9051523351638262,5.715457005491478
C05116,13.0048439,77.5817075,5,5,2.5701151067534274,12.850575533767136
C05117,12.9875015,77.5800593,11,5,2.6770836894524646,29.44792058397711
C05118,12.9652886,77.537287,2,5,4.4432772509672205,8.886554501934441
C05119,13.0503903,77.6079829,1,2,3.912124666127984,3.912124666127984
C05120,12.9026989,77.5447306,6,8,4.656863601495988,27.941181608975924
C05121,12.8470693,77.6622473,1,4,5.250424677689306,5.250424677689306
C05122,12.9371095,77.5198627,2,3,2.9737150459595503,5.9474300919191005
C05123,12.9721257,77.6542468,3,1,2.904982916119257,8.71494874835777
C05124,12.9107273,77.5829611,3,8,0.8714990407749295,2.6144971223247886
C05125,13.0181912,77.5578127,5,5,2.068402813591664,10.34201406795832
C05126,12.9869767,77.5494164,2,5,1.7133243579886064,3.4266487159772128
C05127,12.9378414,77.6272417,3,1,4.687030758341751,14.061092275025253
C05128,12.894433,77.5683437,3,8,3.1854374531186154,9.556312359355847
C05129,12.9062407,77.5787048,4,8,1.4911419873414098,5.964567949365639
C05130,13.0345054,77.5895751,4,2,4.94876026374004,19.79504105496016
C05131,12.96923,77.6058767,5,1,2.7641275619290027,13.820637809645014
C05132,12.9749123,77.6014559,6,1,3.0216436612888815,18.12986196773329
C05133,12.8099055,77.4890328,4,3,13.479418030871077,53.91767212348431
C05134,12.9868199,77.5386829,5,5,2.584436043991143,12.922180219955715
C05135,13.0154219,77.6334862,1,1,3.9372765905070337,3.9372765905070337
C05136,12.9733553,77.6383481,3,1,1.283569138595466,3.850707415786398
C05137,12.9308067,77.5764424,5,8,1.6229970609313897,8.11498530465695
C05138,12.9078534,77.601101,6,8,2.151280370526817,12.907682223160903
C05139,12.8889432,77.5627011,2,8,4.0339587210456385,8.067917442091277
C05140,12.9848056,77.7485569,2,7,3.490412277360296,6.980824554720592
C05141,13.0036865,77.6225968,2,1,2.6896430907482953,5.379286181496591
C05142,12.9039101,77.5079723,5,3,3.4690793168567224,17.345396584283613
C05143,13.0230092,77.6370539,7,1,4.828220562944259,33.79754394060981
C05144,12.926672,77.6335707,2,4,4.548442481574578,9.096884963149156
C05145,12.9760978,77.6407677,6,1,1.3776005965179972,8.265603579107983
C05146,12.9164396,77.5925822,4,8,0.905872225715167,3.623488902860668
C05147,13.0532831,77.4838143,3,5,10.069370975409326,30.208112926227976
C05148,13.1063672,77.6021473,3,2,3.431807071291203,10.29542121387361
C05149,12.9060628,77.5895222,6,8,1.4763012295923394,8.857807377554037
C05150,12.974344,77.5712299,4,5,3.1032630396837404,12.413052158734962
C05151,12.9677111,77.6001692,16,1,3.39696340110061,54.35141441760976
C05152,12.9132184,77.6322623,2,4,3.618683970019651,7.237367940039302
C05153,12.9341449,77.6155709,5,8,3.794830087864769,18.974150439323843
C05154,12.9725478,77.6402224,2,1,1.5015375869629939,3.0030751739259878
C05155,12.9231359,77.6672743,2,4,3.2878824329163643,6.575764865832729
C05156,12.9512236,77.7174249,3,7,1.6345202401166203,4.903560720349861
C05157,12.9831817,77.6927116,4,7,3.9683216491752353,15.873286596700941
C05158,13.0232316,77.6370445,26,1,4.852222364364659,126.15778147348112
C05159,12.9677163,77.633611,3,1,1.4738437253295176,4.4215311759885525
C05160,13.0016562,77.596687,2,5,4.134471193832843,8.268942387665685
C05161,12.9569748,77.5689944,4,8,4.584033738209689,18.336134952838755
C05162,12.9145417,77.6123374,1,8,3.0539627873179787,3.0539627873179787
C05163,12.8994579,77.6308711,3,4,3.1614477642032623,9.484343292609786
C05164,13.0654481,77.7412386,3,7,11.328265905820043,33.984797717460125
C05165,12.9774246,77.6417172,6,1,1.4375303264691517,8.62518195881491
C05166,12.9876972,77.5986435,7,1,3.375453133853772,23.628171936976404
C05167,12.9669433,77.5965194,2,1,3.794519221695907,7.589038443391814
C05168,13.0062045,77.6506157,3,1,3.7333324447832448,11.199997334349735
C05169,12.968095,77.7500291,2,7,2.8608694845930964,5.721738969186193
C05170,12.9950251,77.5870076,2,5,3.1171234576531663,6.234246915306333
C05171,12.9654204,77.641732,4,1,2.1541695549190902,8.616678219676361
C05172,12.9207133,77.6871884,1,4,4.182443760805925,4.182443760805925
C05173,13.0838329,77.6365975,2,2,5.404936887507973,10.809873775015946
C05174,12.9561298,77.7309743,2,7,1.2047618946922019,2.4095237893844037
C05175,12.9331294,77.7426468,5,7,4.027501774684898,20.137508873424487
C05176,12.9891599,77.5559116,12,5,1.1853087600842325,14.22370512101079
C05177,12.9886463,77.4880192,1,3,6.335218049216819,6.335218049216819
C05178,13.0180558,77.6185833,1,1,4.338737327338064,4.338737327338064
C05179,12.9876421,77.5151107,3,5,4.906587873849502,14.719763621548505
C05180,13.0421646,77.6135614,3,2,5.0050965646259895,15.015289693877968
C05181,12.9890394,77.449469,4,3,7.922646720931571,31.690586883726283
C05182,12.8479772,77.6500721,2,4,5.24312294380606,10.48624588761212
C05183,12.9826672,77.6381036,3,1,1.050523270391779,3.151569811175337
C05184,12.9962218,77.6174002,4,1,2.1648804186899038,8.659521674759615
C05185,12.9514719,77.5774905,7,8,3.7330613524349814,26.13142946704487
C05186,12.9211878,77.7364373,1,7,4.987612829003419,4.987612829003419
C05187,12.8876381,77.5525922,3,8,4.861920269362181,14.585760808086544
C05188,13.0904834,77.4090124,4,5,19.107291603659192,76.42916641463677
C05189,12.9804171,77.5969495,2,1,3.454658427382745,6.90931685476549
C05190,12.9371352,77.619779,11,8,4.353398294177001,47.88738123594702
C05191,12.9562218,77.6371896,2,1,2.802631065157246,5.605262130314492
C05192,12.9739954,77.50948,3,3,5.017750510040807,15.053251530122422
C05193,12.9365132,77.5716891,5,8,2.4350371294275157,12.175185647137578
C05194,13.0518169,77.5944722,2,2,3.1309691843575487,6.261938368715097
C05195,12.8598469,77.6081337,1,4,6.76784871681397,6.76784871681397
C05196,12.9735078,77.6068776,2,1,2.488127487159201,4.976254974318402
C05197,12.9659703,77.6370127,7,1,1.807290262313812,12.651031836196685
C05198,12.9791395,77.7512477,3,7,3.3777770535167475,10.133331160550242
C05199,12.9607243,77.568668,2,5,4.430048594687592,8.860097189375184
C05200,13.0468704,77.5758244,6,2,3.773143568221329,22.638861409327973
C05201,12.931911,77.7362569,3,7,3.852046833496274,11.556140500488821
C05202,13.0751312,77.6016233,2,2,1.6457671628837287,3.2915343257674574
C05203,12.9320273,77.6854454,4,4,5.0249227838216,20.0996911352864
C05204,13.0705985,77.5903831,6,2,1.0136834820317544,6.082100892190526
C05205,12.9587702,77.565213,18,5,4.566805711073491,82.20250279932284
C05206,12.9415883,77.5641917,6,8,3.3789697951021935,20.27381877061316
C05207,12.9412292,77.6966422,7,7,3.9290420414093727,27.503294289865607
C05208,12.9679881,77.5961781,2,1,3.7860561413690044,7.572112282738009
C05209,12.9963577,77.6566257,2,1,3.5156503525871736,7.031300705174347
C05210,12.9197243,77.6214149,3,8,4.011192449139662,12.033577347418985
C05211,12.958884,77.6599587,4,1,4.124164970369385,16.49665988147754
C05212,12.9386526,77.6973755,2,7,4.065149172659654,8.130298345319307
C05213,12.8568494,77.588979,3,8,6.8366704287226385,20.510011286167916
C05214,12.9332156,77.5572739,4,8,3.377300346451061,13.509201385804245
C05215,12.9100092,77.6351171,4,4,3.162799566235186,12.651198264940744
C05216,12.9707705,77.7253157,5,7,0.706130788816641,3.5306539440832054
C05217,12.9525488,77.7058831,4,7,2.36672673741457,9.46690694965828
C05218,12.9137236,77.6664546,2,4,2.265064061692178,4.530128123384356
C05219,12.9956042,77.5506849,2,5,0.9682466273713296,1.9364932547426592
C05220,13.0245883,77.6371856,1,1,5.002662652366675,5.002662652366675
C05221,13.0029761,77.5532144,12,5,0.7038370546221462,8.446044655465755
C05222,13.0119804,77.5558204,3,5,1.4128915559527717,4.238674667858315
C05223,13.0006563,77.5683609,3,5,1.060470013796192,3.1814100413885757
C05224,12.9429386,77.5460608,2,8,4.975956994998332,9.951913989996664
C05225,12.9646068,77.5839621,26,5,4.741584680710916,123.28120169848381
C05226,12.8423414,77.6611031,2,4,5.768018103191151,11.536036206382303
C05227,12.9106722,77.6294978,2,4,3.724161838648577,7.448323677297154
C05228,12.9568492,77.6986001,4,7,2.878950618815666,11.515802475262664
C05229,12.9707744,77.6084331,5,1,2.439985972619134,12.19992986309567
C05230,12.9690423,77.575894,6,5,3.857995188480734,23.147971130884404
C05231,13.0335135,77.5688007,12,5,3.9201273647003982,47.04152837640478
C05232,12.9856045,77.4020585,5,3,11.543923263869818,57.719616319349086
C05233,13.1039053,77.5737172,2,2,3.0979693248514915,6.195938649702983
C05234,13.000923,77.6241112,3,1,2.353878470729087,7.061635412187261
C05235,12.9217633,77.5970268,4,8,1.408989697272975,5.6359587890919
C05236,13.0096996,77.5760799,14,5,2.200948062882762,30.813272880358667
C05237,12.9767746,77.6009404,1,1,3.044416436940149,3.044416436940149
C05238,13.0637481,77.6390309,8,2,5.895835030597165,47.16668024477732
C05239,12.9770467,77.6406776,4,1,1.3375566206685896,5.350226482674358
C05240,13.0581249,77.5877178,6,2,2.3276654232244405,13.965992539346644
C05241,13.0008505,77.6239891,3,1,2.3489349101100228,7.046804730330068
C05242,12.9771317,77.5759938,2,5,3.111916258603829,6.223832517207658
C05243,13.0553978,77.603267,6,2,3.1649553772117165,18.989732263270298
C05244,12.8791173,77.7626535,5,7,10.349497101849776,51.74748550924888
C05245,13.0384932,77.520588,7,5,5.973363703094263,41.81354592165984
C05246,12.9736229,77.6070067,3,1,2.4709836634540525,7.412950990362157
C05247,12.9672282,77.6482951,2,1,2.557406239943933,5.114812479887866
C05248,13.0663696,77.5972154,1,2,1.7952906955729757,1.7952906955729757
C05249,12.9256225,77.5646676,6,8,2.2945477438337067,13.76728646300224
C05250,12.9784887,77.6301129,4,1,0.23507359287502688,0.9402943715001075
C05251,12.8751043,77.7666425,2,7,10.933597445228727,21.867194890457455
C05252,13.0179922,77.6534479,2,1,4.97173835360516,9.94347670721032
C05253,12.9755654,77.575714,2,5,3.234221677938961,6.468443355877922
C05254,12.9250335,77.6666247,1,4,3.475042196422657,3.475042196422657
C05255,12.8933895,77.6368614,2,4,2.4641157299499827,4.9282314598999655
C05256,13.0018471,77.6234912,2,1,2.46863536605941,4.93727073211882
C05257,12.9392334,77.6191718,2,8,4.411986666372365,8.82397333274473
C05258,12.9228274,77.5571312,2,8,3.010487308245692,6.020974616491384
C05259,12.9880048,77.5769334,1,5,2.3580370090005167,2.3580370090005167
C05260,12.9750892,77.7509276,14,7,3.155316106572541,44.17442549201557
C05261,13.0502935,77.6172414,8,2,4.57757217356832,36.62057738854656
C05262,12.9892743,77.5559849,2,5,1.171059625817363,2.342119251634726
C05263,12.9992083,77.550269,4,5,0.9114211718718728,3.645684687487491
C05264,12.9146917,77.6760958,4,4,2.8760098443774424,11.50403937750977
C05265,12.9005095,77.5704067,8,8,2.507320624929128,20.058564999433024
C05266,12.9361681,77.6164919,2,8,3.9891812152856247,7.9783624305712495
C05267,13.151207,77.6201961,7,6,7.2245948469523125,50.572163928666185
C05268,13.0241863,77.5960574,2,5,4.8918347604423635,9.783669520884727
C05269,12.9878104,77.5809833,1,5,2.748266576788759,2.748266576788759
C05270,12.9471013,77.6852391,6,7,4.623232877748374,27.739397266490244
C05271,12.9372989,77.6058501,8,8,3.118768269734662,24.950146157877295
C05272,12.9036289,77.7039978,20,4,4.93579810947186,98.7159621894372
C05273,13.0338944,77.5269378,1,5,5.131125224600949,5.131125224600949
C05274,12.9896967,77.7327065,5,7,2.943642540487369,14.718212702436846
C05275,12.9593929,77.6383584,2,1,2.523074553044107,5.046149106088214
C05276,13.0258004,77.714279,6,7,6.862484348810347,41.17490609286208
C05277,13.0862728,77.5289229,1,2,6.353161612573405,6.353161612573405
C05278,12.9286,77.7415646,1,7,4.415380362525643,4.415380362525643
C05279,12.9745775,77.6393436,2,1,1.3032804066619033,2.6065608133238065
C05280,12.953972,77.5919591,4,8,4.014130389271775,16.0565215570871
C05281,12.9745442,77.6388615,2,1,1.2592496381138372,2.5184992762276743
C05282,12.9763403,77.6214901,5,1,0.8962424515121127,4.481212257560563
C05283,12.9824207,77.6075193,7,1,2.3206860838845222,16.244802587191657
C05284,13.1025862,77.5959906,5,2,2.771780190457156,13.85890095228578
C05285,13.1770592,77.5901491,10,6,10.39610946982822,103.9610946982822
C05286,12.9989026,77.7375086,4,7,4.079953116176547,16.31981246470619
C05287,12.9017823,77.6779575,1,4,2.160920604289584,2.160920604289584
C05288,13.0139649,77.57891,9,5,2.71785426313245,24.460688368192052
C05289,12.9728503,77.6091975,2,1,2.273644979361675,4.54728995872335
C05290,12.9607609,77.4906546,6,3,3.23558381472447,19.41350288834682
C05291,12.8043966,77.697234,10,4,10.774848534624718,107.74848534624718
C05292,12.9224408,77.5144605,5,3,2.5370881098404356,12.685440549202179
C05293,12.969708,77.5897971,1,1,4.386282319638358,4.386282319638358
C05294,12.9829662,77.6064877,2,1,2.439009941444917,4.878019882889834
C05295,12.9725024,77.5986612,8,1,3.3767783004669605,27.014226403735684
C05296,12.9009278,77.5986641,3,8,2.476066598204747,7.42819979461424
C05297,12.8893554,77.5817524,4,8,3.2348749345576735,12.939499738230694
C05298,13.1030959,77.4916565,6,2,10.681495218343759,64.08897131006256
C05299,12.9648136,77.7485341,5,7,2.6715160488330447,13.357580244165224
C05300,13.0152255,77.7018342,4,7,6.102539059188255,24.41015623675302
C05301,12.981476,77.5956359,3,1,3.600096715841592,10.800290147524777
C05302,12.9051908,77.5647732,3,8,2.5966063601317524,7.789819080395257
C05303,12.9157223,77.6321773,6,4,3.7920588991576434,22.75235339494586
C05304,12.9167484,77.589557,5,8,0.5810517738358972,2.905258869179486
C05305,12.9886368,77.6842948,3,7,5.062998317521391,15.188994952564173
C05306,12.9070384,77.6957798,7,4,4.177285538089838,29.240998766628866
C05307,12.9170457,77.5931523,3,8,0.9527325554586442,2.8581976663759328
C05308,12.9166518,77.5967457,2,8,1.34495259638398,2.68990519276796
C05309,12.9811411,77.6035516,2,1,2.7400025941931996,5.480005188386399
C05310,13.1150962,77.6057482,2,2,4.468829741262488,8.937659482524976
C05311,13.0276582,77.604326,3,5,5.853852882749137,17.56155864824741
C05312,13.0113146,77.5553964,8,5,1.352381274156376,10.819050193251009
C05313,12.9561417,77.7215418,2,7,0.9650613598520685,1.930122719704137
C05314,12.9669121,77.6081804,4,1,2.6732553513949955,10.693021405579982
C05315,12.9658066,77.6370418,2,1,1.8246099650952894,3.6492199301905788
C05316,12.9661407,77.7179054,3,7,0.6777816904239177,2.033345071271753
C05317,13.0703757,77.6217771,1,2,3.894615874027001,3.894615874027001
C05318,12.9893868,77.5550414,3,5,1.1887958324523695,3.5663874973571086
C05319,13.047903,77.7607185,3,7,10.056086469302338,30.168259407907016
C05320,12.9980417,77.6960002,5,7,4.79071993085903,23.95359965429515
C05321,12.9141446,77.6160973,4,8,3.4643732920375436,13.857493168150175
C05322,13.1258356,77.4757041,1,2,13.136908546377915,13.136908546377915
C05323,12.9820546,77.650244,7,1,2.3404917081080816,16.38344195675657
C05324,13.0199614,77.6744514,4,1,6.633631587371947,26.534526349487788
C05325,13.0665402,77.6405686,4,2,5.976140165568926,23.904560662275703
C05326,12.980113,77.5926339,3,1,3.923028080584889,11.769084241754667
C05327,13.015734,77.4840822,2,5,8.291002476637702,16.582004953275405
C05328,13.0981244,77.5728089,4,2,2.606320913468694,10.425283653874777
C05329,12.9289123,77.5859132,5,8,1.1677285107150492,5.838642553575246
C05330,13.0031199,77.5713727,1,5,1.436216165626553,1.436216165626553
C05331,13.1292116,77.455902,2,2,15.267189191837469,30.534378383674937
C05332,12.9363795,77.6900424,3,7,4.822489706960001,14.467469120880002
C05333,12.9703269,77.6176841,4,1,1.6225387905611388,6.490155162244555
C05334,12.9721395,77.6424595,8,1,1.7307772723788906,13.846218179031125
C05335,12.8850121,77.5863075,2,8,3.7071203661986427,7.414240732397285
C05336,12.9975424,77.6225532,2,1,2.0395924373022787,4.079184874604557
C05337,13.0601933,77.5873812,2,2,2.0978373940205537,4.195674788041107
C05338,12.9608703,77.7017044,2,7,2.447093574184719,4.894187148369438
C05339,12.9061994,77.5630843,3,8,2.691856064050822,8.075568192152467
C05340,13.0970606,77.5748438,6,2,2.3832222838092636,14.29933370285558
C05341,12.9895933,77.554684,2,5,1.1808641770883828,2.3617283541767655
C05342,13.0265315,77.5871428,4,5,4.300641264543906,17.202565058175622
C05343,12.918129,77.6515196,1,4,2.76446998613624,2.76446998613624
C05344,12.8710849,77.6521471,2,4,2.7050550667919087,5.410110133583817
C05345,12.8433644,77.4515227,3,3,10.759356595956248,32.278069787868745
C05346,12.9590664,77.7221235,11,7,0.6367572592017923,7.004329851219715
C05347,12.9844636,77.7493771,3,7,3.535342171457703,10.60602651437311
C05348,12.9715662,77.6410001,1,1,1.6329399693811422,1.6329399693811422
C05349,12.9783896,77.637303,1,1,0.9465787375098162,0.9465787375098162
C05350,13.0721802,77.5565373,3,2,3.3962337651079664,10.188701295323899
C05351,12.9791406,77.7126762,5,7,2.0263691277422295,10.131845638711148
C05352,12.8910556,77.5950031,4,8,3.2404255432979885,12.961702173191954
C05353,13.1649051,77.5217674,4,2,11.842265285701563,47.36906114280625
C05354,12.978764,77.6355969,7,1,0.7568005997763085,5.2976041984341595
C05355,12.95947,77.6505957,2,1,3.295035364038672,6.590070728077344
C05356,12.9887964,77.5555474,6,5,1.2345192866463586,7.407115719878151
C05357,12.9353208,77.6205504,1,8,4.337129270678524,4.337129270678524
C05358,12.9933878,77.5957595,2,1,3.8714084737904724,7.742816947580945
C05359,12.9800717,77.5978997,1,1,3.35140223582553,3.35140223582553
C05360,13.0147612,77.6335463,3,1,3.8656401920490917,11.596920576147275
C05361,12.8363549,77.6577486,3,4,6.431070763199242,19.293212289597726
C05362,13.0563529,77.6520993,4,2,7.4995262890893635,29.998105156357454
C05363,13.0071764,77.5559556,3,5,0.8965150424099104,2.6895451272297315
C05364,13.0246433,77.557273,2,5,2.7846232276165366,5.569246455233073
C05365,12.9702537,77.6094977,3,1,2.36211337838192,7.086340135145759
C05366,12.9073287,77.4182239,1,3,8.557421073539414,8.557421073539414
C05367,13.0627642,77.5929313,9,2,1.9230660695177182,17.307594625659462
C05368,12.9344448,77.6970847,3,7,4.426670857886212,13.280012573658638
C05369,13.0306853,77.5526128,2,5,3.5112296284556974,7.022459256911395
C05370,13.0109802,77.5398828,10,5,2.4003991293133864,24.003991293133865
C05371,12.9791268,77.6154453,1,1,1.4511661650428276,1.4511661650428276
C05372,12.9885784,77.5705925,2,5,1.7735848586197909,3.5471697172395817
C05373,13.1344141,77.7175848,2,6,4.897939268140483,9.795878536280966
C05374,12.9719394,77.6004411,3,1,3.207221117880458,9.621663353641374
C05375,12.9805484,77.5978893,4,1,3.352796722724756,13.411186890899025
C05376,12.9943801,77.5527036,6,5,0.8614496945579047,5.1686981673474275
C05377,13.0067007,77.603538,20,1,4.017133721912799,80.34267443825598
C05378,12.8446928,77.7758825,1,4,13.784992733136447,13.784992733136447
C05379,13.0014948,77.578336,5,5,2.146901301330279,10.734506506651396
C05380,12.9131111,77.6516841,2,4,2.2371424896382472,4.4742849792764945
C05381,12.9277245,77.6327822,2,4,4.692942809164534,9.385885618329068
C05382,13.0604851,77.6032571,2,2,2.7147736105617066,5.429547221123413
C05383,12.9926752,77.5850402,2,5,2.9621907693215843,5.924381538643169
C05384,13.0007274,77.6235338,11,1,2.3471274159167845,25.81840157508463
C05385,12.9643591,77.5968522,6,1,3.8814185651813986,23.28851139108839
C05386,12.847791,77.6711196,3,4,5.313554135426075,15.940662406278225
C05387,12.9587116,77.6594642,9,1,4.091249643424128,36.82124679081715
C05388,12.9801456,77.6366242,1,1,0.8524735595364055,0.8524735595364055
C05389,12.9702453,77.5760979,1,5,3.7532067487836476,3.7532067487836476
C05390,13.0631637,77.591559,1,2,1.835997624131662,1.835997624131662
C05391,12.9835135,77.554155,2,5,1.8383885860488842,3.6767771720977684
C05392,12.9958745,77.6213506,4,1,1.9174511957822093,7.669804783128837
C05393,12.944336,77.694819,4,7,3.8720498586878644,15.488199434751458
C05394,12.9705696,77.645413,4,1,2.0952267374903535,8.380906949961414
C05395,13.0119226,77.6987282,1,7,5.916300390033923,5.916300390033923
C05396,12.987183,77.5784519,6,5,2.545916151231436,15.275496907388614
C05397,12.9759778,77.6548222,4,1,2.8656503151176236,11.462601260470494
C05398,12.9174704,77.612429,6,8,3.0349713671727483,18.20982820303649
C05399,12.8383234,77.6996498,1,4,7.58678259338296,7.58678259338296
C05400,12.938787,77.554296,4,8,3.977113129782678,15.908452519130712
C05401,12.9115179,77.6415002,1,4,2.7226963324368403,2.7226963324368403
C05402,12.9964741,77.6122192,3,1,2.547873998170138,7.643621994510415
C05403,13.1303461,77.5868466,5,2,5.66810849513756,28.3405424756878
C05404,12.9542181,77.556982,4,8,4.959381992448038,19.837527969792152
C05405,12.9936149,77.6084336,2,1,2.663476191224737,5.326952382449474
C05406,12.9834918,77.7529802,3,7,3.7881703775136715,11.364511132541015
C05407,12.9571357,77.7458193,1,7,2.513947546201285,2.513947546201285
C05408,12.9822342,77.6079456,7,1,2.272502646439694,15.907518525077858
C05409,12.890105,77.5976831,3,8,3.449417163165112,10.348251489495336
C05410,12.9508996,77.5835348,7,8,3.592915841077949,25.150410887545643
C05411,13.0270252,77.5348756,2,5,3.991369244250689,7.982738488501378
C05412,12.9507193,77.699921,2,7,3.0225899972137698,6.0451799944275395
C05413,12.8987945,77.6344561,2,4,2.7652900301683756,5.530580060336751
C05414,13.0244143,77.5482175,6,5,2.9792012636454706,17.87520758187282
C05415,12.8504211,77.6556681,2,4,4.889050267052156,9.778100534104311
C05416,12.9857544,77.570503,5,5,1.9939164548638946,9.969582274319473
C05417,12.9782835,77.5685839,3,5,2.5861564861545285,7.758469458463585
C05418,13.0001745,77.5490975,1,5,1.040409218977806,1.040409218977806
C05419,12.9781021,77.5752146,2,5,2.9752156975375685,5.950431395075137
C05420,13.060184,77.5888665,1,2,2.108054421373919,2.108054421373919
C05421,12.9101758,77.5818113,3,8,0.9617138793524077,2.885141638057223
C05422,13.0122467,77.6657663,1,1,5.361650567733522,5.361650567733522
C05423,12.9765774,77.5760043,6,5,3.161683636802926,18.970101820817554
C05424,12.9159249,77.5856011,3,8,0.3046687066607384,0.9140061199822153
C05425,12.9858942,77.4879367,3,3,6.032607594135552,18.097822782406656
C05426,13.0451074,77.5568305,5,2,4.992521060914064,24.96260530457032
C05427,12.9783183,77.571935,7,5,2.754305447559789,19.280138132918523
C05428,12.9756223,77.7495956,3,7,3.044742826703538,9.134228480110615
C05429,13.0295828,77.571027,2,5,3.587901285872692,7.175802571745384
C05430,13.0082033,77.7572551,1,7,6.037968329863416,6.037968329863416
C05431,13.0233135,77.5637421,2,5,2.6905238626243126,5.381047725248625
C05432,13.1070323,77.5757961,2,2,3.318830320995276,6.637660641990552
C05433,12.9313946,77.6262441,4,8,4.7539201950415375,19.01568078016615
C05434,13.0984679,77.5735844,3,2,2.5887711069877986,7.766313320963396
C05435,12.9508998,77.6234253,5,1,3.290157198404866,16.45078599202433
C05436,12.9478552,77.579887,2,8,3.2926570003104194,6.585314000620839
C05437,13.0612674,77.4612791,3,5,12.58571841365044,37.75715524095132
C05438,12.9198472,77.5782896,8,8,0.6913482735248923,5.530786188199138
C05439,13.1508672,77.5546948,4,2,8.679632345543892,34.71852938217557
C05440,12.9251521,77.6245022,3,8,4.4067229288694865,13.22016878660846
C05441,12.9255212,77.5499596,2,8,3.830694896379796,7.661389792759592
C05442,12.9605852,77.7146395,2,7,1.099600818986059,2.199201637972118
C05443,13.0838936,77.5602156,2,2,2.955638015416396,5.911276030832792
C05444,12.9508146,77.6237047,2,1,3.294240702051082,6.588481404102164
C05445,12.9116664,77.5521578,6,8,3.5909164934346363,21.545498960607816
C05446,12.9505683,77.5554901,3,8,4.7491226511900315,14.247367953570095
C05447,12.9810855,77.5966823,1,1,3.485058756382091,3.485058756382091
C05448,12.988865,77.5078006,11,5,5.645158652262227,62.0967451748845
C05449,12.9101746,77.6867831,4,4,3.435300507628689,13.741202030514756
C05450,12.9095125,77.6110689,1,8,3.050450897984178,3.050450897984178
C05451,12.9806804,77.637767,2,1,0.9782589592617785,1.956517918523557
C05452,12.9164559,77.5914845,4,8,0.7903892120719952,3.161556848287981
C05453,12.9683417,77.5379567,11,5,4.118680536584849,45.30548590243334
C05454,12.9862681,77.7474595,2,7,3.5089558037295285,7.017911607459057
C05455,12.9622433,77.6470269,7,1,2.8034986937387227,19.624490856171057
C05456,12.9888432,77.731012,9,7,2.798372933820944,25.185356404388497
C05457,12.8438213,77.6346114,2,4,6.220986447661842,12.441972895323683
C05458,12.9167944,77.6519692,3,4,2.6088736327269286,7.826620898180786
C05459,12.8993916,77.6212016,2,4,4.1981788745281845,8.396357749056369
C05460,12.9406952,77.566009,3,8,3.176454484169218,9.529363452507654
C05461,12.9511675,77.5650797,3,8,4.1900123734666,12.5700371203998
C05462,13.0277951,77.6327527,5,1,5.291236114609845,26.456180573049224
C05463,12.946605,77.6289077,7,1,3.71401394412646,25.99809760888522
C05464,12.9861567,77.5557927,2,5,1.5119630195937608,3.0239260391875216
C05465,12.9806962,77.6124822,1,1,1.7693630433633856,1.7693630433633856
C05466,12.9257822,77.5640113,3,8,2.3675381219093867,7.10261436572816
C05467,12.9671589,77.6106158,4,1,2.4402476770895545,9.760990708358218
C05468,12.9508138,77.7156575,4,7,1.7650422527933878,7.060169011173551
C05469,12.9635859,77.7481184,3,7,2.6283298706826104,7.884989612047831
C05470,12.8599417,77.7906265,4,7,13.65843188610976,54.63372754443904
C05471,12.9060944,77.5927056,10,8,1.632988656717805,16.32988656717805
C05472,12.9414886,77.7472978,4,7,3.598473745693437,14.393894982773748
C05473,12.9164452,77.6366057,3,4,3.4839966130222284,10.451989839066686
C05474,12.9820023,77.6011057,2,1,3.010292063252892,6.020584126505784
C05475,12.9639358,77.4072579,3,3,9.976550615605017,29.92965184681505
C05476,13.0455346,77.4612535,10,5,11.734381984064164,117.34381984064164
C05477,13.0144068,77.5834035,3,5,3.150800016070451,9.452400048211352
C05478,13.036842,77.575735,3,5,4.527578280224637,13.582734840673911
C05479,12.9736272,77.6420214,2,1,1.6097612360977727,3.2195224721955453
C05480,12.9755273,77.6021374,7,1,2.936429416199671,20.555005913397697
C05481,13.0238741,77.6362241,13,1,4.9066667555640695,63.7866678223329
C05482,12.8887979,77.5793878,5,8,3.3293716172415055,16.646858086207526
C05483,12.92458,77.6731134,4,4,3.649788525790633,14.599154103162531
C05484,12.956816,77.7394618,3,7,1.8906668779100462,5.672000633730138
C05485,12.9650762,77.6574876,1,1,3.536299755628767,3.536299755628767
C05486,12.9390255,77.6238477,6,1,4.584280085503776,27.505680513022657
C05487,12.9062713,77.5631178,4,8,2.6847077498140828,10.738830999256331
C05488,13.014365,77.5716116,4,5,2.162246383236304,8.648985532945217
C05489,12.9562428,77.5686697,2,8,4.522042936376885,9.04408587275377
C05490,13.0250549,77.546176,3,5,3.13412755429368,9.40238266288104
C05491,13.0408726,77.620387,2,2,5.573002148585404,11.146004297170808
C05492,12.9754485,77.5369438,7,5,3.5578261409867267,24.904782986907087
C05493,12.9328804,77.5874138,3,8,1.6279104394569825,4.883731318370947
C05494,12.8440639,77.7762838,14,4,13.85285263473489,193.93993688628848
C05495,12.9934589,77.6859402,4,7,5.221246457891358,20.884985831565434
C05496,12.9566858,77.7419283,1,7,2.1387891086979147,2.1387891086979147
C05497,12.9529911,77.5857588,3,8,3.8253727845086307,11.476118353525893
C05498,13.0134359,77.5692344,2,5,1.920692696463211,3.841385392926422
C05499,12.9992524,77.6157573,1,1,2.542558164819034,2.542558164819034
C05500,13.0249273,77.6592607,10,1,5.9596102486767455,59.59610248676746
C05501,13.0116786,77.6470294,5,1,4.013079619565616,20.06539809782808
C05502,12.9649795,77.7454613,5,7,2.3382194360462853,11.691097180231427
C05503,12.9725089,77.7488045,4,7,2.841156209785524,11.364624839142095
C05504,13.0117554,77.6729536,1,1,5.936270100481849,5.936270100481849
C05505,12.8871719,77.6002529,2,8,3.8624803719767464,7.724960743953493
C05506,12.9756151,77.5719313,6,5,3.0131874221210735,18.07912453272644
C05507,12.9141803,77.5950261,2,8,1.23739130136801,2.47478260273602
C05508,12.8752583,77.5428613,1,8,6.580549384181302,6.580549384181302
C05509,12.966493,77.5905481,3,1,4.416592551340945,13.249777654022836
C05510,12.9684441,77.7187843,3,7,0.706493987923798,2.119481963771394
C05511,12.9401657,77.5251809,4,3,3.614302138226761,14.457208552907044
C05512,12.9136459,77.6049936,6,8,2.2884395960389607,13.730637576233764
C05513,13.0413528,77.621671,5,2,5.62489123731493,28.12445618657465
C05514,13.1095922,77.6025872,4,2,3.770341304346172,15.081365217384688
C05515,13.0015829,77.6236346,8,1,2.436588439223439,19.49270751378751
C05516,12.9753399,77.638329,1,1,1.1665034889331214,1.1665034889331214
C05517,12.9133121,77.6207619,5,8,3.9788132946341648,19.894066473170824
C05518,12.9727779,77.5951856,5,1,3.736425776830911,18.682128884154555
C05519,13.0022281,77.5739218,1,5,1.6834710211792645,1.6834710211792645
C05520,12.9728428,77.5995427,1,1,3.274712750643683,3.274712750643683
C05521,12.9173117,77.5882227,2,8,0.42393372634332666,0.8478674526866533
C05522,13.0274651,77.6042813,2,5,5.83839508408073,11.67679016816146
C05523,12.9585429,77.5618917,6,5,4.549758944284602,27.298553665707615
C05524,12.9063698,77.5783184,2,8,1.4965287722359084,2.993057544471817
C05525,12.9755987,77.6052666,2,1,2.601070871777205,5.20214174355441
C05526,13.057594,77.5872852,2,2,2.385372223532725,4.77074444706545
C05527,12.9136377,77.487472,7,3,2.080821560028423,14.565750920198962
C05528,12.9265205,77.6696737,3,4,3.7200290737727544,11.160087221318264
C05529,13.0015461,77.5721683,3,5,1.4832985444121878,4.449895633236563
C05530,12.9725231,77.6508338,3,1,2.539774333624874,7.619323000874622
C05531,12.9844683,77.5918496,8,5,3.9695263937495557,31.756211149996446
C05532,13.0004207,77.6243951,2,1,2.2930230804918694,4.586046160983739
C05533,12.9215701,77.6633011,8,4,3.032906186100856,24.26324948880685
C05534,12.9566826,77.7319037,4,7,1.2271081647340296,4.9084326589361185
C05535,13.0492109,77.547547,3,2,5.415189334377016,16.245568003131048
C05536,12.9740084,77.5303688,19,5,4.172200203832766,79.27180387282255
C05537,12.9602967,77.5572768,2,5,4.344665919713479,8.689331839426957
C05538,13.1870435,77.5501808,3,2,12.59492377219061,37.78477131657183
C05539,12.9976327,77.5472526,1,5,1.255734462191172,1.255734462191172
C05540,13.0268361,77.586225,6,5,4.253492563934002,25.52095538360401
C05541,13.0998272,77.5767096,11,2,2.548428861704532,28.032717478749852
C05542,12.987662,77.7369161,11,7,2.922478225763789,32.14726048340168
C05543,12.9690096,77.5363068,8,5,4.158806212147919,33.27044969718335
C05544,13.0319227,77.5702604,3,5,3.8009549559903024,11.402864867970907
C05545,12.9573463,77.7075932,3,7,1.94431145033538,5.8329343510061396
C05546,12.9299613,77.4643962,1,3,3.1163101479806405,3.1163101479806405
C05547,12.9155336,77.610242,14,8,2.8141917912795096,39.398685077913136
C05548,12.9738071,77.6432342,5,1,1.7201889985996583,8.600944992998292
C05549,12.9200913,77.6670747,2,4,2.957241349197468,5.914482698394936
C05550,12.9023899,77.5176413,8,3,4.19515121057652,33.56120968461216
C05551,13.0018342,77.5513714,2,5,0.8314103944271858,1.6628207888543716
C05552,12.956793,77.6478146,4,1,3.3109950840102336,13.243980336040934
C05553,13.0238756,77.6373573,3,1,4.928606115719868,14.785818347159603
C05554,12.8736761,77.6112921,5,4,5.719752497633536,28.59876248816768
C05555,12.9655617,77.578271,3,5,4.320249949764569,12.960749849293705
C05556,13.0073711,77.5487687,1,5,1.3809978938251335,1.3809978938251335
C05557,12.9265737,77.5835041,4,8,0.9051207875317764,3.6204831501271055
C05558,12.9990996,77.5502801,7,5,0.9107579903738023,6.375305932616616
C05559,12.980802,77.5770619,3,5,2.878335771890732,8.635007315672196
C05560,13.0227055,77.6435679,6,1,4.976486018590773,29.858916111544637
C05561,12.9111698,77.6001672,2,8,1.8830178495436813,3.7660356990873627
C05562,12.999295,77.5680608,3,5,1.0207723604487553,3.062317081346266
C05563,12.9768103,77.5739897,2,5,3.015008789912734,6.030017579825468
C05564,12.9803251,77.6409965,6,1,1.3272614045652646,7.963568427391587
C05565,13.001134,77.6240864,3,1,2.3772695101521557,7.131808530456468
C05566,12.9391798,77.551355,5,8,4.267447199294987,21.337235996474938
C05567,12.9206508,77.6961003,7,4,4.919710368063046,34.437972576441325
C05568,12.9141537,77.6016337,5,8,1.9207734490068433,9.603867245034216
C05569,12.9132656,77.6057264,4,8,2.3757281288340426,9.50291251533617
C05570,13.1057411,77.5725198,2,2,3.3383691247755696,6.676738249551139
C05571,12.9414494,77.6236346,3,1,4.320830486572365,12.962491459717093
C05572,12.9039806,77.512583,2,3,3.722842520182078,7.445685040364156
C05573,12.969824,77.6246172,3,1,1.2294172148679943,3.688251644603983
C05574,12.9678875,77.7186913,3,7,0.6789927752217285,2.0369783256651854
C05575,12.870188,77.5865428,2,8,5.3474435837108665,10.694887167421733
C05576,13.0039638,77.6155248,1,1,3.002249803429158,3.002249803429158
C05577,13.059197,77.5905307,2,2,2.240403253393654,4.480806506787308
C05578,13.0656401,77.5527057,4,2,4.012219142518438,16.04887657007375
C05579,12.9556707,77.7223553,1,7,0.9964881267146782,0.9964881267146782
C05580,12.9327355,77.6937522,3,7,4.809618305611696,14.428854916835089
C05581,13.098804,77.566365,13,2,3.1240690275717187,40.61289735843234
C05582,12.9814768,77.5956684,7,1,3.596575146523277,25.17602602566294
C05583,12.9401001,77.7467858,10,7,3.671259843451446,36.71259843451446
C05584,12.9749757,77.6065573,4,1,2.4788076714195286,9.915230685678114
C05585,13.0345384,77.5753266,8,5,4.277264697798998,34.21811758239198
C05586,13.1839919,77.6892696,2,6,2.1186287117053775,4.237257423410755
C05587,12.9463898,77.4868805,2,3,1.766347972194477,3.532695944388954
C05588,12.9785445,77.640549,1,1,1.2909352588610503,1.2909352588610503
C05589,13.0665224,77.596578,8,2,1.739898573152196,13.919188585217569
C05590,12.9130361,77.6000043,10,8,1.78754940781508,17.8754940781508
C05591,13.0146272,77.5684264,2,5,1.9796343131053797,3.9592686262107595
C05592,12.8636914,77.5986651,3,8,6.254198491097699,18.762595473293096
C05593,12.97475,77.635825,2,1,0.9718150731352174,1.9436301462704348
C05594,12.9802303,77.5548818,4,5,2.1746070317829536,8.698428127131814
C05595,12.9371526,77.7494616,7,7,4.108141080179684,28.756987561257787
C05596,13.0610985,77.5872132,1,2,1.9973795945212167,1.9973795945212167
C05597,12.9690681,77.7401642,4,7,1.8325075882804915,7.330030353121966
C05598,12.949418,77.5847239,3,8,3.42748544802298,10.28245634406894
C05599,12.9572025,77.7381425,4,7,1.7437562080166948,6.975024832066779
C05600,12.9169419,77.6142751,5,8,3.237810722388057,16.189053611940285
C05601,12.9583696,77.6594399,3,1,4.11119688923504,12.33359066770512
C05602,12.9348984,77.4462319,3,3,5.095772313428247,15.287316940284741
C05603,12.958321,77.5350434,3,5,5.231855536860795,15.695566610582386
C05604,12.9815191,77.7520947,7,7,3.589471523913141,25.126300667391988
C05605,12.8599833,77.7909247,4,7,13.671735048892522,54.68694019557009
C05606,12.9198493,77.6212496,4,8,3.99376421086467,15.97505684345868
C05607,12.9705486,77.6457156,1,1,2.1247806392059068,2.1247806392059068
C05608,12.9368104,77.6206345,3,8,4.418716587528323,13.256149762584968
C05609,12.9760846,77.5312127,6,5,3.9506513496998426,23.703908098199054
C05610,12.9405681,77.5459187,3,8,4.851383727059487,14.55415118117846
C05611,13.0152595,77.5487754,5,5,2.0457241427897435,10.228620713948718
C05612,12.9580872,77.6010965,11,1,3.8723068794165414,42.595375673581955
C05613,13.0593638,77.5928984,7,2,2.280365684912486,15.962559794387403
C05614,12.9376768,77.6997023,4,7,3.97029536419082,15.88118145676328
C05615,12.9725528,77.7007888,2,7,2.6645665580717868,5.3291331161435735
C05616,13.044075,77.7620238,1,7,9.728018186357437,9.728018186357437
C05617,12.9895202,77.7283318,3,7,2.8066070669703813,8.419821200911144
C05618,12.9893184,77.72755,3,7,2.7712907501488315,8.313872250446494
C05619,12.9144897,77.6445235,4,4,2.7547564621180323,11.019025848472129
C05620,13.0372529,77.6421063,3,1,6.484160581056052,19.452481743168157
C05621,13.0268364,77.5798131,3,5,3.79633810377774,11.38901431133322
C05622,13.0462704,77.5559208,1,2,4.96269496852108,4.96269496852108
C05623,12.975506,77.6024558,2,1,2.9028183403614087,5.8056366807228175
C05624,12.8868609,77.5929755,5,8,3.6164311866637733,18.082155933318866
C05625,13.069142,77.5549604,11,2,3.6506430459820134,40.157073505802146
C05626,12.8861405,77.5056116,3,3,5.215814063330232,15.647442189990695
C05627,12.9754975,77.6019362,4,1,2.958512015252742,11.834048061010968
C05628,12.9735251,77.6081233,6,1,2.358688583382721,14.152131500296328
C05629,12.9743489,77.6149318,2,1,1.6341819999791405,3.268363999958281
C05630,12.9615935,77.5403059,4,5,4.647237941788077,18.58895176715231
C05631,12.9506075,77.6239137,2,1,3.313159116417268,6.626318232834536
C05632,12.9204156,77.5973219,6,8,1.4094232601654486,8.456539560992692
C05633,13.066842,77.6390545,4,2,5.808570758856123,23.234283035424493
C05634,13.0554338,77.5930008,4,2,2.7034140993292715,10.813656397317086
C05635,12.9209511,77.620137,2,8,3.879811844082651,7.759623688165302
C05636,13.013375,77.5688463,5,5,1.890347287352771,9.451736436763854
C05637,12.9821415,77.696903,14,7,3.5224915257250164,49.31488136015023
C05638,12.9490255,77.5936154,2,8,3.525830294854686,7.051660589709372
C05639,12.9872341,77.549974,3,5,1.655101579147621,4.965304737442863
C05640,12.9862161,77.5374853,4,5,2.729910718736486,10.919642874945945
C05641,12.9610375,77.7137754,6,7,1.1687099286833489,7.012259572100094
C05642,12.9939459,77.6932252,2,7,4.659515167112632,9.319030334225264
C05643,12.9599141,77.748448,1,7,2.7107995184082,2.7107995184082
C05644,12.9760478,77.5319661,9,5,3.8920679734186128,35.02861176076752
C05645,12.9984849,77.5554044,6,5,0.3715665044536434,2.2293990267218606
C05646,13.0693384,77.6021253,1,2,1.9658952967591656,1.9658952967591656
C05647,13.0327967,77.6366258,2,1,5.889271784360752,11.778543568721505
C05648,12.8618975,77.5609278,10,8,6.76342837110408,67.63428371104081
C05649,12.9104465,77.5851165,9,8,0.8890399688955812,8.00135972006023
C05650,12.8907146,77.58194,6,8,3.0831912304320324,18.499147382592195
C05651,12.9463671,77.530647,3,3,4.395980516910578,13.187941550731734
C05652,12.9736204,77.6155256,4,1,1.6097167609107044,6.4388670436428175
C05653,12.9165105,77.6024008,3,8,1.9559911495364877,5.8679734486094635
C05654,12.9717441,77.6059386,7,1,2.647876263359168,18.535133843514174
C05655,12.9618069,77.6169696,2,1,2.401512601870101,4.803025203740202
C05656,13.0118443,77.5552205,2,5,1.4139715260075452,2.8279430520150903
C05657,12.8991071,77.7126526,7,4,5.792681577221738,40.54877104055217
C05658,12.8254437,77.5862359,3,8,10.297425503964398,30.892276511893193
C05659,13.0086507,77.7588002,9,7,6.179022167369735,55.611199506327615
C05660,12.965205,77.7017287,2,7,2.4116359473585653,4.823271894717131
C05661,12.9533522,77.5848743,3,8,3.8631047130980143,11.589314139294043
C05662,12.95101,77.59218,2,8,3.698934039454406,7.397868078908812
C05663,12.8041642,77.6261463,3,4,10.62902911938641,31.887087358159228
C05664,13.0087504,77.6939806,1,7,5.876022360734722,5.876022360734722
C05665,12.9178543,77.6241066,2,8,4.301539525405005,8.60307905081001
C05666,12.9806412,77.6290874,1,1,0.06373469660852932,0.06373469660852932
C05667,12.9271897,77.5447555,5,8,4.422020236713148,22.11010118356574
C05668,12.9798613,77.7270942,5,7,1.7307591192465674,8.653795596232838
C05669,13.0673466,77.5630666,1,2,2.908675596572792,2.908675596572792
C05670,12.9822876,77.5911581,8,5,4.010589756627822,32.08471805302258
C05671,13.0078807,77.6708126,19,1,5.499760739262448,104.4954540459865
C05672,12.9207173,77.5745968,3,8,1.1037051681101675,3.3111155043305027
C05673,13.0336982,77.6385516,2,1,6.0213552585292955,12.042710517058591
C05674,12.9664891,77.5965187,24,1,3.8142534298366946,91.54208231608067
C05675,13.0067647,77.5545483,1,5,0.9173907256489574,0.9173907256489574
C05676,12.9467026,77.5300705,3,3,4.35202956298747,13.05608868896241
C05677,12.9507057,77.5784906,4,8,3.6289952272774797,14.515980909109919
C05678,12.9195785,77.5950152,9,8,1.1488987987008281,10.340089188307452
C05679,12.9246365,77.6384508,4,4,4.052641920479058,16.21056768191623
C05680,12.9753191,77.6660778,2,1,4.0852635193014,8.1705270386028
C05681,12.9077084,77.6721872,2,4,2.013176200760812,4.026352401521624
C05682,12.9669093,77.6086899,3,1,2.627351526789217,7.882054580367651
C05683,12.9594958,77.7209611,2,7,0.6446506960064301,1.2893013920128602
C05684,12.8989754,77.6761562,3,4,1.8748704991564908,5.6246114974694725
C05685,12.936225,77.7447978,2,7,3.867656114173638,7.735312228347276
C05686,12.9946486,77.6440476,1,1,2.3073451156237237,2.3073451156237237
C05687,12.9217039,77.6451109,8,4,3.4015339085390646,27.212271268312517
C05688,13.0091522,77.5787543,2,5,2.4276364344302106,4.855272868860421
C05689,12.9765645,77.5455876,1,5,2.9106574074337646,2.9106574074337646
C05690,12.9669678,77.5366906,3,5,4.321236979074467,12.9637109372234
C05691,12.9809636,77.6105003,3,1,1.9855153336967655,5.956546001090296
C05692,12.9031858,77.6245476,1,4,3.920495118689606,3.920495118689606
C05693,13.0040253,77.5711108,4,5,1.440450971743189,5.761803886972756
C05694,12.9695016,77.6477886,2,1,2.377659216645858,4.755318433291716
C05695,13.0413862,77.6216592,11,2,5.621285607046478,61.83414167751126
C05696,13.0405041,77.5899057,5,2,4.288414928215944,21.442074641079717
C05697,12.9388223,77.5521241,3,8,4.175779568373605,12.527338705120815
C05698,12.9387445,77.552102,2,8,4.173158994319261,8.346317988638521
C05699,12.9925855,77.6804704,3,7,5.648248099784224,16.94474429935267
C05700,13.0678381,77.5639755,5,2,2.7961224147975114,13.980612073987558
C05701,12.8976619,77.5946541,3,8,2.55229914912796,7.65689744738388
C05702,13.001385,77.6079476,3,1,3.2607436408737054,9.782230922621116
C05703,12.9484662,77.5809022,3,8,3.344877302951558,10.034631908854674
C05704,12.9455457,77.6289451,2,1,3.8312923808375037,7.662584761675007
C05705,13.0293247,77.5708017,3,5,3.5522776768834863,10.656833030650459
C05706,12.9105047,77.581862,1,8,0.9253694844850309,0.9253694844850309
C05707,13.0099126,77.5495425,7,5,1.51715129219089,10.62005904533623
C05708,12.9810419,77.6363584,4,1,0.829436246210424,3.317744984841696
C05709,12.9875708,77.5383292,2,5,2.5730184339405553,5.146036867881111
C05710,13.0037882,77.5838385,13,5,2.7735171718374785,36.05572323388722
C05711,13.0635772,77.5872408,4,2,1.7230580469153374,6.8922321876613495
C05712,12.9794236,77.5925717,2,1,3.930618645768498,7.861237291536996
C05713,13.0256806,77.6037616,6,5,5.68758690377193,34.12552142263158
C05714,13.0222291,77.6004298,4,5,5.183862542382372,20.73545016952949
C05715,12.9877059,77.5596356,4,5,1.3123933093359896,5.2495732373439585
C05716,12.9060203,77.541723,2,8,4.84414382509595,9.6882876501919
C05717,12.933719,77.6176805,5,8,3.9796286375069982,19.89814318753499
C05718,12.978243,77.6404269,3,1,1.2828938845268598,3.8486816535805795
C05719,12.9017979,77.5136545,5,3,3.9879058493041266,19.93952924652063
C05720,12.9621688,77.6362486,1,1,2.1502242101956743,2.1502242101956743
C05721,12.9779833,77.7103836,2,7,2.0925094944235987,4.185018988847197
C05722,12.915232,77.6321995,11,4,3.75665121995247,41.32316341947717
C05723,12.977267,77.679729,2,7,5.001519806214459,10.003039612428918
C05724,12.9742664,77.60756,2,1,2.3932313723746996,4.786462744749399
C05725,12.9825764,77.6074569,2,1,2.3293394413527038,4.6586788827054075
C05726,12.9169315,77.5999251,1,8,1.6837557468970183,1.6837557468970183
C05727,13.0225825,77.551512,1,5,2.6677293089545744,2.6677293089545744
C05728,13.0948017,77.5770341,3,2,2.0442246465691793,6.132673939707538
C05729,12.9931471,77.7165617,4,7,3.2666098420315173,13.066439368126069
C05730,12.8058618,77.7835118,3,4,16.6583073052667,49.974921915800095
C05731,12.912121,77.6384617,3,4,3.0117991359388925,9.035397407816678
C05732,12.9607274,77.6662316,3,1,4.6005139522687335,13.8015418568062
C05733,12.9377615,77.6994867,7,7,3.9788534675374283,27.851974272762
C05734,12.9855483,77.4863859,3,3,6.012407147477453,18.037221442432358
C05735,12.9076918,77.6407802,2,4,2.5103424827207323,5.020684965441465
C05736,13.1000877,77.5978794,3,2,2.600921318040209,7.802763954120627
C05737,13.0960152,77.5599278,5,2,3.482814595332262,17.41407297666131
C05738,12.9073391,77.5830655,9,8,1.2402262442787282,11.162036198508554
C05739,13.0703184,77.5553198,2,2,3.5757517338146347,7.1515034676292695
C05740,12.9137732,77.6441735,4,4,2.714390008553339,10.857560034213355
C05741,12.9421755,77.5941208,4,8,2.8260111685897407,11.304044674358963
C05742,12.9821967,77.6381186,2,1,1.03954656486307,2.07909312972614
C05743,12.9109228,77.6415654,3,4,2.672159464827848,8.016478394483544
C05744,12.9637948,77.6566232,1,1,3.5246060469433043,3.5246060469433043
C05745,12.9884468,77.5346227,1,5,2.882842687460477,2.882842687460477
C05746,12.9932856,77.568192,4,5,1.2439458634194351,4.9757834536777406
C05747,12.9790136,77.642347,3,1,1.4791577127394722,4.437473138218417
C05748,12.9888945,77.6066157,4,1,2.592404839444529,10.369619357778117
C05749,12.9736597,77.6229416,3,1,0.9579564602349333,2.8738693807048
C05750,12.9388234,77.6964281,2,7,4.125673469287291,8.251346938574581
C05751,13.0266126,77.587797,3,5,4.358138072782567,13.074414218347702
C05752,12.9508907,77.5777332,1,8,3.6647292675111043,3.6647292675111043
C05753,13.0184895,77.7844739,9,7,8.881312466427321,79.93181219784589
C05754,13.0238759,77.6030622,1,5,5.522171399071312,5.522171399071312
C05755,12.9380609,77.6275572,3,1,4.661654160771316,13.984962482313946
C05756,12.9946318,77.6165816,2,1,2.0782050082470445,4.156410016494089
C05757,13.1483923,77.6496619,5,6,4.286922553498819,21.434612767494094
C05758,12.9610371,77.7005306,3,7,2.570005736025811,7.710017208077433
C05759,12.9431355,77.6978544,2,7,3.691899007939917,7.383798015879834
C05760,12.9588,77.5647589,6,5,4.556122427431929,27.336734564591573
C05761,12.9230175,77.6798965,3,4,3.8616352364885556,11.584905709465666
C05762,12.9629355,77.599571,5,1,3.6990554518672623,18.495277259336312
C05763,13.0332305,77.5581139,2,5,3.7315574606847157,7.463114921369431
C05764,12.9539412,77.7178699,1,7,1.3451094327294029,1.3451094327294029
C05765,13.0550698,77.6005716,4,2,3.043548262277765,12.17419304911106
C05766,12.995834,77.7576041,3,7,5.036803432270472,15.110410296811416
C05767,13.0604309,77.6226838,5,2,4.389627637369477,21.948138186847387
C05768,12.9053454,77.5938378,3,8,1.7705086386966307,5.3115259160898916
C05769,12.9537155,77.5858442,4,8,3.9058452410151543,15.623380964060617
C05770,12.9991903,77.5525312,1,5,0.6662255961603634,0.6662255961603634
C05771,12.9238621,77.6727962,12,4,3.5631756711329454,42.75810805359534
C05772,12.9514658,77.6432669,3,1,3.544434796920282,10.633304390760847
C05773,12.925261,77.549434,5,8,3.88088669608945,19.40443348044725
C05774,12.9977103,77.5483913,2,5,1.132496863605139,2.264993727210278
C05775,12.966793,77.6352431,4,1,1.6375957842216444,6.550383136886578
C05776,13.1806075,77.642183,1,6,4.968638568423002,4.968638568423002
C05777,13.0239882,77.5989031,5,5,5.139440589116925,25.69720294558462
C05778,13.005297,77.702884,3,7,5.057705596132661,15.173116788397984
C05779,13.0151194,77.6368067,3,1,3.96745695601483,11.902370868044489
C05780,12.9556166,77.7186914,5,7,1.1397816727161927,5.698908363580964
C05781,13.1541086,77.5401493,1,2,9.732439760528592,9.732439760528592
C05782,12.991155,77.5383908,2,5,2.3871484352042556,4.774296870408511
C05783,13.0711158,77.6519016,5,2,7.096684681119607,35.48342340559803
C05784,12.9079706,77.6005099,14,8,2.090548209719924,29.26767493607894
C05785,13.0264471,77.5114203,3,5,5.930411703180768,17.791235109542306
C05786,12.9258857,77.6252751,5,8,4.503588898408891,22.517944492044457
C05787,12.9740926,77.5782381,3,5,3.5271876005397225,10.581562801619167
C05788,13.0205657,77.7941445,13,7,9.827533921433801,127.75794097863941
C05789,12.9396097,77.6284305,1,1,4.488496005571514,4.488496005571514
C05790,12.9037869,77.507973,4,3,3.481178574139424,13.924714296557696
C05791,12.964859,77.5837001,1,5,4.702357725940214,4.702357725940214
C05792,12.9859306,77.644897,1,1,1.8636174966427552,1.8636174966427552
C05793,13.0022607,77.6295523,4,1,2.4484214723882944,9.793685889553178
C05794,13.0148505,77.5751945,4,5,2.4697117191889624,9.87884687675585
C05795,13.0179285,77.5623314,3,5,2.0759004591651578,6.227701377495473
C05796,12.8877343,77.5886419,3,8,3.4302393704149994,10.290718111244999
C05797,13.0165243,77.6024035,29,1,4.939644602887666,143.24969348374233
C05798,12.9823616,77.6097828,3,1,2.075795753416986,6.227387260250958
C05799,12.9357448,77.5938244,5,8,2.1653391276750944,10.826695638375472
C05800,12.9523715,77.4998029,2,3,2.410725098546073,4.821450197092146
C05801,12.9703241,77.5760364,4,5,3.742307821521885,14.96923128608754
C05802,12.9758922,77.5660729,3,5,2.736776814328438,8.210330442985313
C05803,12.9750845,77.5897763,2,1,4.270337236299897,8.540674472599793
C05804,12.9924016,77.5571593,12,5,0.8049793149885404,9.659751779862484
C05805,12.9529243,77.5162442,8,3,3.449612439432862,27.596899515462898
C05806,12.9045574,77.704281,4,4,4.987993224406653,19.95197289762661
C05807,12.9142144,77.6325278,1,4,3.660038530899474,3.660038530899474
C05808,12.8775539,77.6700895,3,4,2.1916595604551357,6.5749786813654065
C05809,12.9281275,77.6330644,22,4,4.709303772525567,103.60468299556248
C05810,13.1384922,77.4786333,3,2,13.469991387573117,40.40997416271935
C05811,12.9634117,77.6066682,7,1,3.0320843188453708,21.224590231917595
C05812,12.9723035,77.6503019,9,1,2.493763089312632,22.44386780381369
C05813,13.0119196,77.6972899,4,7,5.989816518139153,23.959266072556613
C05814,12.9940065,77.5945768,2,5,3.94626822716838,7.89253645433676
C05815,12.9104882,77.640061,1,4,2.7624304031704963,2.7624304031704963
C05816,13.1835304,77.6811667,5,6,2.0691381006311427,10.345690503155714
C05817,13.0619804,77.5918661,2,2,1.971124137006803,3.942248274013606
C05818,12.9339304,77.583662,4,8,1.715415611502488,6.861662446009952
C05819,12.9616153,77.7136193,1,7,1.1653543393801062,1.1653543393801062
C05820,13.0186339,77.5709242,3,5,2.499388460306739,7.498165380920217
C05821,13.0291469,77.519671,3,5,5.353434790004899,16.0603043700147
C05822,12.9758581,77.5653792,4,5,2.719224577999688,10.876898311998753
C05823,12.9832283,77.7080008,2,7,2.6966792538865447,5.3933585077730894
C05824,12.9809575,77.5975756,8,1,3.3877289908320027,27.101831926656022
C05825,12.9743706,77.6143537,2,1,1.691149918373582,3.382299836747164
C05826,12.8017461,77.57469,1,8,12.962610758480926,12.962610758480926
C05827,13.1287057,77.5868145,3,2,5.486538339876909,16.45961501963073
C05828,13.0059079,77.578507,3,5,2.2672783412908384,6.801835023872515
C05829,12.9747983,77.6174976,4,1,1.3600238895140564,5.440095558056226
C05830,13.0509726,77.608188,9,2,3.8730270866308514,34.85724377967766
C05831,13.0011236,77.6618187,3,1,4.272868331134184,12.818604993402552
C05832,12.936153,77.7210618,3,7,3.1578123801110656,9.473437140333196
C05833,12.9726157,77.6792208,2,7,4.935811504653228,9.871623009306456
C05834,12.9471143,77.6218054,6,1,3.734968964743764,22.409813788462582
C05835,12.8990004,77.6218548,4,4,4.122323905964589,16.489295623858357
C05836,13.0274123,77.575867,2,5,3.6080903888295253,7.2161807776590505
C05837,12.9775284,77.5175141,1,5,5.0867436611428705,5.0867436611428705
C05838,12.9744098,77.6094477,9,1,2.192105506145333,19.728949555307995
C05839,12.9247449,77.5642316,1,8,2.3078884057395155,2.3078884057395155
C05840,13.0239297,77.5513762,2,5,2.814845868242311,5.629691736484622
C05841,12.9550078,77.5675577,4,8,4.444483532159409,17.777934128637636
C05842,13.0408128,77.5165808,1,5,6.461051823866084,6.461051823866084
C05843,13.0829166,77.6434508,1,2,6.137875585499339,6.137875585499339
C05844,12.9827902,77.7368277,1,7,2.458353487324846,2.458353487324846
C05845,12.972126,77.573351,5,5,3.4264431350642424,17.132215675321213
C05846,12.9273175,77.6690879,2,4,3.7864521301154137,7.572904260230827
C05847,12.9492228,77.5841598,26,8,3.4059845982596633,88.55559955475124
C05848,12.9060608,77.58713,2,8,1.4014401190867483,2.8028802381734965
C05849,12.9875972,77.6208401,2,1,1.1915976409048914,2.383195281809783
C05850,12.9276564,77.5174966,2,3,2.6902888821914672,5.3805777643829344
C05851,12.9200334,77.651758,4,4,2.9578375280349585,11.831350112139834
C05852,13.0174291,77.5625948,2,5,2.027507147322879,4.055014294645758
C05853,12.9422654,77.6227523,5,1,4.244959689593849,21.224798447969246
C05854,12.9779996,77.7105652,2,7,2.079991081329702,4.159982162659404
C05855,12.9633185,77.5790145,1,5,4.57638889514389,4.57638889514389
C05856,12.9678456,77.5908682,1,1,4.334574116723913,4.334574116723913
C05857,12.9243496,77.637603,1,4,4.079505063494794,4.079505063494794
C05858,12.9118509,77.6536904,2,4,2.030626531995568,4.061253063991136
C05859,12.819446,77.6883822,3,4,8.872080978138074,26.616242934414224
C05860,12.9605763,77.7180816,2,7,0.7717914843016622,1.5435829686033244
C05861,12.931069,77.613948,8,8,3.489413646530298,27.915309172242385
C05862,13.0105388,77.5575282,8,5,1.2254701248608932,9.803760998887146
C05863,12.8966211,77.6075885,3,8,3.4826652067600903,10.44799562028027
C05864,12.9480567,77.5879713,1,8,3.2983621926220925,3.2983621926220925
C05865,13.0072315,77.6403015,2,1,3.2480571696501417,6.496114339300283
C05866,12.9862032,77.7363344,2,7,2.7506421931248846,5.501284386249769
C05867,13.0603575,77.7163583,2,7,10.639500804170797,21.279001608341595
C05868,12.9644469,77.6719687,2,1,5.001694667109532,10.003389334219063
C05869,13.055217,77.6020252,2,2,3.1089370287546663,6.2178740575093325
C05870,12.9760441,77.7268709,3,7,1.3131444886966581,3.9394334660899744
C05871,13.006508,77.6452745,2,1,3.423303703671982,6.846607407343964
C05872,12.8951857,77.656994,4,4,0.28773270900680825,1.150930836027233
C05873,12.9418698,77.5563504,4,8,4.007077955841647,16.02831182336659
C05874,12.9685475,77.5964624,2,1,3.735472937918571,7.470945875837142
C05875,12.9065855,77.649084,8,4,1.7602937409061261,14.082349927249009
C05876,12.9643079,77.5942938,2,1,4.133672873665724,8.267345747331447
C05877,12.9723179,77.5899392,1,1,4.303974861066465,4.303974861066465
C05878,13.0681627,77.5544323,4,2,3.739112310502394,14.956449242009576
C05879,12.9060471,77.5969859,2,8,1.9301898496863823,3.8603796993727646
C05880,12.9121661,77.586287,4,8,0.7227792030852536,2.8911168123410143
C05881,13.1584926,77.7452402,1,6,6.553560388392681,6.553560388392681
C05882,12.9724711,77.6486166,9,1,2.316273696202197,20.84646326581977
C05883,12.9505253,77.6992384,5,7,3.0974382589628204,15.487191294814103
C05884,12.9571937,77.7382947,1,7,1.7588469726526577,1.7588469726526577
C05885,12.8477628,77.6579328,1,4,5.168229129532994,5.168229129532994
C05886,13.147821,77.5696705,11,2,7.831960744716473,86.1515681918812
C05887,13.0833907,77.6406945,2,2,5.843486422336216,11.686972844672432
C05888,12.9186556,77.5780101,2,8,0.7046539628232247,1.4093079256464494
C05889,12.9567706,77.7007709,1,7,2.65751536731476,2.65751536731476
C05890,13.0712887,77.5560963,3,2,3.4662839999680912,10.398851999904274
C05891,13.0189803,77.571001,3,5,2.5363156796127293,7.608947038838188
C05892,13.0276513,77.5753809,5,5,3.603893780336611,18.019468901683055
C05893,12.935699,77.4924157,1,3,0.45634367409744375,0.45634367409744375
C05894,12.9346147,77.6250274,1,8,4.750515575385307,4.750515575385307
C05895,12.8409397,77.6507954,5,4,5.996092398090088,29.98046199045044
C05896,12.9557166,77.6979892,7,7,2.981074439571538,20.867521077000767
C05897,12.989874,77.5709919,1,5,1.7125578589094217,1.7125578589094217
C05898,12.9587142,77.5671341,7,5,4.609979930074491,32.26985951052144
C05899,13.0375654,77.6396626,3,1,6.464149071957752,19.392447215873254
C05900,12.9808248,77.6391194,7,1,1.1257882078771788,7.880517455140252
C05901,13.0587342,77.5909461,3,2,2.2988313601996975,6.896494080599092
C05902,13.0057165,77.5934124,1,5,3.8340288922392736,3.8340288922392736
C05903,12.9732457,77.5952706,3,1,3.716415991297376,11.149247973892129
C05904,13.0146834,77.5538978,7,5,1.7558648188885846,12.291053732220092
C05905,12.9777968,77.5741098,2,5,2.9320072326737785,5.864014465347557
C05906,13.0338524,77.7321312,3,7,7.724953396391902,23.174860189175703
C05907,12.9714785,77.7066002,3,7,2.0323895151194296,6.097168545358288
C05908,12.908209,77.6476635,1,4,1.9971258303243673,1.9971258303243673
C05909,13.0307899,77.653594,11,1,6.219120297170889,68.41032326887978
C05910,12.9632909,77.5851773,2,5,4.936792591622091,9.873585183244183
C05911,12.9778782,77.5731873,5,5,2.868369284022823,14.341846420114114
C05912,12.9368986,77.6198954,3,8,4.352178954639189,13.056536863917568
C05913,12.9530481,77.6159168,8,1,3.3093887748992423,26.47511019919394
C05914,13.0076801,77.6409776,4,1,3.3225185078983133,13.290074031593253
C05915,12.9391909,77.5517929,3,8,4.228100711389918,12.684302134169755
C05916,12.958999,77.654503,2,1,3.645389066947284,7.290778133894568
C05917,12.9201458,77.6849189,6,4,3.9637379268310537,23.78242756098632
C05918,12.9931878,77.5212707,1,5,4.118517800449209,4.118517800449209
C05919,12.909495,77.565948,5,8,2.2450180190538997,11.225090095269499
C05920,12.9180697,77.5025687,2,3,1.8217286620109194,3.643457324021839
C05921,12.9360403,77.6040824,8,8,2.8830079467759377,23.064063574207502
C05922,12.8017391,77.5746893,4,8,12.963389226229932,51.85355690491973
C05923,13.0386081,77.6465206,5,1,6.7513023608114064,33.756511804057034
C05924,12.9734064,77.6163313,4,1,1.5434138205106642,6.173655282042657
C05925,13.0351773,77.5890219,1,2,4.871454804673982,4.871454804673982
C05926,13.0279504,77.6305051,2,1,5.294091643355274,10.588183286710548
C05927,12.9088046,77.6497344,5,4,1.9144703897914288,9.572351948957143
C05928,12.9385755,77.7441441,4,7,3.616426217101153,14.465704868404613
C05929,12.8761189,77.5331944,8,8,7.279776138290712,58.2382091063257
C05930,12.9410352,77.6241999,4,1,4.358888376337975,17.4355535053519
C05931,12.8612854,77.7865728,2,7,13.302082967397983,26.604165934795965
C05932,13.0053836,77.7019239,2,7,5.114113482482141,10.228226964964282
C05933,13.1144798,77.5677789,4,2,4.4339425599991324,17.73577023999653
C05934,12.9884301,77.5713911,1,5,1.8487116852700167,1.8487116852700167
C05935,13.0869634,77.5938641,11,2,1.1407772623183585,12.548549885501943
C05936,13.0218344,77.5567093,5,5,2.4786861948752024,12.393430974376011
C05937,13.029027,77.561291,8,5,3.2782631767852326,26.22610541428186
C05938,12.9285342,77.5624936,1,8,2.6367300981513866,2.6367300981513866
C05939,13.0282328,77.5934519,8,5,4.935597030701092,39.484776245608735
C05940,13.0124501,77.5559999,16,5,1.4596977469458339,23.355163951133342
C05941,12.9269396,77.6225982,1,8,4.242427533877854,4.242427533877854
C05942,12.958917,77.71894,6,7,0.8251472226269002,4.950883335761401
C05943,12.88712,77.5549265,3,8,4.726609287897806,14.179827863693419
C05944,12.9586066,77.5649345,1,5,4.580100489322719,4.580100489322719
C05945,13.1275198,77.6392624,5,6,6.506213173468726,32.53106586734363
C05946,13.1187269,77.4647714,6,2,13.96874868549518,83.81249211297109
C05947,12.9977994,77.5517734,2,5,0.771439634303241,1.542879268606482
C05948,13.070394,77.502239,8,2,9.25038402162446,74.00307217299569
C05949,13.0030093,77.6608924,1,1,4.307963301375686,4.307963301375686
C05950,12.9752848,77.6043238,1,1,2.708254240853388,2.708254240853388
C05951,12.9448439,77.5967477,4,8,3.2097015026938265,12.838806010775306
C05952,13.083972,77.6433308,3,2,6.133949445263222,18.401848335789666
C05953,12.8927483,77.5816844,2,8,2.861889131022776,5.723778262045552
C05954,12.9225582,77.6344738,6,4,4.135370293851661,24.812221763109967
C05955,12.9462353,77.6289433,5,1,3.7549556021808073,18.774778010904036
C05956,12.9119682,77.5860142,6,8,0.7367145998893792,4.420287599336275
C05957,12.9913026,77.6156011,3,1,1.8885705432633118,5.665711629789936
C05958,12.9109001,77.6829073,5,4,3.126224078053329,15.631120390266645
C05959,12.9330777,77.58452,2,8,1.6186354165972359,3.2372708331944717
C05960,13.0296204,77.5611135,14,5,3.342112209033828,46.789570926473594
C05961,13.081456,77.6532018,2,2,7.186369868350277,14.372739736700554
C05962,13.1991127,77.6583797,14,6,4.745475522166267,66.43665731032773
C05963,12.9713026,77.6414656,3,1,1.6910259561174297,5.073077868352289
C05964,12.9942812,77.6640408,1,1,4.13573048881148,4.13573048881148
C05965,12.9675956,77.7160837,9,7,0.9167085011853985,8.250376510668586
C05966,13.0308231,77.6683898,4,1,7.067790351037043,28.27116140414817
C05967,12.8796637,77.5538232,6,8,5.434296232179919,32.605777393079514
C05968,12.9832822,77.6100189,8,1,2.0649582444459647,16.519665955567717
C05969,13.0354466,77.518149,4,5,5.928186416071576,23.712745664286302
C05970,12.9711385,77.6182367,2,1,1.5180185847087828,3.0360371694175656
C05971,12.9817193,77.6042336,7,1,2.669408593776922,18.685860156438455
C05972,12.9499624,77.6154381,3,1,3.6423164241474124,10.926949272442236
C05973,12.9863171,77.7474767,5,7,3.514035091753351,17.570175458766755
C05974,12.9066772,77.5772586,1,8,1.5222866016531245,1.5222866016531245
C05975,13.0250155,77.5576232,5,5,2.823994416042165,14.119972080210825
C05976,12.9711882,77.6409763,2,1,1.6555867858041131,3.3111735716082262
C05977,13.0596937,77.5930663,11,2,2.250574185505909,24.756316040565
C05978,12.9656575,77.6372715,5,1,1.8512993049306015,9.256496524653008
C05979,13.0016086,77.5691868,4,5,1.1657527162572683,4.663010865029073
C05980,12.9994967,77.6247784,5,1,2.1844249178474464,10.922124589237232
C05981,12.9342685,77.7551649,2,7,4.767809710286105,9.53561942057221
C05982,12.9640357,77.7330576,10,7,0.992538462592785,9.92538462592785
C05983,12.9533739,77.5847667,13,8,3.865400143975949,50.25020187168734
C05984,12.9662394,77.707748,4,7,1.7670368110045573,7.068147244018229
C05985,12.8979573,77.5997833,10,8,2.8113458294467373,28.11345829446737
C05986,12.9620664,77.7039389,2,7,2.1877379530166228,4.3754759060332455
C05987,12.9611543,77.5331126,2,5,5.072321582407942,10.144643164815884
C05988,12.9704006,77.712237,3,7,1.4258354212327327,4.277506263698198
C05989,12.9715351,77.6008446,5,1,3.178391971001572,15.89195985500786
C05990,12.9986686,77.5758144,3,5,1.8644872734566968,5.5934618203700905
C05991,12.971553,77.6803025,5,7,4.79994221911497,23.999711095574852
C05992,13.0351018,77.5276877,4,5,5.1777768739909265,20.711107495963706
C05993,12.9781437,77.58726,2,5,3.903751088937583,7.807502177875166
C05994,12.9166682,77.5930319,5,8,0.9476710967107183,4.738355483553591
C05995,12.9361248,77.6162068,6,8,3.959881876507711,23.759291259046265
C05996,12.9481926,77.6813728,4,7,4.9624122539415145,19.849649015766058
C05997,13.0553995,77.5072996,7,5,8.32610353719395,58.282724760357645
C05998,12.9604413,77.7181435,1,7,0.7749230398143454,0.7749230398143454
C05999,12.9427297,77.6948056,5,7,3.9785748565445536,19.89287428272277
C06000,12.9117853,77.5976188,1,8,1.6047906362989945,1.6047906362989945
C06001,13.0511982,77.5526747,2,2,4.84331311751468,9.68662623502936
C06002,12.9102961,77.6063748,2,8,2.541535933377797,5.083071866755594
C06003,12.9811568,77.6141516,2,1,1.5909870511780038,3.1819741023560075
C06004,12.9867726,77.5194822,2,5,4.480654196308303,8.961308392616607
C06005,13.1063661,77.6002372,3,2,3.337523640098456,10.012570920295367
C06006,13.1069858,77.600541,6,2,3.4136300842048106,20.481780505228862
C06007,12.9603592,77.7207237,3,7,0.5790314063999726,1.737094219199918
C06008,13.0318824,77.7575598,1,7,8.301357349306656,8.301357349306656
C06009,12.8651043,77.7690218,7,7,12.048076455071325,84.33653518549927
C06010,13.0067162,77.5711304,2,5,1.5704181734828837,3.1408363469657674
C06011,12.9215982,77.6679952,3,4,3.145619471586354,9.436858414759062
C06012,12.9900539,77.6870879,5,7,4.896709910123711,24.483549550618555
C06013,12.9160549,77.4797513,4,3,2.2481280413259186,8.992512165303674
C06014,12.9787513,77.6392057,7,1,1.1433440430350803,8.003408301245562
C06015,12.9002893,77.6008782,5,8,2.684718142104758,13.42359071052379
C06016,12.9371045,77.7495603,2,7,4.119305354795253,8.238610709590507
C06017,12.8071178,77.4292857,15,3,15.422461394070783,231.33692091106175
C06018,12.9056456,77.5855728,4,8,1.4227225904566962,5.690890361826785
C06019,12.9925955,77.5916124,3,5,3.6582404407241,10.9747213221723
C06020,13.0369962,77.5573938,7,5,4.1501933868886365,29.051353708220454
C06021,12.8982318,77.5827474,4,8,2.246610893854447,8.986443575417788
C06022,12.9573067,77.7087044,4,7,1.8368155409312574,7.34726216372503
C06023,13.0039917,77.5936153,19,5,3.82638338786924,72.70128436951556
C06024,12.9086369,77.6105652,3,8,3.032147770913021,9.096443312739064
C06025,12.9976981,77.5493842,3,5,1.0268715666191677,3.0806146998575032
C06026,13.0797232,77.5622908,4,2,2.684069246033806,10.736276984135223
C06027,12.958836,77.7163204,7,7,1.0398198282557134,7.278738797789994
C06028,12.9155289,77.6515804,1,4,2.4906017703878285,2.4906017703878285
C06029,12.9159814,77.6516057,1,4,2.5367163248282996,2.5367163248282996
C06030,13.197838,77.7137182,2,6,4.748858084622158,9.497716169244317
C06031,12.8011463,77.5083175,1,3,14.536834219038525,14.536834219038525
C06032,12.9153706,77.6456263,2,4,2.7668582618826294,5.533716523765259
C06033,12.9404955,77.6200555,5,1,4.491097798606039,22.455488993030194
C06034,13.0249491,77.5926439,2,5,4.639770666310593,9.279541332621186
C06035,12.9778793,77.6246697,1,1,0.511663772420523,0.511663772420523
C06036,13.1346318,77.6677548,3,6,3.8853837301312697,11.656151190393809
C06037,13.0020532,77.5523063,6,5,0.7442936279674416,4.46576176780465
C06038,12.8416671,77.6764096,1,4,6.12124224265791,6.12124224265791
C06039,13.1023214,77.5948423,6,2,2.7026675226251013,16.216005135750606
C06040,12.9238004,77.6024467,6,8,2.036903637286945,12.22142182372167
C06041,12.9722017,77.6517442,6,1,2.644818036174104,15.868908217044623
C06042,12.9475769,77.5801087,8,8,3.2586065745451314,26.06885259636105
C06043,13.0198131,77.666082,16,1,5.972921705364523,95.56674728583236
C06044,12.9698145,77.62459,3,1,1.2314810234480325,3.6944430703440974
C06045,12.9462443,77.5306902,4,3,4.395313923092605,17.58125569237042
C06046,12.9352471,77.5607927,2,8,3.174729470995624,6.349458941991248
C06047,13.1238209,77.6202417,3,2,6.120113333093663,18.36033999928099
C06048,13.0023552,77.544116,10,5,1.609432308050173,16.09432308050173
C06049,12.9752846,77.5701518,1,5,2.958885781428113,2.958885781428113
C06050,13.0031746,77.757283,2,7,5.6041823816947725,11.208364763389545
C06051,13.0261482,77.6354229,9,1,5.142194828943434,46.2797534604909
C06052,12.9678992,77.6504368,7,1,2.7153127548059355,19.007189283641548
C06053,12.959465,77.7474184,3,7,2.61134845799635,7.834045373989051
C06054,12.9989319,77.617652,6,1,2.403544988438603,14.421269930631619
C06055,12.9985461,77.5564611,4,5,0.2620142973447087,1.0480571893788349
C06056,12.9411112,77.52503,9,3,3.6273903850171565,32.646513465154406
C06057,12.9920875,77.6022559,3,1,3.1669894954513826,9.500968486354148
C06058,12.9189942,77.6098841,7,8,2.757314316473756,19.301200215316292
C06059,12.9646234,77.5824537,21,5,4.647119182646041,97.58950283556688
C06060,12.9668668,77.6067889,5,1,2.8034280142900676,14.017140071450338
C06061,12.965985,77.6036918,3,1,3.1422522182948374,9.426756654884512
C06062,13.015204,77.6661513,6,1,5.614056301901647,33.68433781140988
C06063,12.8812821,77.5838693,3,8,4.115345191362138,12.346035574086414
C06064,12.9382056,77.7206162,18,7,2.9373064121208863,52.87151541817595
C06065,12.93647,77.6165564,4,8,4.011786415248516,16.047145660994065
C06066,12.9885148,77.5558839,3,5,1.2552648682454919,3.7657946047364756
C06067,12.9852537,77.6425374,2,1,1.5973971863457062,3.1947943726914123
C06068,13.031992,77.6280789,7,1,5.738630239348015,40.17041167543611
C06069,12.9328402,77.4520974,6,3,4.448131843662451,26.688791061974705
C06070,13.0853623,77.634757,2,2,5.225761090570401,10.451522181140803
C06071,12.9621806,77.708277,5,7,1.71948065149612,8.5974032574806
C06072,13.0608994,77.4612263,1,5,12.568472969453898,12.568472969453898
C06073,13.0003856,77.6762486,4,1,5.619447439094692,22.47778975637877
C06074,12.9609115,77.5358407,5,5,4.939909073217324,24.699545366086618
C06075,12.9602091,77.6382314,11,1,2.4352055297385196,26.787260827123717
C06076,13.0252803,77.6035419,2,5,5.644566945503195,11.28913389100639
C06077,12.9169557,77.6906254,1,4,4.198397537607976,4.198397537607976
C06078,12.8045355,77.5604544,2,8,12.87745183111512,25.75490366223024
C06079,12.8847019,77.5917498,1,8,3.818363412612447,3.818363412612447
C06080,12.9562148,77.6373162,8,1,2.807874446395119,22.462995571160953
C06081,12.9585612,77.5623501,10,5,4.5518495747919765,45.518495747919765
C06082,12.9186382,77.4528406,4,3,4.596033561767692,18.38413424707077
C06083,12.9162413,77.6905958,8,4,4.149289722894122,33.194317783152975
C06084,12.948849,77.7078682,4,7,2.4613560263911776,9.84542410556471
C06085,13.0283463,77.6298629,3,1,5.335885569436083,16.00765670830825
C06086,13.0635437,77.5870164,3,2,1.726598166181727,5.1797944985451805
C06087,13.014269,77.5560924,3,5,1.655817116033339,4.967451348100017
C06088,12.9701116,77.5763435,1,5,3.7794651013451936,3.7794651013451936
C06089,12.9275877,77.6927014,4,4,5.143566693315243,20.574266773260973
C06090,12.9299989,77.5149447,3,3,2.3839297319017376,7.151789195705213
C06091,12.9734394,77.6395116,6,1,1.3828264741112057,8.296958844667234
C06092,12.8766595,77.6387652,4,4,2.991833688380509,11.967334753522035
C06093,13.0141702,77.6362532,3,1,3.8519072865585167,11.55572185967555
C06094,12.9817701,77.6404662,2,1,1.2820706075649102,2.5641412151298204
C06095,12.9987935,77.54079,3,5,1.9413254537258968,5.8239763611776905
C06096,12.9555717,77.7200867,6,7,1.0768226284993412,6.460935770996047
C06097,12.979241,77.637434,1,1,0.9458233235229276,0.9458233235229276
C06098,12.9988121,77.5560348,4,5,0.29558915005033004,1.1823566002013202
C06099,12.9888745,77.4492686,4,3,7.921047694437678,31.68419077775071
C06100,12.9780954,77.5730497,2,5,2.8400742854116543,5.680148570823309
C06101,12.9601022,77.5315556,2,3,5.2356645790630925,10.471329158126185
C06102,12.9955047,77.6081944,4,1,2.8065115162884666,11.226046065153866
C06103,12.9911473,77.5944346,2,1,3.921018728405223,7.842037456810446
C06104,13.0416427,77.5950772,4,2,4.242042720672342,16.968170882689368
C06105,12.9134504,77.6286677,2,4,3.9580561243076553,7.916112248615311
C06106,12.9857834,77.4784608,7,3,6.200406521371423,43.40284564959996
C06107,12.9760046,77.6791397,17,7,5.02584828822863,85.43942089988671
C06108,13.0157441,77.6304813,2,1,3.9439053456472033,7.887810691294407
C06109,12.9977878,77.584791,5,5,2.842970970620289,14.214854853101444
C06110,12.9905573,77.571683,2,5,1.7272707785207833,3.4545415570415665
C06111,12.9471311,77.536344,7,3,5.003968789468861,35.02778152628203
C06112,12.9245121,77.5798031,1,8,0.8421662562474306,0.8421662562474306
C06113,12.8163376,77.694734,5,4,9.452272513484152,47.26136256742076
C06114,13.0049476,77.5711671,2,5,1.4844587414396506,2.9689174828793012
C06115,13.022941,77.5647142,3,5,2.674136887061903,8.02241066118571
C06116,12.913708,77.6404877,2,4,2.971856124488106,5.943712248976212
C06117,12.9681502,77.5950569,6,1,3.8938880837614853,23.363328502568912
C06118,13.0583178,77.6025545,2,2,2.855800866756508,5.711601733513016
C06119,13.0482241,77.579307,5,2,3.5232249406864864,17.616124703432433
C06120,13.0009656,77.6129828,3,1,2.871244130024178,8.613732390072535
C06121,12.9173029,77.5647123,3,8,2.151982237652676,6.455946712958028
C06122,13.0002691,77.5521147,4,5,0.7151890682150833,2.8607562728603333
C06123,12.9610262,77.5877081,2,8,4.725237316042755,9.45047463208551
C06124,12.9580927,77.5553609,4,5,4.599991130907743,18.39996452363097
C06125,12.9720603,77.6409226,10,1,1.5947406642612572,15.947406642612572
C06126,12.9695016,77.5419489,2,5,3.7859969424335898,7.5719938848671795
C06127,13.0346009,77.7701635,8,7,9.23872528415256,73.90980227322048
C06128,13.0154901,77.570748,9,5,2.201189337610232,19.810704038492087
C06129,12.9846806,77.748896,2,7,3.509886835879346,7.019773671758692
C06130,12.9719367,77.6419161,1,1,1.6923637693694435,1.6923637693694435
C06131,13.0093084,77.5806326,4,5,2.6194509988491723,10.47780399539669
C06132,12.9563042,77.5830996,2,8,4.192395515071928,8.384791030143855
C06133,13.0139391,77.6388192,12,1,3.895541890165823,46.746502681989874
C06134,12.9615649,77.6391168,3,1,2.3444901336612314,7.033470400983694
C06135,13.1721516,77.6908159,2,6,0.9736863488165447,1.9473726976330894
C06136,12.9721284,77.6469898,1,1,2.168254161723909,2.168254161723909
C06137,12.9948384,77.5552933,7,5,0.6343983243636678,4.440788270545675
C06138,12.9836838,77.6032885,2,1,2.793808375229616,5.587616750459232
C06139,12.9467429,77.5735181,3,8,3.3504722275608856,10.051416682682657
C06140,13.0181549,77.6473508,6,1,4.6649299711227785,27.989579826736673
C06141,12.9762478,77.6176598,2,1,1.2815190739497195,2.563038147899439
C06142,12.9517762,77.7173751,3,7,1.5819979790111336,4.745993937033401
C06143,12.9449145,77.5965919,3,8,3.2098569495135076,9.629570848540522
C06144,12.9921138,77.5704491,5,5,1.5199992937933273,7.599996468966637
C06145,13.0662737,77.5586338,5,2,3.3936005494921746,16.968002747460872
C06146,12.9213215,77.6821169,3,4,3.857955823670246,11.573867471010738
C06147,12.9463805,77.5305899,3,3,4.390776290827514,13.172328872482542
C06148,12.9772921,77.5979463,3,1,3.361330673165216,10.083992019495648
C06149,12.9503847,77.5933052,1,8,3.6615320084053096,3.6615320084053096
C06150,13.004567,77.7176657,4,7,4.4832694702856575,17.93307788114263
C06151,12.9514423,77.5943133,12,8,3.8038695585863214,45.64643470303586
C06152,12.9693881,77.6456654,2,1,2.187335629144449,4.374671258288898
C06153,13.0003054,77.6174328,2,1,2.5475820576327415,5.095164115265483
C06154,12.8064818,77.6268181,2,4,10.362988322054601,20.725976644109203
C06155,13.00956,77.5629873,6,5,1.2061875247202678,7.237125148321606
C06156,13.0825565,77.500118,5,2,9.437054183159445,47.185270915797226
C06157,12.9857445,77.5877231,3,5,3.504174058328628,10.512522174985884
C06158,12.9555632,77.7206676,2,7,1.0548698257201077,2.1097396514402154
C06159,12.9701145,77.6093423,4,1,2.384215229431586,9.536860917726344
C06160,12.9369126,77.7494663,1,7,4.128131850795073,4.128131850795073
C06161,12.9572002,77.7016323,4,7,2.5536731083116884,10.214692433246753
C06162,12.9577366,77.7086485,6,7,1.822101186768183,10.932607120609097
C06163,13.0811437,77.4192174,1,5,17.624125907941472,17.624125907941472
C06164,13.0089319,77.5804278,1,5,2.5821396492607067,2.5821396492607067
C06165,12.9135892,77.6383047,10,4,3.1324771630192507,31.324771630192508
C06166,12.9425359,77.6799763,2,7,5.358052422655547,10.716104845311094
C06167,12.971852,77.5964092,7,1,3.631509201958328,25.4205644137083
C06168,12.8450744,77.7772847,3,4,13.908102251547787,41.72430675464336
C06169,12.9164675,77.6048202,3,8,2.2177601719565994,6.653280515869798
C06170,12.9540847,77.5800757,5,8,3.973062612060762,19.865313060303812
C06171,12.9241331,77.5663009,2,8,2.0732480467548307,4.146496093509661
C06172,12.9783915,77.6357076,4,1,0.7778868229665681,3.1115472918662723
C06173,12.919694,77.5923364,3,8,0.8622535133035742,2.5867605399107227
C06174,13.0685996,77.6663343,1,2,8.685887614351161,8.685887614351161
C06175,12.95141,77.6992928,4,7,3.044369297896076,12.177477191584304
C06176,13.0649111,77.443381,3,5,14.453407338511946,43.36022201553584
C06177,12.9719534,77.641362,3,1,1.6409370321510792,4.922811096453238
C06178,12.9652842,77.5345532,1,5,4.605583662321541,4.605583662321541
C06179,12.9588237,77.5936181,10,1,4.487828538277868,44.87828538277868
C06180,13.0145146,77.5735683,6,5,2.3178146472892336,13.9068878837354
C06181,13.0084817,77.6232758,7,1,3.1918459560197743,22.342921692138418
C06182,13.0551563,77.6014292,3,2,3.0813403071242114,9.244020921372634
C06183,12.9268233,77.6164922,1,8,3.5955255706488343,3.5955255706488343
C06184,12.800866,77.5727876,13,8,13.07816586926946,170.01615630050298
C06185,12.9541962,77.6988356,3,7,2.9554552461794072,8.86636573853822
C06186,12.9703846,77.6410286,2,1,1.7148116133716018,3.4296232267432036
C06187,12.981769,77.595307,4,1,3.637217593025944,14.548870372103776
C06188,12.9810568,77.5583911,8,5,2.0443163469341816,16.354530775473453
C06189,12.9759486,77.6253838,3,1,0.5934351623428357,1.780305487028507
C06190,12.809469,77.6879683,8,4,9.898903064475935,79.19122451580748
C06191,12.9706973,77.6071349,7,1,2.5716795749055517,18.00175702433886
C06192,13.1228903,77.5755659,2,2,4.999639741748402,9.999279483496805
C06193,13.0104745,77.6151332,2,1,3.668212307939848,7.336424615879696
C06194,12.9243992,77.5972576,6,8,1.5339133960862954,9.203480376517772
C06195,12.9686273,77.7499967,1,7,2.8660968025855706,2.8660968025855706
C06196,13.0259481,77.6372048,3,1,5.151102853215695,15.453308559647086
C06197,13.026204,77.6039342,1,5,5.733344099138494,5.733344099138494
C06198,12.9404349,77.5254297,2,3,3.6482314559241704,7.296462911848341
C06199,12.9556172,77.7148511,3,7,1.3954166493693712,4.186249948108113
C06200,13.0145068,77.5743315,3,5,2.3757886779550637,7.127366033865191
C06201,13.0067831,77.5490101,2,5,1.320130326785494,2.640260653570988
C06202,12.96905,77.6483249,2,1,2.453056076718621,4.906112153437242
C06203,12.9917603,77.5705724,17,5,1.5525958119247487,26.39412880272073
C06204,13.0147224,77.6515616,12,1,4.556543848466552,54.67852618159862
C06205,12.9188448,77.6104372,1,8,2.817057501702556,2.817057501702556
C06206,12.8602271,77.7926152,10,7,13.747637594669394,137.47637594669393
C06207,12.9262377,77.6988568,3,7,5.038866438816377,15.116599316449129
C06208,13.0020286,77.7395417,4,7,4.483121632344777,17.93248652937911
C06209,12.9795775,77.5952507,3,1,3.639522140144644,10.918566420433931
C06210,12.9515158,77.5861858,2,8,3.6642047574059413,7.328409514811883
C06211,12.949295,77.5931079,7,8,3.5395179189648296,24.776625432753807
C06212,12.9546121,77.5925043,4,8,4.0957090204858835,16.382836081943534
C06213,12.8391708,77.6573722,2,4,6.120927552884691,12.241855105769382
C06214,12.9080891,77.6242973,1,4,4.113974797912612,4.113974797912612
C06215,12.9551831,77.5930617,2,8,4.170573129088476,8.341146258176952
C06216,12.974056,77.6195173,1,1,1.2104783490809514,1.2104783490809514
C06217,13.0277102,77.5760025,3,5,3.6439193901640166,10.93175817049205
C06218,12.9103497,77.6100414,1,8,2.915292987450217,2.915292987450217
C06219,12.9363723,77.5682018,3,8,2.6577682644144103,7.973304793243231
C06220,12.8828555,77.5660366,9,8,4.421137121305155,39.7902340917464
C06221,12.9940673,77.7321553,8,7,3.3887890475558504,27.110312380446803
C06222,12.9701642,77.6939213,3,7,3.3171267933116626,9.951380379934989
C06223,13.0060466,77.5650785,3,5,1.0033945477821147,3.010183643346344
C06224,13.0016752,77.570255,12,5,1.2809617002893006,15.371540403471606
C06225,12.9417196,77.5853932,5,8,2.5770748820407587,12.885374410203793
C06226,12.9057731,77.6125928,3,8,3.3583494073229048,10.075048221968714
C06227,12.8422904,77.6186599,1,4,7.280471238240543,7.280471238240543
C06228,12.9577566,77.5696795,4,8,4.6383170016785655,18.553268006714262
C06229,13.0392632,77.7478367,6,7,8.67007621800614,52.02045730803684
C06230,13.0425451,77.5731447,2,2,4.3217597566671415,8.643519513334283
C06231,12.9471935,77.5678365,4,8,3.6594577531127594,14.637831012451038
C06232,12.9864281,77.5952553,3,1,3.704065323261002,11.112195969783006
C06233,12.9809599,77.6366942,3,1,0.8646641313766902,2.5939923941300704
C06234,13.0415766,77.6204588,1,2,5.519114745938192,5.519114745938192
C06235,13.0086014,77.499649,3,5,6.4833846936069905,19.450154080820973
C06236,12.9208072,77.580108,7,8,0.5430040477184879,3.8010283340294153
C06237,12.9045059,77.5613181,2,8,2.952700476492665,5.90540095298533
C06238,12.9727202,77.5294725,3,5,4.340517070858047,13.02155121257414
C06239,12.9753518,77.7113039,2,7,1.8199844754791652,3.6399689509583304
C06240,12.9452266,77.5814377,4,8,2.9819841934488815,11.927936773795526
C06241,12.9452383,77.6289337,3,1,3.8653144207857593,11.595943262357277
C06242,12.9692549,77.6023796,2,1,3.108868152962037,6.217736305924074
C06243,13.0605539,77.6251495,8,2,4.621190356882197,36.969522855057576
C06244,12.9545702,77.5447288,6,5,5.200643119614623,31.203858717687737
C06245,12.93639,77.6160951,2,8,3.9639601379343397,7.927920275868679
C06246,12.8823845,77.6782251,5,4,2.428936196834873,12.144680984174364
C06247,12.8950921,77.5550909,5,8,4.108931971480473,20.544659857402365
C06248,13.0579231,77.6504167,5,2,7.269797085414744,36.34898542707372
C06249,13.0252044,77.6057928,1,1,5.575751614414648,5.575751614414648
C06250,13.0030981,77.5719805,7,5,1.4990777775764224,10.493544443034956
C06251,13.0200701,77.5544961,2,5,2.318797016521447,4.637594033042894
C06252,13.0608064,77.6192477,3,2,4.04364551942098,12.130936558262938
C06253,13.0008166,77.5505845,21,5,0.8881147132079404,18.650408977366748
C06254,12.9453791,77.5286172,4,3,4.150810994780047,16.603243979120187
C06255,13.0830264,77.6437732,3,2,6.173613926348612,18.520841779045835
C06256,13.0571432,77.593182,1,2,2.5252737445376843,2.5252737445376843
C06257,13.126245,77.566148,9,2,5.684594220199322,51.161347981793895
C06258,12.9762175,77.5993135,1,1,3.2275156277495083,3.2275156277495083
C06259,12.9566646,77.7148148,2,7,1.318855608760507,2.637711217521014
C06260,12.960334,77.7187368,3,7,0.7311797005540153,2.193539101662046
C06261,12.8407641,77.5972615,9,8,8.710888484862098,78.39799636375888
C06262,12.9706169,77.6470962,6,1,2.2522298393130935,13.513379035878561
C06263,12.9703082,77.636649,3,1,1.3855231762192128,4.156569528657639
C06264,12.9610086,77.7162207,4,7,0.9237979153129057,3.6951916612516227
C06265,12.9564964,77.7099936,2,7,1.7556679985190995,3.511335997038199
C06266,12.9836392,77.5855122,4,5,3.404088795395143,13.616355181580571
C06267,12.9572645,77.6594333,3,1,4.183568464374124,12.550705393122373
C06268,12.9688232,77.6137157,7,1,2.060405422901305,14.422837960309135
C06269,12.9652398,77.5346811,7,5,4.601761875063632,32.212333125445426
C06270,12.9275311,77.5457901,5,8,4.3211010298291015,21.605505149145507
C06271,12.845865,77.7752957,3,4,13.675024731815515,41.02507419544655
C06272,12.9603147,77.6371987,6,1,2.379290735238837,14.275744411433022
C06273,12.9787936,77.5874071,3,5,3.8734126239344033,11.62023787180321
C06274,12.964155,77.6387585,2,1,2.0767402516536255,4.153480503307251
C06275,12.9600943,77.5322543,3,5,5.221523625372748,15.664570876118244
C06276,12.9947937,77.6154296,4,1,2.173315309182017,8.693261236728068
C06277,13.023272,77.5615952,6,5,2.648006073585231,15.888036441511385
C06278,13.0419839,77.5557271,3,5,4.710778417657083,14.132335252971249
C06279,12.9862109,77.5563151,1,5,1.4954057279659545,1.4954057279659545
C06280,12.9759999,77.6318654,3,1,0.5696050712945707,1.708815213883712
C06281,12.9779764,77.6364717,4,1,0.8700397550485932,3.480159020194373
C06282,13.0016786,77.5503911,4,5,0.9286573055821505,3.714629222328602
C06283,12.9977886,77.7052095,6,7,4.204796413287463,25.228778479724777
C06284,12.916089,77.6351761,7,4,3.569941466419164,24.98959026493415
C06285,12.9027732,77.5837541,2,8,1.737738662663814,3.475477325327628
C06286,12.9902985,77.5708444,2,5,1.6709489186034197,3.3418978372068393
C06287,13.0324751,77.73094,2,7,7.559400263984485,15.11880052796897
C06288,13.0145543,77.5820008,5,5,3.0309963470597103,15.154981735298552
C06289,12.886737,77.6058237,9,8,4.206014827947299,37.85413345152569
C06290,12.9358801,77.5175515,3,3,2.701537684431745,8.104613053295235
C06291,12.9882809,77.5345825,3,5,2.8946404439341498,8.683921331802448
C06292,13.0976563,77.57052,9,2,2.7212901318383307,24.491611186544976
C06293,12.8829195,77.5831564,5,8,3.9362227988833003,19.681113994416503
C06294,13.0710107,77.5280137,5,2,6.4657299972247015,32.32864998612351
C06295,12.9482059,77.5987156,1,8,3.637162446561838,3.637162446561838
C06296,12.9441664,77.5969354,5,8,3.1502879087373743,15.751439543686871
C06297,12.8060222,77.6990896,2,4,10.688057145412246,21.376114290824493
C06298,12.9646789,77.6775679,2,7,5.033695832578325,10.06739166515665
C06299,13.0081055,77.6462934,3,1,3.631876746418608,10.895630239255823
C06300,13.0333056,77.5558276,2,5,3.752008986751071,7.504017973502142
C06301,12.9791513,77.6411317,3,1,1.3464093783736524,4.039228135120958
C06302,12.9725792,77.605539,1,1,2.6579234272837593,2.6579234272837593
C06303,12.9508407,77.6235723,6,1,3.2938247655507595,19.762948593304557
C06304,12.9194397,77.6098966,7,8,2.7601761616736544,19.32123313171558
C06305,13.1215659,77.6250507,1,2,6.251674827739544,6.251674827739544
C06306,13.1767348,77.6520502,7,6,3.816422034033581,26.714954238235066
C06307,13.0425476,77.5862489,2,2,4.05161042509991,8.10322085019982
C06308,12.9672031,77.541844,6,5,4.016334577948671,24.098007467692025
C06309,12.9617224,77.6366211,3,1,2.2113300102394216,6.633990030718264
C06310,12.9930832,77.5952394,3,1,3.9112685469671744,11.733805640901522
C06311,13.0104936,77.5839709,3,5,3.0037735458172152,9.011320637451647
C06312,13.1991497,77.7084515,8,6,4.518285742490101,36.14628593992081
C06313,12.9699145,77.639208,1,1,1.6027885459256652,1.6027885459256652
C06314,12.8847701,77.6080296,5,8,4.520374606626919,22.601873033134595
C06315,13.0608187,77.5873,7,2,2.0284699857914985,14.199289900540489
C06316,13.069536,77.6518323,5,2,7.113278039878936,35.56639019939468
C06317,12.9925175,77.5386168,17,5,2.309642891870408,39.26392916179694
C06318,12.9306982,77.5474396,2,8,4.245668696595494,8.491337393190989
C06319,13.023783,77.6399492,6,1,4.979525673608205,29.877154041649234
C06320,13.0087339,77.6134749,3,1,3.572812123792252,10.718436371376756
C06321,12.9315341,77.7341741,8,7,3.8193158720564795,30.554526976451836
C06322,12.9852368,77.6679566,3,1,4.290932994034791,12.872798982104374
C06323,12.9228196,77.6095716,3,8,2.765247978091868,8.295743934275604
C06324,12.9811057,77.6102575,8,1,2.012606596521572,16.100852772172576
C06325,12.8428119,77.6807481,2,4,6.160812636946773,12.321625273893545
C06326,12.981434,77.5957136,1,1,3.5914830118162255,3.5914830118162255
C06327,13.0115423,77.5553238,2,5,1.3787700995653975,2.757540199130795
C06328,12.9062422,77.5432349,5,8,4.679821949936183,23.399109749680914
C06329,12.9728117,77.6171498,9,1,1.5009084455969532,13.50817601037258
C06330,12.9482159,77.5859175,4,8,3.2979444296552844,13.191777718621138
C06331,12.9135524,77.666354,8,4,2.2435632647594614,17.94850611807569
C06332,12.9916281,77.570791,1,5,1.5804583626785311,1.5804583626785311
C06333,13.0102168,77.6580368,2,1,4.600655454186989,9.201310908373978
C06334,12.9544169,77.6485871,3,1,3.570186878247623,10.710560634742869
C06335,12.9835372,77.5858502,3,5,3.4413506342833897,10.324051902850169
C06336,12.9340007,77.6155974,4,8,3.7901156300560466,15.160462520224186
C06337,12.9024293,77.5688598,5,8,2.45554697970895,12.27773489854475
C06338,12.976095,77.7412921,2,7,2.278165108345355,4.55633021669071
C06339,12.9298531,77.6831469,4,4,4.686286281460266,18.745145125841063
C06340,12.9086283,77.6236311,3,4,4.203294155668236,12.60988246700471
C06341,13.0127702,77.6466864,2,1,4.100795121822509,8.201590243645018
C06342,13.0243106,77.5864003,3,5,4.073609949790716,12.220829849372148
C06343,12.987855,77.782224,3,7,6.835184470346116,20.50555341103835
C06344,12.8606652,77.7827104,3,7,13.152503333009033,39.457509999027096
C06345,12.9258679,77.6174532,3,8,3.6713810746500184,11.014143223950056
C06346,12.9589142,77.7221054,4,7,0.6534008797688139,2.6136035190752556
C06347,12.9422501,77.697291,2,7,3.8018899266212847,7.603779853242569
C06348,12.9336927,77.6224652,8,8,4.454371072699016,35.634968581592126
C06349,12.9928951,77.5887322,1,5,3.345753917683829,3.345753917683829
C06350,13.0729979,77.6228048,2,2,3.94240198488393,7.88480396976786
C06351,12.9856908,77.695283,23,7,3.8931628976034105,89.54274664487843
C06352,12.9134871,77.6063457,2,8,2.4353794214952686,4.870758842990537
C06353,13.1345227,77.7756037,1,6,10.379120274351939,10.379120274351939
C06354,12.9629203,77.605072,6,1,3.20309274767751,19.21855648606506
C06355,12.9288924,77.5574318,1,8,3.1576077632725568,3.1576077632725568
C06356,13.038891,77.6416016,3,1,6.649351128890729,19.94805338667219
C06357,12.9754442,77.6032582,15,1,2.81839236334886,42.2758854502329
C06358,12.9767481,77.6000646,1,1,3.13914293687161,3.13914293687161
C06359,12.9151076,77.5520366,1,8,3.5439710183689237,3.5439710183689237
C06360,12.9086807,77.6486567,1,4,1.9708695014895279,1.9708695014895279
C06361,12.9647441,77.587909,6,1,4.752815726346541,28.51689435807925
C06362,12.917235,77.5738847,7,8,1.1601363160231764,8.120954212162234
C06363,13.0292949,77.5549852,2,5,3.3194887130580506,6.638977426116101
C06364,12.9287843,77.6920128,5,4,5.1877937606426565,25.93896880321328
C06365,12.8596911,77.5286883,9,3,8.852599206887634,79.6733928619887
C06366,12.9784994,77.597578,12,1,3.3912831904567717,40.69539828548126
C06367,12.8657795,77.5392947,3,8,7.621744088960689,22.865232266882067
C06368,13.0260313,77.5462675,1,5,3.2277702469124576,3.2277702469124576
C06369,12.981032,77.6476959,2,1,2.0567040123055054,4.113408024611011
C06370,12.9904671,77.5880858,2,5,3.3477796093526124,6.695559218705225
C06371,12.9541032,77.717559,3,7,1.3465234280029288,4.039570284008787
C06372,12.9759635,77.717752,3,7,1.431690564820437,4.295071694461311
C06373,12.9130455,77.5557129,7,8,3.1822299567372614,22.27560969716083
C06374,13.0305385,77.5698806,8,5,3.6427499840603663,29.14199987248293
C06375,13.0308263,77.63508,3,1,5.650756059385122,16.952268178155364
C06376,12.9388733,77.5526901,7,8,4.127274360891213,28.89092052623849
C06377,12.9672706,77.5177583,4,3,4.771145000730291,19.084580002921165
C06378,12.9099561,77.6100099,3,8,2.9257582670514672,8.777274801154402
C06379,12.9418098,77.5558913,6,8,4.04096984592358,24.245819075541476
C06380,13.0209293,77.5255284,3,5,4.30645130105373,12.919353903161191
C06381,12.9884716,77.5558826,14,5,1.2599412331969349,17.639177264757087
C06382,13.1911701,77.6460017,1,6,5.131088692569293,5.131088692569293
C06383,12.9134132,77.6047308,2,8,2.266900745594072,4.533801491188144
C06384,12.9418173,77.5938336,3,8,2.7776770226511447,8.333031067953435
C06385,12.9921674,77.5683888,5,5,1.333537161304211,6.667685806521055
C06386,12.9607235,77.5285201,8,3,5.020331045328336,40.16264836262669
C06387,12.9497864,77.6990755,3,7,3.1543267381569975,9.462980214470992
C06388,12.9383537,77.5802162,1,8,2.2511428173585024,2.2511428173585024
C06389,12.9656224,77.5954265,6,1,3.9613677238524265,23.76820634311456
C06390,12.93157,77.5886035,6,8,1.5186901186756898,9.112140712054138
C06391,12.9390473,77.6283697,1,1,4.550808341680513,4.550808341680513
C06392,12.9603053,77.5295505,3,3,5.077574804412476,15.23272441323743
C06393,13.0553431,77.6018446,1,2,3.0867947335510424,3.0867947335510424
C06394,12.9216656,77.5808654,2,8,0.5308008994436412,1.0616017988872823
C06395,12.9715465,77.536606,2,5,3.9142019971862765,7.828403994372553
C06396,12.9386176,77.6288681,6,1,4.598178478269803,27.58907086961882
C06397,12.9813757,77.5632861,4,5,2.070637077059965,8.28254830823986
C06398,12.9864281,77.7166625,1,7,2.5485361906226838,2.5485361906226838
C06399,12.9659423,77.5925731,6,1,4.233007130756746,25.398042784540472
C06400,12.9973807,77.5411122,1,5,1.9193873760054405,1.9193873760054405
C06401,12.9986239,77.542782,4,5,1.7262988171288467,6.905195268515387
C06402,12.9911799,77.7176639,2,7,3.0268073533099242,6.0536147066198485
C06403,12.9683779,77.5380113,3,5,4.112089584769074,12.336268754307223
C06404,13.0191781,77.5709043,5,5,2.5494462530710593,12.747231265355296
C06405,12.9335142,77.6151725,5,8,3.7246589217970594,18.623294608985297
C06406,12.9361984,77.6214666,8,8,4.4689595869991345,35.751676695993076
C06407,12.9531249,77.5713559,3,8,4.094331102501783,12.282993307505347
C06408,12.960896,77.5746404,4,5,4.614283648679471,18.457134594717886
C06409,12.9684968,77.6063205,2,1,2.7579261302919265,5.515852260583853
C06410,13.0262951,77.5487549,4,5,3.152358310453664,12.609433241814656
C06411,13.0109716,77.5898822,5,5,3.6181918117876517,18.09095905893826
C06412,13.0673937,77.5540835,3,2,3.8031898146824434,11.40956944404733
C06413,12.9611373,77.7185673,1,7,0.6934267020916235,0.6934267020916235
C06414,12.9493264,77.5679362,4,8,3.8614004202583185,15.445601681033274
C06415,12.9830719,77.5969133,4,1,3.473480386563975,13.8939215462559
C06416,12.9478734,77.580172,2,8,3.2900901369128324,6.580180273825665
C06417,13.0984813,77.573668,1,2,2.5849022546446587,2.5849022546446587
C06418,12.9291956,77.5624757,9,8,2.6702704526636873,24.032434073973185
C06419,13.0213714,77.5630988,5,5,2.4659188243870913,12.329594121935457
C06420,13.0046704,77.5784545,3,5,2.2228822305662854,6.668646691698856
C06421,13.0278433,77.6043961,1,5,5.871209763708081,5.871209763708081
C06422,12.9303858,77.5839445,2,8,1.3220170975425907,2.6440341950851813
C06423,12.9422581,77.7473698,8,7,3.544181369389841,28.353450955118728
C06424,12.9594664,77.7183037,4,7,0.829762126998933,3.319048507995732
C06425,13.0163723,77.5203387,2,5,4.558323295258624,9.116646590517249
C06426,12.9122041,77.5784992,5,8,0.9501772558252705,4.750886279126353
C06427,12.9432633,77.5427751,2,8,5.297258679664983,10.594517359329966
C06428,13.024837,77.592089,9,5,4.584437759180209,41.25993983262188
C06429,12.9875682,77.5504525,9,5,1.5952660617054841,14.357394555349357
C06430,12.9588998,77.6649918,2,1,4.58250121204052,9.16500242408104
C06431,12.9921933,77.566505,2,5,1.176255162566356,2.352510325132712
C06432,12.9574238,77.569714,1,8,4.602475705079944,4.602475705079944
C06433,12.9861534,77.5382018,1,5,2.668604276028904,2.668604276028904
C06434,12.9243332,77.6737469,1,4,3.653358320012266,3.653358320012266
C06435,12.8872263,77.5541857,4,8,4.773090233549863,19.09236093419945
C06436,13.0865152,77.5937177,3,2,1.0929656141967425,3.2788968425902274
C06437,13.1111301,77.6043597,1,2,4.009848306592003,4.009848306592003
C06438,12.9383652,77.6983376,3,7,4.014640327242842,12.043920981728526
C06439,12.9904097,77.5891785,5,5,3.4629771669979053,17.314885834989525
C06440,13.0251206,77.7622055,5,7,7.88976830763696,39.448841538184794
C06441,13.0492614,77.5541009,1,2,4.868303424301404,4.868303424301404
C06442,12.9640386,77.6066011,3,1,2.9960136075439916,8.988040822631975
C06443,12.9935413,77.5740867,1,5,1.8007380565848379,1.8007380565848379
C06444,13.0281613,77.5793947,6,5,3.8876691023125063,23.32601461387504
C06445,13.1219137,77.6112879,6,2,5.417698890285766,32.50619334171459
C06446,13.0219685,77.5616946,2,5,2.5062231170590756,5.012446234118151
C06447,13.0298326,77.5534828,2,5,3.401687063929728,6.803374127859456
C06448,13.0234478,77.6282108,2,1,4.792701046086197,9.585402092172394
C06449,12.9562076,77.6947064,1,7,3.3042996514006053,3.3042996514006053
C06450,12.9611856,77.6388419,4,1,2.3675030248871916,9.470012099548766
C06451,12.975622,77.666082,3,1,4.08145438898668,12.24436316696004
C06452,13.0511145,77.6216144,7,2,4.87032619660023,34.09228337620161
C06453,13.0201491,77.6516628,2,1,5.076873379144718,10.153746758289437
C06454,13.134891,77.667885,2,6,3.8534450154465807,7.706890030893161
C06455,12.9636047,77.5773314,1,5,4.462773755717236,4.462773755717236
C06456,12.9962442,77.6965188,2,7,4.601770298671,9.203540597342
C06457,12.9155759,77.4444991,1,3,5.5623961449978,5.5623961449978
C06458,12.9823184,77.6099499,7,1,2.057221126468123,14.40054788527686
C06459,13.0575735,77.633121,2,2,5.54343051411492,11.08686102822984
C06460,12.8734934,77.4343507,4,3,9.056387733336116,36.225550933344465
C06461,12.8696154,77.5969714,3,8,5.573374113494132,16.720122340482394
C06462,12.9527838,77.5773469,1,8,3.878435790801393,3.878435790801393
C06463,12.9555082,77.7005091,3,7,2.7324100924081174,8.197230277224353
C06464,12.8727543,77.566445,5,8,5.425230071359556,27.12615035679778
C06465,12.9509145,77.5918962,1,8,3.68178891373834,3.68178891373834
C06466,12.9961919,77.6115235,6,1,2.580094083199017,15.480564499194102
C06467,12.9067133,77.5768586,2,8,1.5417879078665973,3.0835758157331945
C06468,12.9637461,77.6423898,2,1,2.342119361999259,4.684238723998518
C06469,12.9568137,77.7418407,5,7,2.124362571258023,10.621812856290116
C06470,12.9744947,77.6099658,2,1,2.1355662430620654,4.271132486124131
C06471,12.9394464,77.5838952,3,8,2.3245224472709642,6.973567341812893
C06472,12.9149192,77.5951905,3,8,1.225380469597583,3.676141408792749
C06473,12.9654318,77.52312,4,3,4.9659698165589825,19.86387926623593
C06474,13.0486481,77.5495673,1,2,5.283079746821025,5.283079746821025
C06475,12.916598,77.6086222,1,8,2.6277109800174334,2.6277109800174334
C06476,12.8829214,77.5662397,5,8,4.404666448018063,22.023332240090316
C06477,13.0407038,77.6245285,7,2,5.888476982054755,41.21933887438328
C06478,12.9723831,77.6184938,2,1,1.4089872169181192,2.8179744338362385
C06479,12.9761907,77.6026409,3,1,2.8704782828297755,8.611434848489326
C06480,13.0464358,77.7505035,4,7,9.514459340782459,38.057837363129835
C06481,12.9650246,77.5700688,5,5,4.014569127418541,20.072845637092705
C06482,12.9048595,77.6403067,1,4,2.38561831665639,2.38561831665639
C06483,12.9273559,77.5861504,2,8,1.0015015766830706,2.003003153366141
C06484,12.9757998,77.5605585,3,5,2.6340934629496724,7.902280388849017
C06485,12.974315,77.6366178,5,1,1.0693877930098636,5.346938965049318
C06486,12.9166576,77.5970419,19,8,1.376674237857221,26.1568105192872
C06487,12.9976962,77.6966942,3,7,4.713545343898298,14.140636031694894
C06488,12.9934162,77.608356,1,1,2.658254964736617,2.658254964736617
C06489,12.9107867,77.5454871,4,8,4.319941510179168,17.279766040716673
C06490,13.0032759,77.5723419,8,5,1.542133324086178,12.337066592689425
C06491,12.9352024,77.69745,4,7,4.3375050228755745,17.350020091502298
C06492,12.9217946,77.6698299,2,4,3.229912626177173,6.459825252354346
C06493,13.0564209,77.5072784,6,5,8.411945318567144,50.471671911402865
C06494,12.9073316,77.6109008,5,8,3.120343210526201,15.601716052631005
C06495,12.9277786,77.7458859,2,7,4.716415331875685,9.43283066375137
C06496,12.9726369,77.5278728,4,5,4.474967108649473,17.89986843459789
C06497,12.942301,77.6946741,7,7,4.01882979533344,28.131808567334083
C06498,12.961232,77.6388037,8,1,2.361032307504679,18.88825846003743
C06499,12.9809503,77.6935452,3,7,3.766129443846092,11.298388331538277
C06500,12.9715076,77.6943046,3,7,3.3077477451486548,9.923243235445964
C06501,12.9268392,77.4827859,8,3,1.2337652243783321,9.870121795026657
C06502,12.9959934,77.6128949,1,1,2.4584632095324,2.4584632095324
C06503,12.9876183,77.745951,5,7,3.4991850097318924,17.495925048659462
C06504,12.949167,77.5829491,1,8,3.4037591032155885,3.4037591032155885
C06505,13.0417641,77.5905954,7,2,4.155646991250334,29.089528938752338
C06506,13.0602839,77.6413478,3,2,6.254341156840068,18.763023470520203
C06507,12.9749602,77.5933387,8,1,3.8893136893331444,31.114509514665155
C06508,13.0840339,77.6348081,5,2,5.213953018088021,26.069765090440104
C06509,12.8020429,77.5749292,1,8,12.927755890347694,12.927755890347694
C06510,13.0272537,77.5774582,9,5,3.6858117339851826,33.17230560586664
C06511,12.9642875,77.5699161,10,5,4.087271979390331,40.87271979390331
C06512,13.1561232,77.681043,6,6,1.1095494308815748,6.657296585289449
C06513,12.9450817,77.6242547,2,1,3.9134487163335767,7.826897432667153
C06514,12.8887812,77.6158231,3,8,4.728779608227182,14.186338824681545
C06515,12.9900238,77.4435299,4,3,8.40717206099724,33.62868824398896
C06516,12.9469329,77.5238422,2,3,3.748001907862284,7.496003815724568
C06517,12.918619,77.5575275,11,8,2.9283786196175106,32.21216481579262
C06518,13.0219792,77.5846105,4,5,3.756682446020857,15.026729784083429
C06519,12.9209269,77.6514784,1,4,3.0612981654172624,3.0612981654172624
C06520,12.9963012,77.6135088,4,1,2.4370880319580364,9.748352127832145
C06521,13.0041618,77.5491817,3,5,1.1497620605046124,3.449286181513837
C06522,12.9395163,77.7229393,3,7,2.7721703783901948,8.316511135170584
C06523,13.0247481,77.7617897,3,7,7.830956791941375,23.492870375824126
C06524,13.0630176,77.5918405,6,2,1.8599432819445818,11.15965969166749
C06525,12.9490968,77.5109533,7,3,2.7420242933899197,19.194170053729437
C06526,12.8692835,77.5756453,4,8,5.5271396164971245,22.108558465988498
C06527,13.0507698,77.6211686,3,2,4.857715001946017,14.573145005838052
C06528,12.9530434,77.5737413,3,8,4.002807315405824,12.00842194621747
C06529,12.9848221,77.7111977,3,7,2.6369064621736986,7.910719386521096
C06530,12.9095054,77.6125948,2,8,3.2078699090499745,6.415739818099949
C06531,12.9828904,77.7183486,5,7,2.120121156255022,10.60060578127511
C06532,12.9741205,77.6729001,5,1,4.83705245109148,24.1852622554574
C06533,12.9282849,77.5868566,10,8,1.1178728198094456,11.178728198094456
C06534,13.0045752,77.7177464,8,7,4.482846411639361,35.86277129311489
C06535,12.9515319,77.5835405,2,8,3.662860696592749,7.325721393185498
C06536,12.9597398,77.6470189,6,1,3.0053364278823653,18.03201856729419
C06537,12.9645916,77.5308035,2,5,4.908591418941132,9.817182837882264
C06538,12.9876889,77.5496471,5,5,1.6349606970256065,8.174803485128033
C06539,13.0304655,77.6088898,2,2,5.887814070756738,11.775628141513476
C06540,12.9050954,77.5625485,2,8,2.8047335934089888,5.6094671868179775
C06541,13.0719995,77.5561432,4,2,3.4424362589672226,13.76974503586889
C06542,12.9449013,77.5968265,1,8,3.2190339783522592,3.2190339783522592
C06543,12.9626965,77.637232,1,1,2.1398539443955604,2.1398539443955604
C06544,13.0935051,77.5279929,3,2,6.599143297376178,19.797429892128534
C06545,12.9440595,77.6517665,4,1,4.711577377317029,18.846309509268117
C06546,12.9778557,77.5733035,3,5,2.8773991812291264,8.63219754368738
C06547,12.9244765,77.6668659,1,4,3.4209527560876554,3.4209527560876554
C06548,12.9687592,77.6012991,2,1,3.238274850312352,6.476549700624704
C06549,12.9564637,77.5337655,4,3,5.205678648374824,20.822714593499295
C06550,13.0104342,77.6583242,5,1,4.639609125102083,23.198045625510414
C06551,12.9819703,77.6441862,3,1,1.6854097316286447,5.056229194885934
C06552,13.0200444,77.6434466,7,1,4.694151008813184,32.85905706169228
C06553,12.9783775,77.63577,4,1,0.7848331369755034,3.1393325479020135
C06554,12.8842756,77.7761239,2,7,10.539468308914358,21.078936617828717
C06555,12.9706522,77.5978108,3,1,3.521895618707995,10.565686856123985
C06556,13.1263579,77.5916129,1,2,5.250326692542431,5.250326692542431
C06557,12.9069025,77.5416358,3,8,4.826428332504085,14.479284997512254
C06558,12.9947968,77.6152664,7,1,2.185416077961885,15.297912545733194
C06559,12.9136816,77.6077065,5,8,2.5750367903921623,12.87518395196081
C06560,12.9286181,77.7393805,9,7,4.315977507050426,38.84379756345383
C06561,12.9931426,77.5215787,3,5,4.086440808424043,12.259322425272128
C06562,12.9732274,77.5990105,9,1,3.3206318844481535,29.885686960033382
C06563,13.1652573,77.668347,3,6,1.8313316270386542,5.493994881115962
C06564,12.9763652,77.7046761,9,7,2.466620920639314,22.199588285753826
C06565,12.865897,77.599341,3,8,6.037039859162402,18.111119577487205
C06566,13.0632511,77.5910266,5,2,1.811951736418252,9.05975868209126
C06567,13.1542402,77.6400268,9,6,5.053308320908714,45.479774888178426
C06568,12.9191977,77.6655755,3,4,2.8200241713735785,8.460072514120736
C06569,12.9814061,77.6375417,4,1,0.9620812197798183,3.8483248791192732
C06570,12.871679,77.5426749,8,8,6.887173224197449,55.09738579357959
C06571,12.9263011,77.7261096,3,7,4.239685418114247,12.71905625434274
C06572,12.9952882,77.7177093,1,7,3.4705222521603276,3.4705222521603276
C06573,12.9818723,77.5637939,15,5,2.03177661070733,30.47664916060995
C06574,12.9521677,77.5204637,2,3,3.745518969867229,7.491037939734458
C06575,12.9752996,77.6031962,4,1,2.828006720122089,11.312026880488355
C06576,13.0061245,77.5647023,7,5,0.9818825324491852,6.873177727144297
C06577,12.9683669,77.7061857,2,7,1.9726573801359182,3.9453147602718364
C06578,13.0832148,77.6435867,2,2,6.154915285562942,12.309830571125884
C06579,12.9783995,77.5725967,4,5,2.785006394425709,11.140025577702836
C06580,12.9785758,77.6404995,1,1,1.2851370504658632,1.2851370504658632
C06581,12.9240167,77.5798117,3,8,0.7986027412811556,2.395808223843467
C06582,12.9275465,77.5757852,4,8,1.3811003650783433,5.524401460313373
C06583,12.9687933,77.6063684,3,1,2.7380990141726778,8.214297042518034
C06584,12.8328089,77.5906929,1,8,9.504288602466682,9.504288602466682
C06585,12.9805233,77.6288041,10,1,0.04083106105681445,0.4083106105681445
C06586,12.9190717,77.5936093,4,8,0.9918443964066751,3.9673775856267004
C06587,12.9936464,77.6615489,9,1,3.858907375122198,34.73016637609978
C06588,12.9728315,77.603711,3,1,2.8388150943686656,8.516445283105996
C06589,12.9966914,77.5730785,2,5,1.5962055996156161,3.1924111992312323
C06590,12.9343841,77.6127469,4,8,3.5381090696199,14.1524362784796
C06591,12.9386168,77.6968877,3,7,4.10565376834865,12.31696130504595
C06592,12.9072819,77.6065286,1,8,2.693158222742973,2.693158222742973
C06593,12.9671849,77.5925648,9,1,4.1846669278524296,37.66200235067187
C06594,12.9775623,77.6410916,2,1,1.367927630032044,2.735855260064088
C06595,12.9246557,77.5798061,1,8,0.8546811206934278,0.8546811206934278
C06596,12.912755,77.6353859,8,4,3.31519745163658,26.52157961309264
C06597,12.9748113,77.6703641,2,1,4.553960421120323,9.107920842240645
C06598,12.9858573,77.7081566,2,7,2.915974341217876,5.831948682435752
C06599,13.1998803,77.6349682,1,6,6.663647249888339,6.663647249888339
C06600,12.9757386,77.5711567,11,5,2.9617430977528265,32.57917407528109
C06601,12.9879713,77.5402233,1,5,2.3748531149440115,2.3748531149440115
C06602,12.9221365,77.5204974,3,3,3.159642907931998,9.478928723795994
C06603,12.9653758,77.5371458,6,5,4.443084892072234,26.658509352433402
C06604,12.9857167,77.427429,4,3,9.305413550604651,37.221654202418605
C06605,12.9587496,77.6566095,3,1,3.840440904535223,11.521322713605668
C06606,13.1039315,77.5743994,1,2,3.066777704658062,3.066777704658062
C06607,12.9933042,77.6131994,2,1,2.2307073821130188,4.4614147642260376
C06608,13.0246407,77.6415589,4,1,5.116281479492782,20.46512591797113
C06609,12.987796,77.537777,2,5,2.6121290539457998,5.2242581078915995
C06610,13.1025917,77.5960339,4,2,2.7740035558413147,11.096014223365259
C06611,13.049136,77.6453912,5,2,7.152626512695985,35.76313256347993
C06612,12.9805426,77.6405571,7,1,1.2801434449154327,8.961004114408029
C06613,12.9300073,77.6831267,1,4,4.699384769772574,4.699384769772574
C06614,12.9307493,77.5782213,15,8,1.5219302316113572,22.82895347417036
C06615,12.8488983,77.6575628,6,4,5.044141860616707,30.264851163700243
C06616,12.9228908,77.5143398,3,3,2.505450575969933,7.516351727909798
C06617,12.9471046,77.6807231,7,7,5.072761527635815,35.50933069345071
C06618,12.9278495,77.5462411,17,8,4.2819097996310225,72.79246659372738
C06619,12.9094755,77.5517032,1,8,3.6969131430142634,3.6969131430142634
C06620,12.967123,77.7187148,3,7,0.6344608679303794,1.903382603791138
C06621,12.9823231,77.6038881,1,1,2.7119278311213364,2.7119278311213364
C06622,12.8605083,77.78008,4,7,13.03159342889606,52.12637371558424
C06623,12.9730707,77.6471088,4,1,2.1396437336522003,8.558574934608801
C06624,12.9464207,77.5920877,3,8,3.203472750124117,9.610418250372351
C06625,13.0218605,77.5925224,2,5,4.429781679327542,8.859563358655084
C06626,13.1214566,77.6219934,1,2,6.028437238021986,6.028437238021986
C06627,13.0614616,77.6417635,4,2,6.254862364854844,25.019449459419377
C06628,12.9955728,77.5414094,9,5,1.9228119762240532,17.305307786016478
C06629,12.9603801,77.6367912,2,1,2.3559037490820063,4.711807498164013
C06630,13.0044375,77.5816016,5,5,2.5489520104239376,12.744760052119688
C06631,12.8962931,77.6357338,1,4,2.59216656142188,2.59216656142188
C06632,12.9922532,77.5913119,5,5,3.6345564909553927,18.172782454776964
C06633,12.9299283,77.6884809,3,4,5.033252026226777,15.099756078680333
C06634,12.8231413,77.6674188,2,4,7.937345885436695,15.87469177087339
C06635,12.9124842,77.6804597,2,4,3.0273068695693497,6.054613739138699
C06636,12.9060712,77.5922254,3,8,1.6073099469992667,4.8219298409978
C06637,12.9731241,77.6136623,4,1,1.8155899546203789,7.2623598184815155
C06638,13.0089055,77.4194221,1,3,11.70659088571876,11.70659088571876
C06639,12.9909378,77.4724563,3,3,6.935413634621885,20.806240903865657
C06640,12.9590643,77.5766371,3,8,4.575441224351419,13.726323673054257
C06641,12.9436624,77.5419997,2,8,5.392151990871733,10.784303981743466
C06642,12.9690389,77.6481056,12,1,2.433104415604174,29.19725298725009
C06643,12.8931436,77.5856019,2,8,2.8043693216467336,5.608738643293467
C06644,12.9918012,77.5379737,2,5,2.4025672842261137,4.805134568452227
C06645,13.0220604,77.638771,2,1,4.76405167716661,9.52810335433322
C06646,13.1057039,77.5774402,12,2,3.1185976058257086,37.4231712699085
C06647,13.0116335,77.5554138,5,5,1.3859981744373304,6.929990872186652
C06648,13.0435142,77.6018306,2,2,4.25875196511783,8.51750393023566
C06649,12.843408,77.6442785,7,4,5.885200266214258,41.19640186349981
C06650,13.0294938,77.5618421,4,5,3.335404599602951,13.341618398411804
C06651,13.0452407,77.6265876,4,2,5.702761571256657,22.811046285026627
C06652,13.0236171,77.6299246,3,1,4.81268634614508,14.43805903843524
C06653,12.9362755,77.6156791,2,8,3.918533890859793,7.837067781719586
C06654,12.9698611,77.6029825,4,1,3.0227196474047555,12.090878589619022
C06655,12.9337032,77.6215317,2,8,4.361176230137454,8.722352460274909
C06656,12.9988048,77.640553,12,1,2.4284638646912136,29.141566376294563
C06657,12.9364072,77.621398,1,8,4.472490087319382,4.472490087319382
C06658,12.9397017,77.7225877,10,7,2.7534181718471533,27.534181718471533
C06659,12.8405564,77.6514101,3,4,6.0278689639869,18.0836068919607
C06660,12.9713976,77.7081023,4,7,1.878779495941424,7.515117983765696
C06661,12.9751034,77.6028435,6,1,2.869760902135635,17.21856541281381
C06662,12.9743291,77.5449371,2,5,3.16167695574772,6.32335391149544
C06663,12.9875688,77.622314,6,1,1.0792618673676941,6.475571204206165
C06664,13.0102788,77.5553865,1,5,1.242399091735834,1.242399091735834
C06665,13.1740381,77.5403676,2,2,11.660102641750203,23.320205283500407
C06666,12.9703537,77.7127228,2,7,1.3766447965659463,2.7532895931318926
C06667,12.9512846,77.6230246,1,1,3.2562918354136716,3.2562918354136716
C06668,12.8960869,77.5860483,3,8,2.481724148708827,7.445172446126481
C06669,12.9519538,77.4987844,4,3,2.334837784021958,9.339351136087831
C06670,12.9748468,77.6789407,5,7,5.016063289159819,25.08031644579909
C06671,12.9982941,77.608715,4,1,2.9617200154449024,11.84688006177961
C06672,12.9855722,77.6019143,2,1,2.976556850547978,5.953113701095956
C06673,12.8755011,77.5806222,4,8,4.773268142190833,19.093072568763333
C06674,12.9652059,77.5346742,4,5,4.605280322294925,18.4211212891797
C06675,12.9196229,77.6130998,6,8,3.1085285155997426,18.651171093598457
C06676,13.0222447,77.638384,6,1,4.774561961462696,28.64737176877618
C06677,13.0026039,77.6347249,3,1,2.5676111655183274,7.702833496554982
C06678,12.9704409,77.6422083,2,1,1.8122833536058982,3.6245667072117964
C06679,12.9008254,77.7111061,2,4,5.646112133037941,11.292224266075882
C06680,12.8906991,77.6090805,2,8,4.070170829927408,8.140341659854816
C06681,12.9178136,77.5561808,3,8,3.075371591646892,9.226114774940676
C06682,12.8438792,77.6118972,4,4,7.6200585470003785,30.480234188001514
C06683,12.939978,77.7467408,5,7,3.677940718385338,18.38970359192669
C06684,12.8977323,77.5858706,3,8,2.298710006538322,6.896130019614967
C06685,13.123549,77.619059,3,2,6.020816351703009,18.062449055109028
C06686,12.9315457,77.6096252,4,8,3.089406672598106,12.357626690392424
C06687,13.0174924,77.5891779,2,5,3.8638177431667664,7.727635486333533
C06688,12.9227182,77.5839297,2,8,0.4759023738454516,0.9518047476909032
C06689,12.9312249,77.6225603,1,8,4.368057078027842,4.368057078027842
C06690,12.9783093,77.6426202,2,1,1.5172365599240933,3.0344731198481867
C06691,12.9294702,77.4868321,5,3,0.7158837495463097,3.5794187477315487
C06692,12.9419888,77.6230815,2,1,4.2698995271337035,8.539799054267407
C06693,12.8625695,77.5905278,3,8,6.2207237918730485,18.662171375619145
C06694,12.9745892,77.6196447,5,1,1.1668041614930076,5.834020807465038
C06695,12.9473511,77.7089272,5,7,2.5047944847555854,12.523972423777927
C06696,12.8594794,77.6344242,2,4,4.732476790820713,9.464953581641426
C06697,13.0206985,77.5844552,7,5,3.6514872799097238,25.560410959368067
C06698,12.9481188,77.5806443,7,8,3.310109357328337,23.17076550129836
C06699,12.9987756,77.6779628,2,1,5.724048910452117,11.448097820904234
C06700,13.0423775,77.7607737,2,7,9.500325703047668,19.000651406095336
C06701,13.0267913,77.6658288,8,1,6.544662520173607,52.35730016138886
C06702,13.1022087,77.6301433,3,2,5.330731079302705,15.992193237908115
C06703,12.9642935,77.6399182,1,1,2.1325176058097437,2.1325176058097437
C06704,12.9104408,77.5905547,1,8,1.1044084847024944,1.1044084847024944
C06705,12.9206511,77.6359691,3,4,3.869595762398639,11.608787287195916
C06706,12.9785803,77.5874857,1,5,3.894299872847292,3.894299872847292
C06707,13.007551,77.5793716,2,5,2.417402394487608,4.834804788975216
C06708,12.9732714,77.635996,3,1,1.0935657318322056,3.280697195496617
C06709,12.9906745,77.652392,9,1,2.8161745591042022,25.34557103193782
C06710,12.9022049,77.5358062,3,8,5.584584521933775,16.753753565801325
C06711,12.9168148,77.5040278,7,3,2.0266471290458496,14.186529903320947
C06712,13.0942914,77.5459382,9,2,4.762593718845995,42.86334346961395
C06713,12.9124437,77.6417882,9,4,2.7730774208932165,24.957696788038948
C06714,12.9876073,77.7468515,4,7,3.5658266861628176,14.26330674465127
C06715,12.9237424,77.5798372,1,8,0.7736238324577286,0.7736238324577286
C06716,13.0185548,77.5711095,5,5,2.5027845827931277,12.513922913965638
C06717,12.9803328,77.525118,7,5,4.215236395283965,29.50665476698775
C06718,12.9180306,77.6381771,3,4,3.493463531898756,10.480390595696267
C06719,12.9842206,77.5376737,11,5,2.838728898701648,31.22601788571813
C06720,12.951213,77.5941732,6,8,3.7752493000590306,22.651495800354184
C06721,13.0144549,77.7010779,5,7,6.057352496352493,30.286762481762466
C06722,12.9246386,77.6149532,7,8,3.377150898280606,23.640056287964242
C06723,12.9720322,77.680349,4,7,4.803832401801067,19.215329607204268
C06724,12.9539599,77.5847183,1,8,3.9302288946188004,3.9302288946188004
C06725,12.952392,77.6044575,2,1,4.05132012575377,8.10264025150754
C06726,13.0056571,77.5690976,8,5,1.3208388717946837,10.56671097435747
C06727,12.9571991,77.738507,2,7,1.779045612647109,3.558091225294218
C06728,12.9690393,77.6936106,3,7,3.329372439400967,9.988117318202901
C06729,12.9331913,77.6230591,2,8,4.493681896802303,8.987363793604606
C06730,12.9611473,77.5982936,12,1,3.9211450072543594,47.05374008705231
C06731,12.9824081,77.6378814,11,1,1.019893616527559,11.218829781803148
C06732,12.9362155,77.6259241,2,1,4.873881063682559,9.747762127365117
C06733,12.8931072,77.5912535,4,8,2.900184171666959,11.600736686667837
C06734,12.9137418,77.6063534,2,8,2.429983859300852,4.859967718601704
C06735,12.9361615,77.6224708,5,8,4.56539873582997,22.82699367914985
C06736,12.9229439,77.6757363,5,4,3.614712871308572,18.07356435654286
C06737,12.9676371,77.7493669,6,7,2.78297277825911,16.69783666955466
C06738,12.9338344,77.7584618,4,7,5.06091450396672,20.24365801586688
C06739,13.0798991,77.5124437,26,2,8.09255527516671,210.40643715433447
C06740,12.9391708,77.5841596,2,8,2.293390328532447,4.586780657064894
C06741,12.9100937,77.5504475,1,8,3.811216291294266,3.811216291294266
C06742,13.0209402,77.6792145,3,1,7.096958192702296,21.290874578106887
C06743,12.8001702,77.7148444,1,4,12.040441793498529,12.040441793498529
C06744,12.9198873,77.649348,1,4,3.0277767690590633,3.0277767690590633
C06745,12.9114084,77.6402556,2,4,2.813321891856032,5.626643783712064
C06746,13.0037901,77.5691874,2,5,1.2364843668009846,2.4729687336019692
C06747,12.9484631,77.5798653,2,8,3.3595328408828986,6.719065681765797
C06748,13.0241668,77.6369165,5,1,4.951495441823864,24.757477209119322
C06749,12.8438148,77.5511411,2,8,9.021213887620672,18.042427775241343
C06750,13.0550473,77.5347785,3,2,6.264965376867811,18.794896130603433
C06751,13.0688957,77.5550153,6,2,3.6533399157384703,21.92003949443082
C06752,12.989347,77.5559959,2,5,1.162967862246421,2.325935724492842
C06753,12.9422163,77.6228522,3,1,4.2486763036803765,12.74602891104113
C06754,12.9856477,77.6017275,4,1,2.998105251103639,11.992421004414556
C06755,12.9744413,77.610045,1,1,2.1290973956241612,2.1290973956241612
C06756,13.0069226,77.6399189,1,1,3.200597598555657,3.200597598555657
C06757,13.0705095,77.5557029,4,2,3.5299940165567065,14.119976066226826
C06758,13.1792446,77.6210099,5,6,7.135980346511396,35.67990173255698
C06759,12.9329953,77.6146513,14,8,3.648439221943452,51.078149107208326
C06760,12.9985875,77.5695254,4,5,1.183978846712334,4.735915386849336
C06761,12.9307116,77.6268424,6,8,4.79396938771318,28.763816326279084
C06762,12.9861037,77.6048389,3,1,2.680189690285551,8.040569070856652
C06763,12.9502519,77.7173864,4,7,1.7338625348182894,6.935450139273158
C06764,12.9877854,77.5385786,11,5,2.537593146383369,27.91352461021706
C06765,12.9302122,77.5150097,1,3,2.389306373374873,2.389306373374873
C06766,13.1040859,77.5705554,4,2,3.2886831547589073,13.154732619035629
C06767,12.8593687,77.7898968,15,7,13.67056069773322,205.05841046599832
C06768,12.9863422,77.5982398,4,1,3.3844337120091077,13.53773484803643
C06769,12.9206268,77.6850302,11,4,4.010495872197568,44.11545459417325
C06770,12.9512485,77.5903317,2,8,3.684902534488192,7.369805068976384
C06771,12.930044,77.4925848,3,3,0.18195082645645658,0.5458524793693698
C06772,12.9565561,77.5291798,3,3,4.79603043961812,14.388091318854359
C06773,12.8970998,77.5966803,1,8,2.708930681722179,2.708930681722179
C06774,12.9306698,77.5812807,1,8,1.3964507697255242,1.3964507697255242
C06775,12.9626572,77.6436102,2,1,2.519385713832862,5.038771427665724
C06776,12.8917386,77.5790448,6,8,3.0159846855619548,18.095908113371728
C06777,12.904979,77.5646338,6,8,2.6223703042216426,15.734221825329856
C06778,12.8751141,77.7666045,4,7,10.930864648296799,43.723458593187196
C06779,12.9629186,77.6126991,6,1,2.585617835158761,15.513707010952565
C06780,12.9762351,77.6083815,3,1,2.255680429163822,6.767041287491466
C06781,12.9600263,77.6449347,8,1,2.8362649333822785,22.690119467058228
C06782,12.9607015,77.7145185,3,7,1.1066596744309805,3.3199790232929414
C06783,12.9782029,77.6392532,3,1,1.1582354997075037,3.474706499122511
C06784,12.9608059,77.6372084,3,1,2.329603835584251,6.988811506752754
C06785,13.029318,77.5387997,5,5,3.939931344236519,19.699656721182595
C06786,12.9503444,77.7462664,2,7,2.8897690747095575,5.779538149419115
C06787,12.9823055,77.6082648,7,1,2.2388568620575766,15.671998034403035
C06788,13.0024805,77.5259388,2,5,3.566662213995004,7.133324427990008
C06789,12.9880925,77.7463754,2,7,3.5689994827705096,7.137998965541019
C06790,12.9212787,77.66221,5,4,2.9870718496687987,14.935359248343993
C06791,12.9721009,77.4604784,3,3,5.707484104078888,17.122452312236664
C06792,12.9874537,77.5385384,2,5,2.5603096575573656,5.120619315114731
C06793,12.9861036,77.670047,6,1,4.52895370050851,27.173722203051064
C06794,13.0474322,77.6285008,2,2,5.708385631314799,11.416771262629599
C06795,13.0013126,77.6238641,3,1,2.4018227327824557,7.205468198347367
C06796,12.9485634,77.6982951,9,7,3.2977061310566222,29.6793551795096
C06797,12.9715984,77.59652,10,1,3.627105770309641,36.27105770309641
C06798,12.9814915,77.6083334,10,1,2.2236524371143966,22.236524371143965
C06799,12.9836299,77.6064657,3,1,2.4518206368102824,7.355461910430847
C06800,13.0079659,77.7408356,8,7,5.14610188113782,41.16881504910256
C06801,13.0212414,77.6415983,2,1,4.756447312798928,9.512894625597855
C06802,12.9963493,77.6953479,2,7,4.693702920032501,9.387405840065002
C06803,12.9994472,77.6162584,1,1,2.5309082902600784,2.5309082902600784
C06804,12.8701786,77.6548332,11,4,2.731901239939657,30.05091363933623
C06805,12.9752578,77.5932697,2,1,3.891993848111351,7.783987696222702
C06806,13.0326661,77.7936337,3,7,10.684026791402372,32.052080374207115
C06807,12.9185148,77.5930565,2,8,0.9294924659850758,1.8589849319701517
C06808,13.0217968,77.6029889,5,1,5.392607825631999,26.963039128159995
C06809,12.9809918,77.7116952,3,7,2.2544074841336257,6.763222452400877
C06810,12.9305589,77.4850273,1,3,0.8789267534772045,0.8789267534772045
C06811,12.9393619,77.6094321,5,8,3.5617837460681163,17.808918730340583
C06812,12.8880139,77.5631493,1,8,4.089926457457613,4.089926457457613
C06813,12.9141469,77.6116922,2,8,2.991286018284612,5.982572036569224
C06814,12.9466123,77.6218766,1,1,3.787869398560002,3.787869398560002
C06815,12.9131875,77.6257144,1,4,4.218621467342676,4.218621467342676
C06816,12.9967359,77.6142917,4,1,2.4164674658822523,9.665869863529009
C06817,12.9659306,77.6616713,1,1,3.90343809043549,3.90343809043549
C06818,13.0649229,77.6517266,1,2,7.196191050865932,7.196191050865932
C06819,12.9817215,77.6056207,3,1,2.5191818928081764,7.557545678424529
C06820,12.9085772,77.6499484,2,4,1.8806373172162838,3.7612746344325676
C06821,12.9858641,77.7082776,13,7,2.908889622291189,37.81556508978546
C06822,12.985543,77.6930621,12,7,4.079010715250326,48.94812858300391
C06823,12.8846027,77.5522768,2,8,5.126601474145818,10.253202948291635
C06824,13.0017943,77.6236731,5,1,2.458430301601444,12.29215150800722
C06825,13.0632045,77.592116,6,2,1.8488219327591628,11.092931596554976
C06826,12.9974759,77.5602881,2,5,0.28743426209353334,0.5748685241870667
C06827,13.023254,77.6373861,1,1,4.861655640808288,4.861655640808288
C06828,12.9362323,77.5175665,3,3,2.7102064091221396,8.130619227366418
C06829,12.9479636,77.5682196,3,8,3.713824309173517,11.14147292752055
C06830,13.0939407,77.5818254,2,2,1.7324095635068715,3.464819127013743
C06831,12.9593219,77.7462984,5,7,2.4963433542035474,12.481716771017737
C06832,12.9445615,77.5680082,2,8,3.39938893952967,6.79877787905934
C06833,12.905429,77.583878,1,8,1.4434524903855515,1.4434524903855515
C06834,12.946588,77.6288423,4,1,3.715874239931847,14.863496959727389
C06835,12.90756,77.7964101,4,7,10.086426934836895,40.34570773934758
C06836,13.0448155,77.5569279,1,2,5.010053844600039,5.010053844600039
C06837,12.9753224,77.6255177,6,1,0.6411372832487532,3.846823699492519
C06838,12.9724108,77.6414024,1,1,1.6171872052465157,1.6171872052465157
C06839,12.9652304,77.6104334,2,1,2.5871085281136454,5.174217056227291
C06840,12.9314045,77.5924636,3,8,1.6742316264325239,5.022694879297571
C06841,12.8718208,77.5426537,2,8,6.876900896615117,13.753801793230235
C06842,12.9855619,77.5491096,2,5,1.8608979513038557,3.7217959026077114
C06843,13.0856754,77.5557494,12,2,3.469290807426729,41.63148968912075
C06844,12.9595419,77.748401,2,7,2.7138880219640433,5.427776043928087
C06845,13.0065047,77.5545009,18,5,0.8949392588017956,16.10890665843232
C06846,13.0430177,77.5130488,5,5,6.905337544654838,34.52668772327419
C06847,13.1817272,77.7591126,4,6,8.219635585082836,32.87854234033134
C06848,12.9590688,77.7162436,5,7,1.0311152881692094,5.155576440846047
C06849,12.9303756,77.583314,20,8,1.3257602427025827,26.515204854051653
C06850,12.9944482,77.6634697,2,1,4.085524122507399,8.171048245014799
C06851,12.9783537,77.635859,2,1,0.7948469934556791,1.5896939869113582
C06852,12.9599896,77.6356743,2,1,2.3547765379034793,4.709553075806959
C06853,12.9562278,77.5686719,3,8,4.520416369580714,13.56124910874214
C06854,12.9161183,77.6352486,1,4,3.566296974325611,3.566296974325611
C06855,12.984977,77.5535912,3,5,1.701568382853716,5.104705148561148
C06856,12.9133022,77.6064761,11,8,2.4538527957645884,26.992380753410472
C06857,12.9512697,77.5945254,4,8,3.7920818329564416,15.168327331825767
C06858,12.9942493,77.6613022,3,1,3.8607067876849004,11.5821203630547
C06859,12.9698357,77.7497385,2,7,2.8627939051245472,5.7255878102490945
C06860,12.9179053,77.6242849,6,8,4.320814414410346,25.92488648646208
C06861,13.0098821,77.4138097,2,3,12.20711230828597,24.41422461657194
C06862,13.0219401,77.6026255,12,5,5.378713760673418,64.54456512808102
C06863,12.9943979,77.5839177,13,5,2.799785658482884,36.39721356027749
C06864,12.9421715,77.585355,4,8,2.6269117113074176,10.50764684522967
C06865,12.9642609,77.7128559,3,7,1.2027944003342337,3.608383201002701
C06866,12.8756708,77.6718705,7,4,2.471153578686673,17.29807505080671
C06867,13.0950191,77.5775303,7,2,2.0369327473294807,14.258529231306365
C06868,13.0006702,77.6241339,2,1,2.326021419587018,4.652042839174036
C06869,12.988467,77.5936266,2,1,3.924558217661423,7.849116435322846
C06870,13.057719,77.6438735,1,2,6.609858950561741,6.609858950561741
C06871,12.9270546,77.5924036,4,8,1.2819036238807386,5.127614495522955
C06872,12.9776273,77.5695903,5,5,2.6985828031174233,13.492914015587116
C06873,12.9227574,77.4961638,1,3,1.0379386788870386,1.0379386788870386
C06874,13.0356116,77.5575791,2,5,3.9963761570223397,7.9927523140446795
C06875,12.9786742,77.6427655,1,1,1.5280050423635718,1.5280050423635718
C06876,12.9284055,77.5816846,2,8,1.1429834405344987,2.2859668810689975
C06877,12.9752032,77.6041852,5,1,2.7248042965031405,13.624021482515703
C06878,12.9309841,77.5836457,2,8,1.389958590272424,2.779917180544848
C06879,12.9634944,77.5677992,3,5,4.109685242075087,12.32905572622526
C06880,13.1993633,77.7092372,1,6,4.585797589953781,4.585797589953781
C06881,13.0955217,77.5409808,4,2,5.314351549781805,21.25740619912722
C06882,12.9368179,77.6148469,3,8,3.8719038982941467,11.61571169488244
C06883,12.9439008,77.6065864,2,8,3.699523652128483,7.399047304256966
C06884,12.9061299,77.5920538,3,8,1.5920880202755257,4.776264060826577
C06885,12.9690741,77.6481302,4,1,2.4334419026354994,9.733767610541998
C06886,12.9784436,77.6414352,2,1,1.387764172914425,2.77552834582885
C06887,13.0015161,77.6184996,1,1,2.6142547597208714,2.6142547597208714
C06888,12.9407143,77.5452009,12,8,4.926900316799325,59.1228038015919
C06889,13.1715485,77.5581007,2,2,10.699207370050623,21.398414740101245
C06890,12.9675896,77.5899521,3,1,4.4378952648455305,13.313685794536593
C06891,12.9602774,77.5128417,7,3,3.830935165522469,26.81654615865728
C06892,12.9090973,77.6425409,39,4,2.4578645398984817,95.8567170560408
C06893,12.9318712,77.7426857,1,7,4.1504279574038145,4.1504279574038145
C06894,12.9459208,77.5272291,5,3,4.034130768968115,20.170653844840576
C06895,13.1935086,77.4865293,2,2,16.70635167485887,33.41270334971774
C06896,12.9787621,77.6355097,2,1,0.7475782801380483,1.4951565602760966
C06897,12.9381687,77.5499568,2,8,4.338866343207663,8.677732686415325
C06898,13.1222805,77.6302967,2,2,6.697362462406631,13.394724924813262
C06899,13.079901,77.554396,3,2,3.5409587405618,10.6228762216854
C06900,12.8921612,77.6257291,1,4,3.678930418474642,3.678930418474642
C06901,12.9755632,77.5367385,6,5,3.5631692560688024,21.379015536412815
C06902,12.908153,77.5346211,3,3,5.207868621691943,15.623605865075827
C06903,12.8507137,77.6481224,4,4,4.994671485794367,19.978685943177467
C06904,13.0708963,77.5913313,2,2,1.0256717327732983,2.0513434655465965
C06905,12.9293288,77.5877091,3,8,1.253183655973184,3.7595509679195516
C06906,13.0003797,77.552997,4,5,0.621906184449217,2.487624737796868
C06907,12.9264311,77.6016717,1,8,2.063346075482684,2.063346075482684
C06908,12.9671432,77.716589,3,7,0.8476406100509243,2.542921830152773
C06909,13.0693666,77.5550299,2,2,3.6359798528932457,7.271959705786491
C06910,12.972638,77.5357479,2,5,3.878386957029817,7.756773914059634
C06911,13.016856,77.5682738,1,5,2.1840091348096013,2.1840091348096013
C06912,12.913347,77.606165,8,8,2.4198461829114937,19.35876946329195
C06913,13.0220667,77.6302525,2,1,4.642217533936889,9.284435067873778
C06914,12.9607352,77.4831822,7,3,3.3956690922805146,23.769683645963603
C06915,13.17415,77.5950592,7,6,9.830583891756016,68.8140872422921
C06916,12.9426523,77.5942721,1,8,2.881126590048312,2.881126590048312
C06917,12.9798531,77.7541055,2,7,3.688873079801707,7.377746159603414
C06918,13.0068079,77.5901833,20,5,3.5154537939867554,70.3090758797351
C06919,13.012893,77.7615811,11,7,6.735345497114739,74.08880046826214
C06920,12.9481111,77.6211966,3,1,3.641335649936648,10.924006949809943
C06921,13.0268483,77.5764654,4,5,3.589373571298242,14.357494285192969
C06922,13.0241418,77.5861513,2,5,4.0410508945214225,8.082101789042845
C06923,12.9756154,77.6173406,4,1,1.3388675854595498,5.355470341838199
C06924,13.0692601,77.6953433,2,6,10.68497517426659,21.36995034853318
C06925,12.9669964,77.7158509,1,7,0.918455731109419,0.918455731109419
C06926,12.8354996,77.4009393,1,3,14.602406250098182,14.602406250098182
C06927,12.9396745,77.7267965,3,7,2.770106828055703,8.310320484167109
C06928,12.9534194,77.573307,2,8,4.056506566114355,8.11301313222871
C06929,12.8291096,77.5868076,3,8,9.893091233464375,29.679273700393125
C06930,12.9591066,77.6545193,2,1,3.639106720122886,7.278213440245772
C06931,12.9204899,77.5958314,2,8,1.2512134766736636,2.502426953347327
C06932,12.9698139,77.6379119,6,1,1.5150121189120858,9.090072713472514
C06933,12.908545,77.6446411,4,4,2.248741263915096,8.994965055660384
C06934,13.1927382,77.6441037,3,6,5.398896551839054,16.19668965551716
C06935,12.9891463,77.5559752,6,5,1.1850494742339892,7.110296845403935
C06936,13.0648476,77.5596219,5,2,3.3678139943027716,16.839069971513858
C06937,12.9694804,77.6457024,9,1,2.185161951042873,19.666457559385854
C06938,12.9576956,77.5663234,2,5,4.704156619309833,9.408313238619666
C06939,12.9298642,77.5183216,2,3,2.7506752802584553,5.501350560516911
C06940,12.9950441,77.5885519,1,5,3.2823927616709745,3.2823927616709745
C06941,12.9230934,77.6515362,2,4,3.2901956122642884,6.580391224528577
C06942,12.9950789,77.6082101,7,1,2.776860848952036,19.43802594266425
C06943,13.0330528,77.533757,8,5,4.591266717763487,36.730133742107896
C06944,12.9964957,77.5426562,7,5,1.7691229460644182,12.383860622450928
C06945,13.070411,77.5911362,1,2,1.064699309708367,1.064699309708367
C06946,13.1091446,77.602978,7,2,3.7455274505056964,26.218692153539873
C06947,12.9177197,77.5799118,1,8,0.5044251051305013,0.5044251051305013
C06948,13.1025178,77.5961521,6,2,2.7709114292364436,16.62546857541866
C06949,12.9661151,77.7018878,3,7,2.399585234460842,7.198755703382526
C06950,12.9220603,77.593564,5,8,1.0623750879471543,5.311875439735772
C06951,13.0238651,77.6370524,1,1,4.921311584259038,4.921311584259038
C06952,12.8456194,77.6588954,8,4,5.403037335441698,43.22429868353358
C06953,12.9115867,77.6398924,1,4,2.8558754363729384,2.8558754363729384
C06954,12.9650368,77.641796,2,1,2.1909781034670455,4.381956206934091
C06955,13.0244837,77.6032818,2,5,5.576010974023778,11.152021948047556
C06956,13.0223417,77.6474158,1,1,5.089592586492089,5.089592586492089
C06957,12.9698924,77.7497282,4,7,2.862991942161741,11.451967768646965
C06958,12.9343711,77.6109597,12,8,3.370503007314813,40.446036087777756
C06959,13.0369408,77.5233884,21,5,5.63993437690571,118.43862191501992
C06960,12.9988132,77.5839495,4,5,2.7462488688390114,10.984995475356046
C06961,13.0039772,77.5509235,7,5,0.9737226664570177,6.816058665199123
C06962,13.033232,77.5690512,4,5,3.8980113397964478,15.592045359185791
C06963,12.9205173,77.6329082,5,4,4.086451374221904,20.432256871109523
C06964,12.9111236,77.6775281,3,4,2.690535478234951,8.071606434704853
C06965,12.967143,77.7075125,4,7,1.8057101744840773,7.222840697936309
C06966,12.9562307,77.6058639,5,1,3.6330444100003687,18.165222050001844
C06967,12.9739174,77.5702629,2,5,3.1016525892458175,6.203305178491635
C06968,12.9165578,77.6356311,3,4,3.56892370222738,10.70677110668214
C06969,12.9369036,77.7495017,3,7,4.131452392396159,12.394357177188475
C06970,13.0187276,77.6531389,6,1,5.022763422546767,30.1365805352806
C06971,13.0112166,77.6743939,2,1,6.0290856435829,12.0581712871658
C06972,13.0370182,77.6278442,3,1,6.295331088604886,18.88599326581466
C06973,12.983648,77.6090046,13,1,2.1804005961324076,28.345207749721297
C06974,12.9552296,77.6883054,7,7,4.002894361030275,28.020260527211928
C06975,12.9556136,77.7202264,9,7,1.0667376820790013,9.600639138711012
C06976,13.0434593,77.6423053,3,1,7.159903993773407,21.47971198132022
C06977,13.0291844,77.5590389,4,5,3.283476210831855,13.13390484332742
C06978,12.8570072,77.5399821,7,8,8.344511147422073,58.41157803195451
C06979,12.9690162,77.6936245,10,7,3.327498538488457,33.274985384884566
C06980,12.9750658,77.5976204,1,1,3.4283607119055497,3.4283607119055497
C06981,13.0178038,77.636448,1,1,4.2500389062589115,4.2500389062589115
C06982,12.9556558,77.7213933,8,7,1.0212078223159586,8.169662578527669
C06983,13.0361167,77.6283119,3,1,6.194934201631708,18.584802604895124
C06984,12.9738255,77.6262686,2,1,0.7515891107305409,1.5031782214610818
C06985,12.9105606,77.6326899,1,4,3.41825615864989,3.41825615864989
C06986,12.9368711,77.6248696,2,1,4.810182825676708,9.620365651353415
C06987,12.8471961,77.6541674,1,4,5.260360578129409,5.260360578129409
C06988,12.9559235,77.5923618,14,8,4.234528420359209,59.283397885028926
C06989,12.9754622,77.555843,3,5,2.6808718542788523,8.042615562836557
C06990,12.9065122,77.5904379,3,8,1.4710115171637335,4.413034551491201
C06991,12.8713439,77.5831454,5,8,5.216931339008046,26.08465669504023
C06992,12.9793609,77.7490769,7,7,3.1853874291223794,22.297712003856656
C06993,13.079106,77.5924753,6,2,0.5920848041357422,3.5525088248144527
C06994,12.9173125,77.5647372,7,8,2.1492204989300188,15.044543492510131
C06995,13.0112702,77.5556794,2,5,1.339893386486509,2.679786772973018
C06996,12.9962972,77.5719247,3,5,1.4835055315915195,4.450516594774559
C06997,13.0360827,77.575065,6,5,4.421241639418678,26.52744983651207
C06998,12.972691,77.5353502,2,5,3.9017424581566007,7.803484916313201
C06999,12.9970064,77.6960134,3,7,4.701627083148778,14.104881249446333
C07000,12.9137938,77.6090636,4,8,2.7170438124597625,10.86817524983905
C07001,12.8642338,77.5752249,6,8,6.085750346048789,36.51450207629273
C07002,12.9735246,77.5103522,1,3,5.003848242992524,5.003848242992524
C07003,12.9103939,77.481932,5,3,2.641696577202464,13.20848288601232
C07004,12.9708508,77.6474894,3,1,2.278197840924921,6.834593522774762
C07005,12.9678522,77.6364212,5,1,1.5951968841583266,7.975984420791633
C07006,12.9475264,77.6171647,6,1,3.825470763331046,22.952824579986277
C07007,12.8816585,77.5506615,10,8,5.485333822390476,54.853338223904764
C07008,12.9849929,77.7503729,9,7,3.656455084609737,32.90809576148763
C07009,12.9734366,77.6163896,9,1,1.5362574178219774,13.826316760397797
C07010,12.9265102,77.5839311,9,8,0.8937658853144412,8.04389296782997
C07011,13.0008257,77.6328326,4,1,2.330186635255469,9.320746541021876
C07012,12.9264033,77.561157,3,8,2.682573206363271,8.047719619089813
C07013,12.9373748,77.5494778,6,8,4.340827513938987,26.044965083633926
C07014,12.9606146,77.5565401,6,5,4.313023220338856,25.878139322033135
C07015,13.0052006,77.5609014,3,5,0.6738759946057283,2.021627983817185
C07016,12.9627848,77.7013932,4,7,2.4546331553769183,9.818532621507673
C07017,13.0411801,77.6204098,3,2,5.548786276103111,16.64635882830933
C07018,12.8854513,77.5668613,2,8,4.124735389925146,8.249470779850292
C07019,12.9518835,77.6081632,8,1,3.8471247646847853,30.776998117478282
C07020,12.9244017,77.5974792,3,8,1.5558003065699881,4.667400919709964
C07021,13.1033835,77.6236098,14,2,4.792213729061465,67.0909922068605
C07022,12.9734573,77.6163064,1,1,1.543064061628839,1.543064061628839
C07023,13.0021742,77.6598831,2,1,4.165008735963529,8.330017471927057
C07024,13.0061761,77.5647018,3,5,0.9861041920213955,2.958312576064187
C07025,12.9575682,77.7409586,7,7,2.0034210948422233,14.023947663895562
C07026,13.099148,77.587717,4,2,2.2159023949328507,8.863609579731403
C07027,13.0105633,77.5840397,4,5,3.0137253448555867,12.054901379422347
C07028,12.9917881,77.5707312,2,5,1.5652957843180153,3.1305915686360306
C07029,12.9107288,77.5993819,1,8,1.8286473374877161,1.8286473374877161
C07030,12.9479768,77.5830381,4,8,3.2716971289348677,13.086788515739471
C07031,12.971884,77.6554114,1,1,3.0335682145301983,3.0335682145301983
C07032,12.9717905,77.5372864,2,5,3.8478911697719402,7.6957823395438805
C07033,12.9917024,77.5703066,5,5,1.5322615279655034,7.661307639827517
C07034,12.9658172,77.6048515,2,1,3.0434629257712804,6.086925851542561
C07035,12.8774351,77.4902322,10,3,6.005645643993232,60.056456439932326
C07036,12.9666218,77.7141612,8,7,1.0854632394685089,8.683705915748071
C07037,12.9835004,77.5963419,1,1,3.5398886708150012,3.5398886708150012
C07038,12.9612252,77.638419,2,1,2.3427329183785415,4.685465836757083
C07039,12.9424297,77.6974177,1,7,3.778524721400622,3.778524721400622
C07040,12.9751544,77.6031683,2,1,2.8340771240592257,5.6681542481184515
C07041,12.8728416,77.5665732,6,8,5.411197882420656,32.46718729452394
C07042,12.9393832,77.6902156,2,7,4.59952656433594,9.19905312867188
C07043,12.9836565,77.6340156,5,1,0.6886571157714557,3.4432855788572785
C07044,12.9223362,77.5859995,1,8,0.45957502438293224,0.45957502438293224
C07045,12.9869837,77.4761025,6,3,6.397806043748657,38.38683626249194
C07046,12.8832909,77.5500857,2,8,5.395632055672155,10.79126411134431
C07047,12.9734282,77.6093454,3,1,2.2365370494426364,6.709611148327909
C07048,12.978163,77.5717468,3,5,2.75839327877644,8.27517983632932
C07049,12.9398014,77.725466,1,7,2.743592261976084,2.743592261976084
C07050,12.9241122,77.5664449,1,8,2.057648694053962,2.057648694053962
C07051,12.8846179,77.596233,7,8,3.9564395476089746,27.695076833262824
C07052,13.0275425,77.6043333,4,5,5.847721986375311,23.390887945501245
C07053,13.0388971,77.5896159,7,2,4.463748334515291,31.246238341607036
C07054,13.0227783,77.6014591,4,5,5.311047414969018,21.24418965987607
C07055,12.881085,77.4693753,4,3,6.156178973649903,24.62471589459961
C07056,12.9364031,77.6207917,1,8,4.413404906394731,4.413404906394731
C07057,12.9778982,77.5716,3,5,2.7754606069008916,8.326381820702675
C07058,12.9534355,77.5846438,3,8,3.8721403747108263,11.61642112413248
C07059,12.9065787,77.6822926,13,4,2.814716882131367,36.59131946770777
C07060,12.93599,77.5534094,5,8,3.8936345408985815,19.468172704492908
C07061,12.9151576,77.6995704,10,4,4.917118367998875,49.17118367998875
C07062,12.914543,77.6123719,5,8,3.0576507624236684,15.288253812118342
C07063,12.9731431,77.581687,2,5,3.8438758065193195,7.687751613038639
C07064,12.9749545,77.6075277,4,1,2.3770124231028977,9.508049692411591
C07065,12.9335749,77.5835766,4,8,1.676647145971963,6.706588583887852
C07066,12.9466304,77.6002559,2,8,3.557398853584022,7.114797707168044
C07067,13.0101269,77.5676903,3,5,1.529194001382069,4.587582004146207
C07068,13.0338576,77.568906,3,5,3.9598933517610932,11.87968005528328
C07069,12.9689605,77.545613,10,5,3.667520475369732,36.67520475369732
C07070,12.9511568,77.622471,1,1,3.2821744861062956,3.2821744861062956
C07071,12.9077497,77.6445912,8,4,2.19246446425365,17.5397157140292
C07072,12.9413673,77.6240803,2,1,4.323877108878293,8.647754217756585
C07073,12.9300005,77.5703092,1,8,2.0015626546195673,2.0015626546195673
C07074,13.1982399,77.7137736,8,6,4.786611073948684,38.292888591589474
C07075,12.9760475,77.6046532,6,1,2.6574738617020603,15.944843170212362
C07076,13.0049038,77.5694286,8,5,1.3118877419416661,10.495101935533329
C07077,12.9757456,77.6022593,6,1,2.9192606218171755,17.515563730903054
C07078,12.9071935,77.5602324,14,8,2.914699306711343,40.80579029395881
C07079,12.9972417,77.560491,5,5,0.3214239351964971,1.6071196759824855
C07080,12.9155609,77.6365815,3,4,3.418137217313736,10.254411651941208
C07081,12.8356629,77.6913067,4,4,7.363913218332072,29.455652873328287
C07082,12.9605112,77.6435673,8,1,2.7035354469346946,21.628283575477557
C07083,12.8789245,77.5455065,2,8,6.088717841077899,12.177435682155798
C07084,13.0245647,77.5783085,2,5,3.497384278652889,6.994768557305778
C07085,12.9566683,77.7099226,3,7,1.7527792727469191,5.258337818240758
C07086,12.9184735,77.670746,1,4,2.9278201045207193,2.9278201045207193
C07087,12.9344461,77.611403,4,8,3.4159247758207942,13.663699103283177
C07088,12.8760994,77.5956161,1,8,4.8414871193858415,4.8414871193858415
C07089,12.9365646,77.6207273,3,8,4.415248768113648,13.245746304340944
C07090,13.0360107,77.5211853,6,5,5.731891006775394,34.391346040652365
C07091,13.0842726,77.5602567,2,2,2.9590129083881638,5.9180258167763276
C07092,13.0039371,77.5537911,11,5,0.7196745009264457,7.916419510190902
C07093,12.9763991,77.6032637,1,1,2.8001626247699214,2.8001626247699214
C07094,12.9245272,77.5870647,8,8,0.7277018701149296,5.821614960919437
C07095,12.9716726,77.6573587,5,1,3.2424434445802666,16.212217222901334
C07096,12.9524178,77.5889783,1,8,3.790822861994687,3.790822861994687
C07097,12.9588514,77.5661045,22,5,4.574032710348665,100.62871962767063
C07098,13.0605545,77.7156056,3,7,10.667852278569173,32.00355683570752
C07099,12.9779713,77.5712469,2,5,2.7492352758165617,5.498470551633123
C07100,13.0243119,77.5482645,1,5,2.9667781942782177,2.9667781942782177
C07101,13.027731,77.6317491,3,1,5.2763701377653645,15.829110413296092
C07102,12.9724234,77.6518118,3,1,2.643690584663986,7.931071753991958
C07103,13.0266388,77.5911497,4,5,4.630873812090473,18.523495248361893
C07104,12.9759242,77.622773,3,1,0.8021829929160185,2.4065489787480554
C07105,12.9590696,77.6573858,5,1,3.8857275010821453,19.428637505410727
C07106,12.9724422,77.6518046,3,1,2.642277683446039,7.926833050338116
C07107,12.9840501,77.596628,1,1,3.515939810720121,3.515939810720121
C07108,12.9564439,77.7340271,3,7,1.4159066361236277,4.2477199083708825
C07109,13.02241,77.697152,1,7,7.035354149002521,7.035354149002521
C07110,12.9497654,77.5840136,4,8,3.466247014134446,13.864988056537785
C07111,13.1025776,77.6282994,2,2,5.1763278941173,10.3526557882346
C07112,12.9966967,77.6921457,4,7,4.9579788509878595,19.831915403951438
C07113,13.0264736,77.599251,8,5,5.32078489225478,42.56627913803824
C07114,12.9365363,77.5167879,2,3,2.6339721727525975,5.267944345505195
C07115,13.0087275,77.6270271,7,1,3.1684748023998113,22.17932361679868
C07116,12.8843556,77.5960661,2,8,3.9781769839313696,7.956353967862739
C07117,12.9561392,77.7320097,11,7,1.27832332006931,14.06155652076241
C07118,12.9772724,77.636354,3,1,0.8828638200145549,2.6485914600436646
C07119,12.9430815,77.7472952,2,7,3.475436771505426,6.950873543010852
C07120,12.9165245,77.6032301,5,8,2.04535457814916,10.226772890745801
C07121,12.9747756,77.6151783,2,1,1.591338612455337,3.182677224910674
C07122,12.8825322,77.5660077,2,8,4.454477774939629,8.908955549879257
C07123,12.8876178,77.6030677,2,8,3.9646887133957676,7.929377426791535
C07124,12.9136855,77.6051806,3,8,2.3071856066478658,6.921556819943597
C07125,12.9593018,77.5683815,8,5,4.575588661434612,36.604709291476894
C07126,13.0712038,77.6731772,1,2,9.390891126108327,9.390891126108327
C07127,13.0272498,77.6329512,3,1,5.232901030841663,15.698703092524987
C07128,13.0217093,77.524089,5,5,4.484426901469837,22.422134507349185
C07129,12.9687626,77.636944,4,1,1.542004294445042,6.168017177780168
C07130,12.9852598,77.6442717,8,1,1.7749930169248074,14.199944135398459
C07131,12.9811614,77.636668,3,1,0.8644231425998274,2.5932694277994823
C07132,13.1871393,77.7756191,3,6,10.100265910921607,30.30079773276482
C07133,12.924066,77.4982484,5,3,1.009098899758401,5.045494498792005
C07134,13.0071676,77.5790958,4,5,2.374133862128677,9.496535448514708
C07135,12.9668909,77.6093255,3,1,2.5715479265927486,7.714643779778246
C07136,12.9089466,77.6495173,5,4,1.9406675288449005,9.703337644224503
C07137,12.9123213,77.5855908,2,8,0.6892791450982211,1.3785582901964422
C07138,12.9730699,77.6409199,2,1,1.5344698951219258,3.0689397902438516
C07139,13.0354035,77.5283456,2,5,5.157378306152798,10.314756612305596
C07140,13.0530655,77.6050627,9,2,3.487969047488381,31.391721427395428
C07141,12.8298795,77.4120769,1,3,14.287287571209482,14.287287571209482
C07142,12.9879241,77.5370622,4,5,2.6728949311620176,10.69157972464807
C07143,12.913857,77.6665123,3,4,2.281074433062368,6.843223299187104
C07144,12.9900777,77.590988,1,5,3.661652844368932,3.661652844368932
C07145,13.0080767,77.4848449,4,5,8.067599424771126,32.270397699084505
C07146,12.9942724,77.6288179,5,1,1.5626767206495464,7.813383603247733
C07147,12.9957625,77.6949399,5,7,4.67487010212117,23.374350510605847
C07148,12.9125207,77.6064232,1,8,2.469857152349147,2.469857152349147
C07149,13.0333376,77.5329187,9,5,4.670634237853909,42.03570814068518
C07150,12.9364743,77.6166077,2,8,4.01685700727837,8.03371401455674
C07151,12.9572323,77.6179802,5,1,2.794952951208716,13.97476475604358
C07152,12.9698038,77.6163373,6,1,1.7706906458353593,10.624143875012155
C07153,13.0195687,77.6371797,2,1,4.457366985768924,8.914733971537848
C07154,12.9326219,77.5161453,5,3,2.5099122036959014,12.549561018479507
C07155,12.9987184,77.552661,3,5,0.6571858953934523,1.9715576861803568
C07156,12.9647359,77.7175667,1,7,0.69128011627207,0.69128011627207
C07157,13.0255127,77.6515929,8,1,5.5988057861008755,44.790446288807004
C07158,12.9509047,77.6236201,2,1,3.2859580126851875,6.571916025370375
C07159,12.9279589,77.6008251,2,8,2.0615999959053313,4.1231999918106625
C07160,13.055117,77.6460309,3,2,6.9342314694934135,20.802694408480242
C07161,12.9064778,77.5959125,4,8,1.8150439201246416,7.260175680498566
C07162,12.9670863,77.7025092,3,7,2.3427990958700353,7.028397287610106
C07163,12.934193,77.61286,5,8,3.538299276867022,17.69149638433511
C07164,12.9607245,77.5464821,1,5,4.493537599683192,4.493537599683192
C07165,12.9656864,77.5962047,2,1,3.881389686530451,7.762779373060902
C07166,13.0648967,77.4434208,3,5,14.448870952312058,43.346612856936176
C07167,12.8362983,77.6250349,13,4,7.445461948026833,96.79100532434883
C07168,13.0358933,77.7357104,3,7,8.002277055674584,24.006831167023755
C07169,12.905899,77.5417339,7,8,4.846843253124418,33.927902771870926
C07170,13.0178803,77.5537255,3,5,2.101333267103127,6.303999801309381
C07171,12.9688998,77.6365675,2,1,1.506267231203459,3.012534462406918
C07172,12.9792377,77.6418762,3,1,1.4262584234830118,4.278775270449035
C07173,12.9221941,77.5850375,3,8,0.4180403385813721,1.2541210157441163
C07174,12.8791199,77.6382724,5,4,2.863253207930538,14.316266039652689
C07175,13.0595453,77.5900956,9,2,2.1947427349147017,19.752684614232315
C07176,13.0000391,77.6770943,4,1,5.688820820529184,22.755283282116736
C07177,12.9145208,77.5207033,8,3,3.5494020959421233,28.395216767536986
C07178,12.9809601,77.6156482,2,1,1.4274360246646618,2.8548720493293236
C07179,12.9067581,77.58791,2,8,1.3467789113351836,2.693557822670367
C07180,12.9759634,77.6026133,2,1,2.8773914427682747,5.7547828855365495
C07181,12.9984145,77.5558812,4,5,0.3256065759320465,1.302426303728186
C07182,12.8496608,77.6638059,3,4,4.976975541788056,14.930926625364167
C07183,12.9588377,77.6551114,6,1,3.707589586504291,22.245537519025746
C07184,12.9269036,77.6828134,2,4,4.395714343974422,8.791428687948844
C07185,12.9568142,77.6538254,3,1,3.7516231503310413,11.254869450993123
C07186,12.9664718,77.7279846,5,7,0.4894555259190554,2.447277629595277
C07187,12.9516069,77.4718966,1,3,3.188453436209256,3.188453436209256
C07188,12.9643071,77.6437722,15,1,2.3937515570656602,35.9062733559849
C07189,12.9446031,77.594529,3,8,3.0926199070106613,9.277859721031984
C07190,12.9117609,77.6816564,1,4,3.075480362322848,3.075480362322848
C07191,12.957998,77.6037312,4,1,3.6614470765649414,14.645788306259766
C07192,12.9063508,77.5863145,3,8,1.354318427361487,4.062955282084461
C07193,12.9993056,77.5494692,3,5,0.9978582163533135,2.9935746490599406
C07194,13.0346551,77.5678409,7,5,4.014444258832789,28.101109811829524
C07195,12.9846593,77.7511117,6,7,3.697401598269378,22.18440958961627
C07196,12.9235556,77.5798613,4,8,0.7563574607609498,3.025429843043799
C07197,13.0193324,77.6335714,5,1,4.367943874028425,21.839719370142127
C07198,12.967881,77.5962129,3,1,3.7867642285350747,11.360292685605224
C07199,12.9780953,77.5875155,12,5,3.9290767095019747,47.1489205140237
C07200,12.9318415,77.6914263,1,7,5.055485634786303,5.055485634786303
C07201,12.9280908,77.6722201,4,4,3.9736591497480553,15.894636598992221
C07202,12.9378558,77.5755369,3,8,2.357593165418834,7.072779496256501
C07203,12.9519422,77.6397478,6,1,3.3427957329266036,20.05677439755962
C07204,12.9647608,77.5324347,2,5,4.786471795954525,9.57294359190905
C07205,12.9417827,77.6970843,1,7,3.852627012474178,3.852627012474178
C07206,12.9637778,77.6423423,4,1,2.3361431649066025,9.34457265962641
C07207,13.0577032,77.5957551,4,2,2.5554676963696825,10.22187078547873
C07208,12.9781121,77.7693161,9,7,5.151693559290043,46.365242033610386
C07209,12.9240635,77.553429,1,8,3.4299513234011925,3.4299513234011925
C07210,13.1945923,77.643401,7,6,5.578913058883037,39.05239141218126
C07211,12.9767716,77.5738816,17,5,3.012128839962166,51.206190279356825
C07212,12.8881605,77.5820229,3,8,3.364129365936498,10.092388097809494
C07213,12.9876847,77.4932046,1,3,6.20523545714904,6.20523545714904
C07214,13.1214057,77.6140329,2,2,5.520826341719312,11.041652683438624
C07215,12.8145595,77.7510973,3,4,13.307781382525292,39.923344147575875
C07216,13.0256601,77.4476441,5,3,11.516355095512816,57.58177547756408
C07217,12.9708568,77.6072945,2,1,2.548681554800723,5.097363109601446
C07218,12.9894133,77.5560959,10,5,1.153193540082648,11.53193540082648
C07219,13.0456386,77.6267858,2,2,5.690167479277601,11.380334958555203
C07220,12.8709825,77.7338236,1,4,8.47613360630347,8.47613360630347
C07221,12.9391792,77.7211107,7,7,2.8240427485523267,19.768299239866288
C07222,12.9117456,77.6428015,1,4,2.6411741008658507,2.6411741008658507
C07223,12.8759706,77.5296955,3,3,7.333429852739815,22.000289558219446
C07224,12.9115888,77.5583535,29,8,2.938661007725914,85.22116922405151
C07225,12.9373532,77.6195239,3,8,4.340620101716593,13.02186030514978
C07226,12.9226136,77.5601654,2,8,2.681681608748186,5.363363217496372
C07227,13.0359019,77.58927,3,2,4.792624165894256,14.377872497682766
C07228,12.9784912,77.6414337,3,1,1.386892801346933,4.160678404040799
C07229,13.1341639,77.6695965,4,6,3.8383138764884492,15.353255505953797
C07230,12.9752226,77.5955056,5,1,3.652374681269889,18.261873406349444
C07231,12.9389445,77.7244923,2,7,2.834040427673968,5.668080855347936
C07232,12.9120672,77.6492031,11,4,2.25201633712323,24.77217970835553
C07233,12.9130339,77.6101804,4,8,2.852704961151989,11.410819844607955
C07234,13.0295068,77.5401118,6,5,3.8817112121478576,23.290267272887146
C07235,12.8834298,77.5900572,2,8,3.923796701282916,7.847593402565832
C07236,13.0188553,77.4982868,8,5,6.893295039160619,55.14636031328495
C07237,13.0011328,77.6116423,3,1,2.974833350027463,8.924500050082388
C07238,12.9593539,77.5266218,4,3,4.765019632737076,19.060078530948303
C07239,12.9118512,77.5525391,2,8,3.5461674378072927,7.092334875614585
C07240,12.9227933,77.5835861,2,8,0.4902877656979946,0.9805755313959892
C07241,12.9256044,77.625335,5,8,4.504411234160392,22.52205617080196
C07242,13.1057125,77.57246,2,2,3.3386425136019424,6.677285027203885
C07243,13.1354991,77.5790525,2,2,6.298067489423243,12.596134978846486
C07244,13.04098,77.6243953,2,2,5.856399845284512,11.712799690569025
C07245,12.9802784,77.6404705,5,1,1.2700991109803328,6.350495554901664
C07246,12.9362684,77.6076884,2,8,3.1983275149617483,6.3966550299234965
C07247,12.9677004,77.5450862,3,5,3.8182660430929647,11.454798129278894
C07248,12.8790829,77.7627101,3,7,10.355475390187827,31.06642617056348
C07249,12.9117627,77.6326055,1,4,3.49729330410442,3.49729330410442
C07250,12.9893217,77.5559902,1,5,1.165834255428676,1.165834255428676
C07251,13.0354596,77.5269947,4,5,5.256823676838832,21.027294707355328
C07252,12.8638253,77.5533518,2,8,6.928592258727204,13.857184517454408
C07253,13.0086889,77.5689221,7,5,1.5066926221896226,10.54684835532736
C07254,12.9065319,77.5866397,7,8,1.3401680913512075,9.381176639458452
C07255,12.9117442,77.6440855,5,4,2.5471827827516043,12.735913913758022
C07256,13.1940925,77.6439815,12,6,5.4955181452310455,65.94621774277255
C07257,13.0620593,77.648917,3,2,6.978181089134226,20.93454326740268
C07258,12.9653425,77.538099,5,5,4.392757470721509,21.963787353607547
C07259,12.987826,77.7477949,2,7,3.6550847533625452,7.3101695067250905
C07260,12.973603,77.6132599,18,1,1.8335372673956127,33.003670813121026
C07261,12.9733018,77.6138178,13,1,1.7919361692931275,23.295170200810656
C07262,12.8846245,77.5527796,3,8,5.0877215628799926,15.263164688639979
C07263,13.0465803,77.5755743,4,2,3.8123151425051716,15.249260570020686
C07264,13.0588652,77.581031,9,2,2.3366479714809936,21.02983174332894
C07265,12.9567814,77.7169855,3,7,1.142814574470192,3.4284437234105765
C07266,12.9092617,77.5817945,2,8,1.0590847265470287,2.1181694530940574
C07267,12.934784,77.6159841,6,8,3.867327564619168,23.20396538771501
C07268,12.9008369,77.6406211,4,4,2.172403832892754,8.689615331571016
C07269,12.9518521,77.7001674,4,7,2.9375637759090454,11.750255103636182
C07270,12.9808281,77.6368027,2,1,0.8750199120757687,1.7500398241515374
C07271,12.9725727,77.6205365,1,1,1.2263322602858269,1.2263322602858269
C07272,12.8452479,77.6653173,4,4,5.479943666686365,21.91977466674546
C07273,12.9383181,77.7472979,6,7,3.8553410999261875,23.132046599557125
C07274,13.059096,77.6431078,3,2,6.478568954877711,19.435706864633133
C07275,13.021693,77.6404039,9,1,4.7683082026695205,42.91477382402569
C07276,12.994772,77.6613103,2,1,3.8852459006220856,7.770491801244171
C07277,12.9783817,77.6362087,2,1,0.8309118391064052,1.6618236782128104
C07278,12.8863886,77.6095157,3,8,4.469969442063242,13.409908326189726
C07279,12.9438932,77.6235775,3,1,4.053580102524773,12.160740307574319
C07280,13.0274673,77.6319806,6,1,5.248842456700804,31.493054740204826
C07281,12.9795731,77.6455423,2,1,1.8217677397148715,3.643535479429743
C07282,13.019212,77.5709043,9,5,2.5526491869854704,22.973842682869233
C07283,13.0514401,77.576034,13,2,3.289951141881779,42.76936484446313
C07284,12.9577993,77.7009213,3,7,2.607223652485806,7.821670957457418
C07285,12.97387,77.5446917,8,5,3.219052267155856,25.75241813724685
C07286,12.9393831,77.5641393,2,8,3.20188418441914,6.40376836883828
C07287,12.9616161,77.5986353,7,1,3.8620670430361423,27.034469301252997
C07288,13.0586588,77.591111,7,2,2.3104061180032245,16.17284282602257
C07289,12.9060669,77.5836596,6,8,1.3742858403794813,8.245715042276888
C07290,12.9368715,77.6888055,3,7,4.891432104720067,14.674296314160202
C07291,12.9557192,77.7220254,1,7,0.9980029792620828,0.9980029792620828
C07292,13.071136,77.589502,2,2,0.9262275134125388,1.8524550268250777
C07293,12.9702565,77.7122947,2,7,1.4130424121144498,2.8260848242288996
C07294,12.8790736,77.7626442,2,7,10.353507811608743,20.707015623217487
C07295,12.9756889,77.5636781,4,5,2.693949595553937,10.775798382215749
C07296,12.9688976,77.7015009,2,7,2.482577047410197,4.965154094820394
C07297,12.9153968,77.6491631,2,4,2.5801050478041336,5.160210095608267
C07298,12.9116751,77.6350367,2,4,3.2741339591250584,6.548267918250117
C07299,12.9961891,77.613053,2,1,2.4620323948518905,4.924064789703781
C07300,13.0234578,77.5489865,7,5,2.8497732627683794,19.948412839378655
C07301,13.0043554,77.5612818,2,5,0.6058696744456185,1.211739348891237
C07302,13.0201254,77.5900049,2,5,4.095863713175633,8.191727426351266
C07303,13.0002247,77.5519605,2,5,0.7312794358685799,1.4625588717371598
C07304,12.9977215,77.5488179,4,5,1.0867274716882627,4.346909886753051
C07305,12.8809055,77.6010003,5,8,4.526402127776692,22.63201063888346
C07306,12.9696313,77.6405798,1,1,1.732235949953518,1.732235949953518
C07307,12.9743829,77.6150015,7,1,1.625744907804212,11.380214354629485
C07308,12.9639276,77.6474771,9,1,2.7112817519135075,24.401535767221567
C07309,13.0401032,77.6246913,2,2,5.948826723918232,11.897653447836465
C07310,12.9621218,77.6365629,2,1,2.168125951908783,4.336251903817566
C07311,12.9139511,77.5669835,2,8,1.9658706005594253,3.9317412011188506
C07312,12.9666911,77.6100815,2,1,2.5176415555429505,5.035283111085901
C07313,12.9737451,77.6415863,4,1,1.5617233881151535,6.246893552460614
C07314,12.9856803,77.5958897,1,1,3.621553459428963,3.621553459428963
C07315,12.9724885,77.6509541,2,1,2.553365008377211,5.106730016754422
C07316,13.0418385,77.6246847,10,2,5.810272573308481,58.10272573308481
C07317,12.9070086,77.5488113,2,8,4.0767056630930405,8.153411326186081
C07318,12.9736104,77.5444382,8,5,3.2573793111399305,26.059034489119444
C07319,12.9498669,77.5832425,4,8,3.479749464309849,13.918997857239397
C07320,13.066117,77.6522496,1,2,7.2240290737434485,7.2240290737434485
C07321,13.0608558,77.5875414,5,2,2.0249277908496053,10.124638954248027
C07322,13.0709335,77.6181976,3,2,3.5032353545164407,10.509706063549322
C07323,12.9700413,77.5764018,2,5,3.789383170425768,7.578766340851536
C07324,13.0422691,77.5939505,4,2,4.150322713219303,16.601290852877213
C07325,12.9692682,77.6001826,5,1,3.3294270236080967,16.647135118040485
C07326,12.980734,77.5962515,5,1,3.530887604061755,17.654438020308774
C07327,13.0007619,77.6131533,8,1,2.842105939923185,22.73684751938548
C07328,12.9071172,77.6491754,4,4,1.7994897433774057,7.197958973509623
C07329,12.9751276,77.6063409,1,1,2.4978670847532367,2.4978670847532367
C07330,12.8766966,77.7238784,2,4,7.259191422926401,14.518382845852802
C07331,12.9279421,77.5180765,26,3,2.7475558598802676,71.43645235688696
C07332,12.9506209,77.6999061,6,7,3.0295112956869357,18.177067774121614
C07333,12.9660376,77.636865,17,1,1.7929085631770547,30.47944557400993
C07334,12.835383,77.691914,9,4,7.4223327658010545,66.80099489220949
C07335,12.9839499,77.5985328,4,1,3.309394815009792,13.237579260039167
C07336,12.8616691,77.5301618,4,8,8.621112106668908,34.484448426675634
C07337,12.8835095,77.550214,3,8,5.368531513481117,16.105594540443352
C07338,12.9864393,77.5384424,1,5,2.629347435280947,2.629347435280947
C07339,12.9980774,77.5714891,3,5,1.4017599194652621,4.205279758395786
C07340,13.1144958,77.5678568,8,2,4.43153325343049,35.45226602744392
C07341,12.9107203,77.6401718,2,4,2.7698977600024417,5.539795520004883
C07342,12.9934248,77.4023451,4,3,11.98907468076835,47.9562987230734
C07343,12.9131153,77.6383089,6,4,3.0968494059182605,18.581096435509565
C07344,12.9210987,77.6747058,2,4,3.381812160938162,6.763624321876324
C07345,13.0114169,77.5553237,2,5,1.3653843076649204,2.7307686153298407
C07346,12.9887846,77.555898,2,5,1.2259191120718302,2.4518382241436605
C07347,12.9784191,77.6644907,2,1,3.8824632254518803,7.7649264509037605
C07348,13.0840392,77.6083207,1,2,2.374217774318424,2.374217774318424
C07349,12.9234682,77.611734,2,8,3.0091239259238343,6.0182478518476685
C07350,12.9966318,77.6125763,9,1,2.5332247105441836,22.79902239489765
C07351,12.887017,77.7394456,2,4,8.718101324193483,17.436202648386967
C07352,12.9305831,77.6917143,4,7,5.134799982030928,20.53919992812371
C07353,12.9168326,77.5935009,2,8,0.9940832871374673,1.9881665742749346
C07354,13.0730662,77.5463531,8,2,4.463701456240817,35.709611649926536
C07355,13.0029345,77.5692079,8,5,1.2056122608898527,9.644898087118822
C07356,12.967911,77.5786751,6,5,4.11893556444727,24.71361338668362
C07357,12.9759637,77.6388269,4,1,1.1861518668275641,4.7446074673102565
C07358,12.9794497,77.5442417,3,5,2.7178292493272416,8.153487747981725
C07359,12.9567864,77.6477462,1,1,3.3069348734533683,3.3069348734533683
C07360,12.9834716,77.5856742,13,5,3.4287367278040053,44.57357746145207
C07361,12.9876547,77.7461854,2,7,3.5195508452807496,7.039101690561499
C07362,12.8922081,77.5963134,5,8,3.176112971655811,15.880564858279056
C07363,12.9618944,77.5977432,7,1,3.928501883812447,27.49951318668713
C07364,12.9300348,77.6834526,2,4,4.721319555706382,9.442639111412763
C07365,12.9988904,77.5812055,7,5,2.4482727915235385,17.13790954066477
C07366,12.9700219,77.6505553,6,1,2.617468270515463,15.704809623092778
C07367,12.9670037,77.7169213,11,7,0.8084633660011246,8.89309702601237
C07368,13.0562529,77.6330993,2,2,5.605854677350432,11.211709354700863
C07369,12.9658458,77.6129135,1,1,2.3394718002125163,2.3394718002125163
C07370,13.0209141,77.5844951,2,5,3.670159390560296,7.340318781120592
C07371,12.986105,77.5563836,4,5,1.5057204881790962,6.022881952716385
C07372,12.9193173,77.5041769,3,3,1.8206666290455435,5.46199988713663
C07373,13.0571359,77.6020006,3,2,2.9286210399651016,8.785863119895305
C07374,12.9929957,77.6618949,1,1,3.8665178600483574,3.8665178600483574
C07375,13.0076876,77.6683121,5,1,5.264282574324229,26.321412871621142
C07376,12.9269849,77.5929284,13,8,1.3151968053171441,17.097558469122873
C07377,13.0167935,77.6471454,5,1,4.5196243040853705,22.59812152042685
C07378,12.964766,77.582137,5,5,4.614930497945016,23.074652489725082
C07379,12.9567764,77.7436396,5,7,2.3060350133490966,11.530175066745482
C07380,13.0077061,77.5793938,4,5,2.4260003570991358,9.704001428396543
C07381,12.9050686,77.6351798,6,4,2.894707984738294,17.368247908429765
C07382,13.0400432,77.5184589,4,5,6.257283061874549,25.029132247498197
C07383,12.934561,77.58316,3,8,1.7887199120174775,5.366159736052433
C07384,12.9560619,77.7259342,2,7,0.9632858770477823,1.9265717540955647
C07385,12.9651565,77.5379718,3,5,4.41750640093734,13.25251920281202
C07386,12.9605395,77.6357663,4,1,2.300427837997958,9.201711351991833
C07387,12.9779298,77.6364858,3,1,0.872952694627395,2.618858083882185
C07388,12.9937001,77.571322,4,5,1.5181132109515758,6.072452843806303
C07389,12.9116204,77.5640184,5,8,2.348746920529146,11.74373460264573
C07390,12.9584471,77.5927218,6,8,4.516054200160513,27.096325200963076
C07391,12.9606907,77.5455229,8,5,4.528812284774768,36.23049827819814
C07392,12.9484427,77.5719805,4,8,3.586814387004903,14.347257548019613
C07393,12.917714,77.650247,1,4,2.768163603588114,2.768163603588114
C07394,13.04347,77.5630839,3,2,4.7263247148055685,14.178974144416706
C07395,12.8762037,77.5957797,3,8,4.834779468119113,14.504338404357341
C07396,12.9599648,77.6503055,1,1,3.2343615843184716,3.2343615843184716
C07397,12.9947176,77.6153985,9,1,2.169299822450761,19.523698402056848
C07398,12.9160037,77.6523087,4,4,2.5142014334063396,10.056805733625358
C07399,13.023827,77.6362254,4,1,4.901547612028589,19.606190448114354
C07400,13.0141068,77.4924104,9,5,7.369587278465575,66.32628550619017
C07401,12.9723821,77.6185949,2,1,1.4003799741502165,2.800759948300433
C07402,12.9776756,77.5796673,5,5,3.3239843182810778,16.61992159140539
C07403,12.9785367,77.5783186,3,5,3.1544610019573787,9.463383005872135
C07404,13.008246,77.563189,3,5,1.0834743868157641,3.2504231604472924
C07405,12.8814551,77.5460213,2,8,5.850568630700799,11.701137261401598
C07406,12.9634508,77.7130514,11,7,1.1872986739080642,13.060285412988707
C07407,12.9730957,77.5353937,3,5,3.864662713379523,11.593988140138569
C07408,12.9996636,77.6158292,5,1,2.576261830759859,12.881309153799293
C07409,12.9476021,77.5836666,1,8,3.2276449846123816,3.2276449846123816
C07410,12.9824045,77.5886066,8,5,3.7627368909946797,30.101895127957437
C07411,12.9725162,77.6513556,7,1,2.5935131980354718,18.154592386248304
C07412,12.9727433,77.5359075,4,5,3.8583379757888974,15.43335190315559
C07413,12.9795556,77.6578756,3,1,3.1602416362863317,9.480724908858996
C07414,12.9784149,77.6370616,4,1,0.9203627753151209,3.6814511012604836
C07415,12.9393671,77.7306117,16,7,2.8794882723094415,46.071812356951064
C07416,12.9079284,77.4765748,1,3,3.1745925946097864,3.1745925946097864
C07417,12.917403,77.651532,6,4,2.687865774002868,16.12719464401721
C07418,12.897289,77.4612476,2,3,5.134669605217359,10.269339210434717
C07419,13.0083625,77.5604012,3,5,0.9964995736453889,2.9894987209361665
C07420,12.9708954,77.6409413,3,1,1.6722191914160873,5.016657574248262
C07421,12.9786327,77.6426351,2,1,1.514435986756297,3.028871973512594
C07422,12.9651176,77.5897462,3,1,4.551938723047164,13.655816169141492
C07423,13.0043466,77.564775,2,5,0.8518490622256512,1.7036981244513023
C07424,13.0172861,77.5630367,7,5,2.0227619987718177,14.159333991402724
C07425,12.9510776,77.5372343,1,3,5.258119679472639,5.258119679472639
C07426,12.9250658,77.6803525,5,4,4.076836051260088,20.38418025630044
C07427,12.9737476,77.6412627,3,1,1.5303841760274888,4.591152528082466
C07428,12.9071324,77.5734008,1,8,1.7385103306164356,1.7385103306164356
C07429,12.9952849,77.5331941,4,5,2.803682058676445,11.21472823470578
C07430,12.9622752,77.7488416,1,7,2.7163232406105426,2.7163232406105426
C07431,12.9372179,77.5919066,3,8,2.2273287202847816,6.681986160854345
C07432,12.9598806,77.5640252,1,5,4.4266292104873015,4.4266292104873015
C07433,12.9253183,77.6348207,5,4,4.346743456445757,21.733717282228785
C07434,12.978113,77.6357537,2,1,0.790988646008196,1.581977292016392
C07435,13.0314658,77.5034853,2,5,6.954262275389627,13.908524550779253
C07436,12.9061467,77.5909889,4,8,1.534035020079616,6.136140080318464
C07437,12.9197041,77.6491433,2,4,3.017142603710252,6.034285207420504
C07438,13.0298041,77.570686,3,5,3.5970334666741475,10.791100400022442
C07439,12.8854954,77.5750342,1,8,3.7903144926956673,3.7903144926956673
C07440,12.9976423,77.6175048,5,1,2.28972209157472,11.4486104578736
C07441,12.9879478,77.5361198,11,5,2.7618323170917187,30.380155488008906
C07442,12.9252358,77.5836801,23,8,0.7558037759349328,17.38348684650345
C07443,12.9723819,77.5366665,4,5,3.8373667294589167,15.349466917835667
C07444,12.9915977,77.5703852,6,5,1.5458566515280263,9.275139909168157
C07445,12.9054456,77.6124051,1,8,3.3552452417345973,3.3552452417345973
C07446,12.9521048,77.5945294,10,8,3.8808413777525397,38.808413777525395
C07447,13.0001684,77.6187683,6,1,2.467161263752223,14.80296758251334
C07448,13.0358537,77.5256143,2,5,5.388446672910311,10.776893345820621
C07449,12.9634063,77.7083686,8,7,1.6942459519575281,13.553967615660225
C07450,12.9201772,77.6851549,3,4,3.9840958463412304,11.952287539023692
C07451,12.8494061,77.6551636,2,4,5.005894183253508,10.011788366507016
C07452,12.9955818,77.5538957,5,5,0.6765794407755641,3.3828972038778202
C07453,13.0872716,77.5973622,2,2,1.4386039395871701,2.8772078791743403
C07454,13.121367,77.6175957,7,2,5.731946515785246,40.123625610496724
C07455,13.0346821,77.5351685,2,5,4.652552426834247,9.305104853668494
C07456,13.011695,77.5553974,2,5,1.3930345733402079,2.7860691466804157
C07457,12.9746771,77.6058099,2,1,2.5654261201685897,5.1308522403371795
C07458,12.9748489,77.578734,6,5,3.494056755617363,20.964340533704178
C07459,12.9568272,77.6984718,2,7,2.892978543609608,5.785957087219216
C07460,12.8841338,77.6434522,1,4,2.084497841884855,2.084497841884855
C07461,12.963694,77.4014239,2,3,10.5611852974896,21.1223705949792
C07462,12.9441339,77.5971889,3,8,3.158948624660499,9.476845873981496
C07463,12.9007691,77.5737005,1,8,2.2818526701956685,2.2818526701956685
C07464,12.9759883,77.6415288,1,1,1.459745194041828,1.459745194041828
C07465,12.9949401,77.554936,15,5,0.6486589463555034,9.72988419533255
C07466,12.9823892,77.6075826,2,1,2.3134796910835296,4.626959382167059
C07467,12.9635115,77.5519675,3,5,4.051866074071631,12.155598222214893
C07468,12.9836774,77.7520031,3,7,3.7120000929309698,11.13600027879291
C07469,12.9685905,77.6063181,2,1,2.753317801208741,5.506635602417482
C07470,12.996313,77.70122,5,7,4.29564539302381,21.478226965119052
C07471,12.9699661,77.7501765,6,7,2.91230114094608,17.473806845676478
C07472,12.9389525,77.5566263,3,8,3.782188091671169,11.346564275013506
C07473,12.8467448,77.6716182,1,4,5.438961241658537,5.438961241658537
C07474,12.9623454,77.6825383,8,7,4.50060812450735,36.0048649960588
C07475,13.027416,77.5610663,3,5,3.0985038256745896,9.29551147702377
C07476,13.0142197,77.4935623,11,5,7.250443899005238,79.75488288905761
C07477,12.9670171,77.6210126,1,1,1.6807297631430917,1.6807297631430917
C07478,12.9312664,77.6097492,4,8,3.08698093518164,12.34792374072656
C07479,13.0255533,77.6313982,13,1,5.03347599921161,65.43518798975093
C07480,13.0728957,77.5978397,3,2,1.3626249266597377,4.087874779979213
C07481,12.9485137,77.6198203,3,1,3.634997277881053,10.904991833643159
C07482,13.0553214,77.6495031,4,2,7.275431180254319,29.101724721017277
C07483,12.9933017,77.570107,2,5,1.4206758792046308,2.8413517584092616
C07484,12.9778851,77.571259,3,5,2.7581703419810815,8.274511025943244
C07485,12.9345892,77.754915,3,7,4.723556096073961,14.170668288221883
C07486,13.094746,77.5985867,2,2,2.1352323998773257,4.270464799754651
C07487,12.9322049,77.6321901,8,4,5.128721270189857,41.029770161518854
C07488,13.1885074,77.5074771,5,2,14.866562302978473,74.33281151489237
C07489,13.0004968,77.5782583,4,5,2.1300799169436218,8.520319667774487
C07490,13.0060923,77.756807,6,7,5.822600880521867,34.9356052831312
C07491,13.0257752,77.6588103,3,1,6.011228627465465,18.033685882396398
C07492,12.9475017,77.583829,2,8,3.2160902642342304,6.432180528468461
C07493,12.9222198,77.6693649,2,4,3.257198376932057,6.514396753864114
C07494,13.0244058,77.5941852,3,5,4.738650106179711,14.215950318539132
C07495,12.9728468,77.7148942,2,7,1.3448112642302479,2.6896225284604958
C07496,12.9750489,77.5761449,2,5,3.307881903775706,6.615763807551412
C07497,12.9808923,77.6458843,2,1,1.8595361843483333,3.7190723686966667
C07498,12.974779,77.6654084,15,1,4.021646797785784,60.324701966786755
C07499,12.9524597,77.5773297,1,8,3.84367047232874,3.84367047232874
C07500,12.9639309,77.5962324,3,1,3.962863987030415,11.888591961091246
C07501,13.0532531,77.6460092,11,2,7.013823873953179,77.15206261348496
C07502,12.9220109,77.5953422,4,8,1.2416882235793993,4.966752894317597
C07503,13.0894389,77.5560759,6,2,3.545814606995558,21.274887641973347
C07504,13.0337518,77.5689442,4,5,3.9498246936667494,15.799298774666998
C07505,13.0285491,77.5791071,2,5,3.904922974050928,7.809845948101856
C07506,12.9104282,77.5910714,1,8,1.1398062930362758,1.1398062930362758
C07507,12.882734,77.5694669,4,8,4.2776243044989375,17.11049721799575
C07508,13.0703809,77.5554238,2,2,3.5630073602995025,7.126014720599005
C07509,12.8922509,77.5817283,2,8,2.9161442340452406,5.832288468090481
C07510,12.9956247,77.6082206,2,1,2.8123162014340646,5.624632402868129
C07511,13.0620051,77.5930638,11,2,2.00712983617469,22.07842819792159
C07512,12.955452,77.697866,18,7,3.003400564990397,54.06121016982715
C07513,12.9757077,77.6259807,4,1,0.5781442761147603,2.312577104459041
C07514,12.9179115,77.6515449,2,4,2.740755485191058,5.481510970382116
C07515,12.9962277,77.7606531,1,7,5.310680073101643,5.310680073101643
C07516,13.1735343,77.5700547,5,2,10.609594090048228,53.04797045024114
C07517,12.9160946,77.6907512,12,4,4.15362394338907,49.843487320668835
C07518,13.049933,77.6453644,3,2,7.109486328379815,21.328458985139445
C07519,12.9994615,77.5495391,1,5,0.9900028998482491,0.9900028998482491
C07520,12.9558361,77.6930802,5,7,3.485339530555702,17.426697652778508
C07521,12.974002,77.6091093,7,1,2.240597747408872,15.684184231862103
C07522,13.0040769,77.6236546,1,1,2.7056307295413133,2.7056307295413133
C07523,13.0805504,77.6663499,4,2,8.610035469021962,34.44014187608785
C07524,12.8409899,77.6505563,5,4,5.994770614202471,29.973853071012357
C07525,13.0553748,77.6027984,3,2,3.1390431017114224,9.417129305134267
C07526,12.9702024,77.6447081,2,1,2.051158517694527,4.102317035389054
C07527,12.9717014,77.6181421,7,1,1.48575206828075,10.40026447796525
C07528,12.985777,77.6051098,3,1,2.642947173178113,7.928841519534339
C07529,13.0088908,77.5491321,1,5,1.4644303927850895,1.4644303927850895
C07530,12.9429852,77.5460604,1,8,4.978804359727867,4.978804359727867
C07531,12.9760075,77.5763577,8,5,3.2352153197863376,25.8817225582907
C07532,13.0664226,77.6405985,5,2,5.982347059527943,29.911735297639716
C07533,12.8919415,77.5817506,4,8,2.9499665950571248,11.799866380228499
C07534,13.0249311,77.5629804,2,5,2.8512502596373888,5.7025005192747775
C07535,12.9870772,77.5785393,2,5,2.560210650181101,5.120421300362202
C07536,13.0718029,77.556033,2,2,3.4591228803664196,6.918245760732839
C07537,13.0376774,77.5535627,2,5,4.25939276929515,8.5187855385903
C07538,12.9337755,77.6236693,1,8,4.579032726927048,4.579032726927048
C07539,12.9099865,77.599711,2,8,1.8994881429984578,3.7989762859969156
C07540,12.9385117,77.6903051,3,7,4.650945051697828,13.952835155093485
C07541,13.0584698,77.7559258,5,7,10.96359046033861,54.81795230169305
C07542,12.9051928,77.6113706,3,8,3.266622695914358,9.799868087743075
C07543,12.9756929,77.5358082,6,5,3.6209111905037745,21.725467143022648
C07544,13.0298633,77.5605424,9,5,3.364580603074949,30.281225427674542
C07545,13.0657316,77.6174064,7,2,3.6162479649015555,25.31373575431089
C07546,12.9210712,77.6517899,5,4,3.0671725287208202,15.335862643604102
C07547,13.0233794,77.5839061,3,5,3.8055602987153225,11.416680896145968
C07548,12.9256754,77.674607,2,4,3.827555102769641,7.655110205539282
C07549,12.9512957,77.5698327,6,8,3.968587659292289,23.811525955753734
C07550,12.8013305,77.5728771,11,8,13.026049161033873,143.28654077137261
C07551,12.9803841,77.639309,4,1,1.14421296933245,4.5768518773298
C07552,13.0241157,77.5504265,13,5,2.8650687712370213,37.245894026081274
C07553,13.1514508,77.5608292,1,2,8.493587398749693,8.493587398749693
C07554,12.9927527,77.5559972,1,5,0.8032572884688554,0.8032572884688554
C07555,12.9966811,77.5696708,6,5,1.2359423282504354,7.415653969502612
C07556,12.9867389,77.5801121,4,5,2.724930577545113,10.899722310180453
C07557,12.9908221,77.5958341,8,1,3.765450838974482,30.123606711795855
C07558,12.9966807,77.6954878,3,7,4.711321403485779,14.133964210457336
C07559,12.9420932,77.7441185,2,7,3.313500187503418,6.627000375006836
C07560,12.9026679,77.5858171,3,8,1.7533990013789658,5.260197004136897
C07561,12.9918092,77.6019113,1,1,3.1884404322600335,3.1884404322600335
C07562,13.0000396,77.5714322,2,5,1.3875850600752393,2.7751701201504786
C07563,12.8762947,77.6164979,7,4,5.08571348919629,35.59999442437403
C07564,12.9481217,77.5820667,6,8,3.2944812136545227,19.766887281927136
C07565,12.9878281,77.6003898,4,1,3.1959361047994004,12.783744419197602
C07566,13.0077753,77.5637631,1,5,1.0682587796667393,1.0682587796667393
C07567,12.841367,77.6477623,3,4,6.01069946875367,18.03209840626101
C07568,13.0221222,77.6034687,1,1,5.396738244743529,5.396738244743529
C07569,13.037758,77.5744038,8,5,4.564233938994324,36.51387151195459
C07570,12.9301613,77.618137,2,8,3.875765217849064,7.751530435698128
C07571,12.964638,77.7148162,2,7,0.9896266834207257,1.9792533668414514
C07572,12.9816932,77.6012916,3,1,2.988016237134017,8.96404871140205
C07573,12.9725763,77.573524,2,5,3.391300315907407,6.782600631814814
C07574,12.9654654,77.5989089,9,1,3.6269185745217425,32.64226717069568
C07575,13.049152,77.510442,2,5,7.587035819387313,15.174071638774626
C07576,13.1229022,77.5755887,1,2,5.000301549832585,5.000301549832585
C07577,12.8915698,77.5652629,1,8,3.635713695753767,3.635713695753767
C07578,12.9304328,77.5062892,3,3,1.4434299775414883,4.330289932624465
C07579,12.9724172,77.6109785,2,1,2.1130531902525513,4.226106380505103
C07580,12.9166485,77.5945955,1,8,1.1146659132197974,1.1146659132197974
C07581,12.911262,77.6414828,8,4,2.704454460030293,21.635635680242345
C07582,12.8353006,77.6846424,5,4,7.090658621120074,35.453293105600366
C07583,13.0103347,77.5553052,3,5,1.2508695986523435,3.7526087959570305
C07584,12.8260429,77.6820929,9,4,7.956672660093478,71.6100539408413
C07585,13.0242421,77.586542,5,5,4.079902819192976,20.399514095964882
C07586,13.0240899,77.6032598,2,5,5.5524616777716265,11.104923355543253
C07587,12.9264213,77.500273,2,3,0.9729069985184433,1.9458139970368866
C07588,13.035149,77.551521,6,5,4.018835003475199,24.113010020851192
C07589,12.9814345,77.6283604,4,1,0.14841842745852513,0.5936737098341005
C07590,12.9747968,77.5383435,4,5,3.514913120117411,14.059652480469644
C07591,13.1062987,77.6013894,2,2,3.3865056291251006,6.773011258250201
C07592,12.9206651,77.6843281,5,4,3.961335797120125,19.806678985600627
C07593,12.9631421,77.5086468,2,3,3.8779112096575163,7.755822419315033
C07594,12.9364212,77.5482939,3,8,4.405209477946879,13.215628433840635
C07595,12.9831416,77.5593081,9,5,1.8147054369449476,16.332348932504527
C07596,13.0083098,77.5801356,2,5,2.525845278887051,5.051690557774102
C07597,12.9450878,77.5857378,1,8,2.9511522091908593,2.9511522091908593
C07598,12.939879,77.7243301,2,7,2.730274313217431,5.460548626434862
C07599,13.0081221,77.6462629,7,1,3.63171012554202,25.421970878794138
C07600,13.0066602,77.5690944,4,5,1.3809145039698414,5.523658015879366
C07601,12.9280849,77.5837319,3,8,1.069191543212707,3.2075746296381213
C07602,13.1996664,77.7087072,2,6,4.581243526095429,9.162487052190858
C07603,12.9733385,77.6197399,5,1,1.2372785650488187,6.186392825244093
C07604,12.8759903,77.5954284,2,8,4.8481516423684745,9.696303284736949
C07605,12.9907312,77.5959415,4,1,3.751230207125373,15.004920828501492
C07606,13.1067845,77.6015257,2,2,3.441070763916435,6.88214152783287
C07607,13.0263529,77.5933929,2,5,4.799228834806853,9.598457669613706
C07608,12.8145374,77.7511771,2,4,13.315886543804396,26.631773087608792
C07609,12.9738939,77.6019636,3,1,2.9916731695837626,8.975019508751288
C07610,12.9746275,77.5729169,3,5,3.160632577510636,9.481897732531907
C07611,12.8926535,77.4574515,4,3,5.791731198040397,23.166924792161588
C07612,12.9220705,77.6513571,1,4,3.1864712516422418,3.1864712516422418
C07613,12.9069739,77.4730955,2,3,3.483890463944787,6.967780927889574
C07614,12.9478299,77.6993579,3,7,3.2464806671742923,9.739442001522876
C07615,13.0043509,77.5522566,10,5,0.8766759591454496,8.766759591454496
C07616,13.0845049,77.5527571,2,2,3.7648666929209678,7.5297333858419355
C07617,12.9902385,77.5959682,4,1,3.7318068542551814,14.927227417020726
C07618,12.9706238,77.5990824,9,1,3.39138263629672,30.522443726670478
C07619,12.90991,77.64474,1,4,2.3489274148059804,2.3489274148059804
C07620,13.0638503,77.5875648,4,2,1.693695242669369,6.774780970677476
C07621,12.9711734,77.6068338,2,1,2.5808072985404302,5.1616145970808605
C07622,13.0170546,77.5585966,2,5,1.9405596202238862,3.8811192404477723
C07623,12.9801622,77.605818,2,1,2.4918025866862945,4.983605173372589
C07624,13.0606301,77.5650162,2,2,3.146380075624862,6.292760151249724
C07625,12.9256888,77.5798,22,8,0.9493232028121557,20.885110461867423
C07626,12.9724329,77.6082882,6,1,2.3823521205425693,14.294112723255417
C07627,13.007644,77.565718,7,5,1.1810813526261175,8.267569468382822
C07628,12.9701661,77.650474,5,1,2.6026735469121722,13.01336773456086
C07629,12.978141,77.6317635,1,1,0.39400405390308735,0.39400405390308735
C07630,13.026009,77.6016293,4,5,5.508897127955478,22.035588511821913
C07631,13.0456346,77.621195,7,2,5.245246868410804,36.716728078875626
C07632,12.990128,77.6630368,2,1,3.8801202427088173,7.760240485417635
C07633,12.9780309,77.6337864,7,1,0.593048576184444,4.151340033291108
C07634,13.0412984,77.589549,5,2,4.198020330580695,20.990101652903476
C07635,12.9787052,77.6443155,12,1,1.6950695379534748,20.340834455441698
C07636,12.9057639,77.5580003,2,8,3.2017099603638397,6.403419920727679
C07637,12.9478878,77.5803242,2,8,3.2893514549533633,6.578702909906727
C07638,12.964346,77.557164,3,5,3.897232560295348,11.691697680886044
C07639,13.099653,77.5761409,9,2,2.5589881528039067,23.03089337523516
C07640,12.9190901,77.6709687,1,4,2.999957372586065,2.999957372586065
C07641,13.1435,77.6171315,1,6,7.770570235957584,7.770570235957584
C07642,12.8845979,77.5669701,4,8,4.203269917450867,16.813079669803468
C07643,12.9831187,77.6804448,2,7,5.149771070380183,10.299542140760366
C07644,12.9693452,77.5764784,3,5,3.860102046540039,11.580306139620117
C07645,12.9998283,77.571342,6,5,1.3770316830239147,8.262190098143488
C07646,12.9766569,77.4645643,2,3,5.865845770356511,11.731691540713022
C07647,12.9982239,77.6153159,1,1,2.476672055371699,2.476672055371699
C07648,12.9650864,77.6441914,14,1,2.36327779019966,33.08588906279524
C07649,12.9813064,77.7277203,2,7,1.9013685274132124,3.8027370548264248
C07650,13.0385761,77.5045157,2,5,7.295117817119884,14.590235634239768
C07651,12.8415266,77.6476526,7,4,5.995988073944257,41.9719165176098
C07652,12.9761609,77.6244665,3,1,0.6434222327874867,1.93026669836246
C07653,12.9807706,77.6563527,3,1,2.994980556933566,8.984941670800698
C07654,13.0671183,77.5934375,5,2,1.502145326503244,7.510726632516221
C07655,13.0429393,77.5901048,7,2,4.021361888311013,28.14953321817709
C07656,13.0898554,77.4847269,3,2,11.162491204628896,33.48747361388669
C07657,13.0952106,77.5972931,10,2,2.0992497827172527,20.992497827172528
C07658,13.0090854,77.6969567,1,7,5.735455706172137,5.735455706172137
C07659,13.1825978,77.6732247,6,6,2.318613246225117,13.911679477350702
C07660,12.9487326,77.6201392,2,1,3.602492444112338,7.204984888224676
C07661,13.014761,77.5716875,9,5,2.201018943454634,19.809170491091706
C07662,12.9785401,77.6303791,4,1,0.24988564433155808,0.9995425773262323
C07663,12.9880757,77.5496789,2,5,1.5987530646512387,3.1975061293024774
C07664,12.9765318,77.641257,5,1,1.4135418526822507,7.0677092634112535
C07665,13.0269861,77.6041889,6,5,5.801939076683711,34.81163446010227
C07666,12.9763058,77.5991645,5,1,3.242243337144852,16.21121668572426
C07667,12.9657966,77.6366986,2,1,1.8075405009075052,3.6150810018150104
C07668,12.9295126,77.4966896,2,3,0.4590675245483527,0.9181350490967054
C07669,13.0047475,77.5487571,3,5,1.2205225045520864,3.6615675136562595
C07670,13.0208458,77.4985525,3,5,6.937689683804098,20.813069051412292
C07671,12.9079549,77.6758087,6,4,2.3173188258457134,13.90391295507428
C07672,12.9622025,77.5950041,1,1,4.1699042926438,4.1699042926438
C07673,12.9676644,77.6429248,4,1,2.0671027013554846,8.268410805421938
C07674,12.9189814,77.59559,3,8,1.205971417285025,3.6179142518550753
C07675,12.9671694,77.5355723,2,5,4.371093276039714,8.742186552079428
C07676,12.9258462,77.6184377,2,8,3.7751316889408746,7.550263377881749
C07677,12.9875977,77.6222821,3,1,1.0839437095008595,3.2518311285025785
C07678,12.9201787,77.6843798,1,4,3.925880500539966,3.925880500539966
C07679,12.9123687,77.6446939,2,4,2.557498967114621,5.114997934229242
C07680,13.0002582,77.6112114,2,1,2.930107973611088,5.860215947222176
C07681,12.9640865,77.7162943,5,7,0.8305920910360698,4.152960455180349
C07682,12.8002018,77.5084045,2,3,14.641773030919767,29.283546061839534
C07683,12.9121081,77.6244415,3,4,4.283564486228662,12.850693458685985
C07684,12.8736166,77.6660808,10,4,2.4108065288430267,24.108065288430268
C07685,12.9367342,77.6131209,7,8,3.70863635890033,25.960454512302313
C07686,13.0290733,77.53987,6,5,3.854586141725035,23.12751685035021
C07687,12.9343675,77.630024,2,1,5.070465790566506,10.140931581133012
C07688,12.9743317,77.6398645,5,1,1.3659751376120477,6.8298756880602385
C07689,12.9928964,77.5897796,3,5,3.4567399117431865,10.37021973522956
C07690,13.0233507,77.550854,3,5,2.770198889095261,8.310596667285783
C07691,13.1843106,77.518481,4,2,13.813332044481808,55.25332817792723
C07692,13.084278,77.560395,2,2,2.9444018841836557,5.888803768367311
C07693,12.8794231,77.7537112,9,7,9.962340485714376,89.66106437142939
C07694,13.0379362,77.6233891,3,2,6.0319041028091185,18.095712308427355
C07695,12.9792015,77.6357981,5,1,0.7700736087264123,3.8503680436320615
C07696,13.0681854,77.5544429,9,2,3.7372082260803103,33.63487403472279
C07697,12.961585,77.6364805,7,1,2.2195725010858287,15.537007507600801
C07698,12.9827426,77.6066139,1,1,2.422373270200062,2.422373270200062
C07699,13.0284621,77.5719342,5,5,3.512400797470797,17.562003987353986
C07700,12.9159981,77.6900674,6,4,4.086976379863193,24.52185827917916
C07701,12.946108,77.7181414,6,7,2.134965883031468,12.80979529818881
C07702,12.9032477,77.6026985,2,8,2.596189273379688,5.192378546759376
C07703,12.9918561,77.4427372,2,3,8.618344414809103,17.236688829618206
C07704,13.0050412,77.5693726,7,5,1.3134771466490152,9.194340026543106
C07705,12.9170012,77.6314422,2,4,3.9430715549031548,7.8861431098063095
C07706,12.9548165,77.5938582,3,8,4.151349115375697,12.45404734612709
C07707,12.9684666,77.7560498,10,7,3.5143547888589017,35.14354788858902
C07708,12.9168983,77.5973772,3,8,1.4092037006127751,4.227611101838326
C07709,12.9792905,77.6419588,2,1,1.4348006498871708,2.8696012997743416
C07710,13.0313936,77.6355645,2,1,5.7196401750289,11.4392803500578
C07711,13.1883808,77.6446306,4,6,5.093199239042658,20.37279695617063
C07712,12.9004039,77.6311919,1,4,3.147504932512328,3.147504932512328
C07713,13.0298262,77.6347261,3,1,5.536262203204883,16.608786609614647
C07714,12.9608368,77.5485824,4,5,4.419785547766095,17.67914219106438
C07715,13.0133693,77.6355793,8,1,3.7501897694988964,30.00151815599117
C07716,12.991837,77.5376289,5,5,2.436194152939698,12.180970764698491
C07717,12.9778758,77.5529801,2,5,2.474250756518093,4.948501513036186
C07718,12.9814894,77.6101459,8,1,2.0273531779809244,16.218825423847395
C07719,13.0053962,77.5671027,3,5,1.123592385025865,3.3707771550775947
C07720,12.977256,77.5979819,1,1,3.3578631803717984,3.3578631803717984
C07721,12.9364148,77.6161388,3,8,3.9694419038820685,11.908325711646206
C07722,12.9657625,77.5964496,9,1,3.853697436513014,34.683276928617126
C07723,12.9428196,77.7501283,4,7,3.7246107903621115,14.898443161448446
C07724,12.9121235,77.6471927,3,4,2.3734244131896003,7.120273239568801
C07725,12.9614013,77.5404833,10,5,4.658278662308409,46.58278662308409
C07726,12.9388287,77.6189463,1,8,4.367814694974943,4.367814694974943
C07727,12.9785071,77.5427848,1,5,2.8950255521489576,2.8950255521489576
C07728,12.9680705,77.6702137,1,1,4.693792202387507,4.693792202387507
C07729,12.9648841,77.5234607,4,3,4.945067818888527,19.780271275554107
C07730,12.9997138,77.5041185,4,5,5.920075463074442,23.680301852297767
C07731,12.969833,77.5775083,10,5,3.871376440689721,38.71376440689721
C07732,12.9955832,77.5413211,4,5,1.931886243759036,7.727544975036144
C07733,12.9430273,77.5261831,3,3,3.812259577431203,11.43677873229361
C07734,12.9130752,77.6801477,3,4,3.0459094807161478,9.137728442148443
C07735,12.9568717,77.7391303,4,7,1.8558062691869053,7.423225076747621
C07736,12.9285254,77.6000608,1,8,2.0245180270205725,2.0245180270205725
C07737,12.9322172,77.6142725,22,8,3.574023860338705,78.62852492745151
C07738,13.0951323,77.6936376,5,6,7.817737151382994,39.08868575691497
C07739,13.0983961,77.5732108,4,2,2.6053073431443603,10.421229372577441
C07740,13.0242377,77.5421852,5,5,3.268191612246785,16.340958061233927
C07741,12.9576285,77.5339363,5,3,5.290452377117116,26.452261885585582
C07742,12.9658982,77.6366866,3,1,1.7970347056519502,5.391104116955851
C07743,12.9402915,77.6198934,2,1,4.5168980202964875,9.033796040592975
C07744,12.9258312,77.5858477,5,8,0.8295719790210221,4.14785989510511
C07745,12.9066729,77.5773665,4,8,1.516680300486642,6.066721201946568
C07746,13.05809,77.6023671,2,2,2.8643206632983382,5.7286413265966765
C07747,12.9725159,77.6474442,9,1,2.1964722291614884,19.768250062453397
C07748,12.9210217,77.6652526,4,4,3.0093134068896603,12.037253627558641
C07749,13.156078,77.6811061,6,6,1.1113447667213192,6.668068600327915
C07750,12.9705742,77.6452469,9,1,2.0794385532240884,18.714946979016794
C07751,13.098909,77.596219,3,2,2.405116758520302,7.2153502755609065
C07752,13.0588547,77.5927285,4,2,2.3295517938828834,9.318207175531533
C07753,12.9082273,77.6477342,6,4,1.993733838717201,11.962403032303206
C07754,12.9934269,77.6991357,2,7,4.1801891600360594,8.360378320072119
C07755,12.9995101,77.6180956,3,1,2.435826798491879,7.307480395475636
C07756,12.9365864,77.7499295,4,7,4.188689313969259,16.754757255877035
C07757,12.9635071,77.7315275,2,7,0.8327115977657639,1.6654231955315277
C07758,12.9914411,77.687507,17,7,4.9504455775270735,84.15757481796025
C07759,12.9496068,77.5702581,1,8,3.778956975128537,3.778956975128537
C07760,12.945782,77.595251,1,8,3.2424815567263687,3.2424815567263687
C07761,13.0769949,77.4323516,8,5,16.168566053939163,129.3485284315133
C07762,12.8437851,77.6659275,5,4,5.648609399739422,28.24304699869711
C07763,13.198107,77.7137194,2,6,4.77159125921019,9.54318251842038
C07764,12.9164443,77.6063121,5,8,2.3792514544174512,11.896257272087256
C07765,12.9081457,77.5929709,9,8,1.465957780515576,13.193620024640182
C07766,13.0043393,77.5743495,3,5,1.7845342271558966,5.35360268146769
C07767,12.9841607,77.7504265,20,7,3.604771672402662,72.09543344805324
C07768,12.9984691,77.5535378,1,5,0.56806286764158,0.56806286764158
C07769,12.9733898,77.6072915,5,1,2.44920482241149,12.24602411205745
C07770,12.8831063,77.7501677,8,7,9.454571789368389,75.63657431494711
C07771,12.9724603,77.7506679,6,7,3.0325600069991703,18.195360041995023
C07772,12.9966939,77.5687228,3,5,1.136340895626951,3.409022686880853
C07773,12.9775675,77.6272973,3,1,0.328192549787233,0.984577649361699
C07774,12.9584561,77.5857024,5,8,4.429792190537215,22.148960952686075
C07775,13.0313386,77.5906312,6,5,4.9441472903839365,29.66488374230362
C07776,12.9876836,77.5724109,5,5,1.9863847304991025,9.931923652495513
C07777,13.0840295,77.634815,7,2,5.214647209597439,36.502530467182076
C07778,13.0427796,77.5129645,2,5,6.893569570564536,13.787139141129073
C07779,12.881686,77.6279626,3,4,3.7065930057624685,11.119779017287406
C07780,13.047261,77.6285531,2,2,5.724527412213919,11.449054824427838
C07781,12.9123279,77.6326755,3,4,3.5257265009103724,10.577179502731116
C07782,12.9486126,77.5817491,7,8,3.351541475885943,23.4607903312016
C07783,12.9536706,77.5687703,4,8,4.255660610619736,17.022642442478944
C07784,12.9794394,77.6338116,21,1,0.5528564150536567,11.60998471612679
C07785,12.9840248,77.6388407,4,1,1.1739973000225756,4.6959892000903025
C07786,12.955353,77.5927762,3,8,4.182135524897556,12.546406574692668
C07787,12.9915476,77.5703926,4,5,1.5496709176511647,6.198683670604659
C07788,12.914689,77.4878557,2,3,1.9573797833771371,3.9147595667542743
C07789,12.9525075,77.5673681,3,8,4.203160046419488,12.609480139258466
C07790,12.970417,77.6447349,7,1,2.0409653226482583,14.286757258537808
C07791,12.936358,77.4283936,4,3,7.038976678988899,28.155906715955595
C07792,12.9873816,77.5744969,2,5,2.18213791609877,4.36427583219754
C07793,12.9227715,77.6138446,2,8,3.222315110150393,6.444630220300786
C07794,13.0995253,77.576873,2,2,2.510619953417065,5.02123990683413
C07795,12.9819957,77.5997714,3,1,3.1547726934456355,9.464318080336906
C07796,13.0147943,77.5708654,8,5,2.1476797020028164,17.18143761602253
C07797,12.9665457,77.7171571,1,7,0.7682439586281906,0.7682439586281906
C07798,13.0516187,77.5954092,3,2,3.179779951276154,9.539339853828462
C07799,13.0810084,77.5806834,4,2,0.7178798881024531,2.8715195524098123
C07800,12.9829919,77.7335734,1,7,2.295555162626434,2.295555162626434
C07801,12.9782524,77.6429753,2,1,1.5562841324970802,3.1125682649941604
C07802,12.9114499,77.637948,2,4,3.007278593774503,6.014557187549006
C07803,13.1036908,77.5769356,2,2,2.929454001338129,5.858908002676258
C07804,13.030455,77.5797656,4,5,4.119576796075789,16.478307184303155
C07805,12.9745134,77.5493883,3,5,2.945651782752893,8.836955348258678
C07806,12.9594016,77.7484054,2,7,2.7175642265675393,5.4351284531350785
C07807,12.993611,77.699175,4,7,4.19306547489572,16.77226189958288
C07808,12.996933,77.6907742,11,7,5.081165135998359,55.89281649598195
C07809,12.9225341,77.5837833,10,8,0.4581200828276269,4.581200828276269
C07810,12.9361524,77.6285782,1,1,4.871101667531627,4.871101667531627
C07811,12.847296,77.6742042,5,4,5.455137238511037,27.275686192555185
C07812,12.9658546,77.7025095,3,7,2.3302905304791666,6.9908715914375
C07813,12.8388774,77.6783157,4,4,6.478753741983091,25.915014967932365
C07814,12.9120695,77.5869772,3,8,0.7564193677999874,2.269258103399962
C07815,12.9802567,77.6404701,4,1,1.2700323526067283,5.080129410426913
C07816,13.0401281,77.6343169,4,1,6.666033001659313,26.664132006637253
C07817,12.9849224,77.5552703,2,5,1.6575612738557373,3.3151225477114745
C07818,12.960133,77.6441523,2,1,2.775069780125146,5.550139560250292
C07819,12.9171255,77.6518903,2,4,2.6463625333360254,5.292725066672051
C07820,12.9982443,77.5821694,4,5,2.5558267710834666,10.223307084333866
C07821,12.9417462,77.580349,5,8,2.6172071800537995,13.086035900268998
C07822,12.9582468,77.6660472,6,1,4.717947408186103,28.30768444911662
C07823,13.1014613,77.5994503,2,2,2.814926418553112,5.629852837106224
C07824,12.9251115,77.6206366,4,8,3.9927555564412303,15.971022225764921
C07825,12.9816046,77.5637263,7,5,2.0583154037666906,14.408207826366834
C07826,12.9434676,77.6178331,8,1,4.23133490313068,33.85067922504544
C07827,12.9702596,77.6096405,3,1,2.348087503749509,7.044262511248526
C07828,12.96257,77.6432823,3,1,2.5042700870310206,7.512810261093062
C07829,12.9811648,77.7274396,4,7,1.8796535992930583,7.518614397172233
C07830,12.9735519,77.6134666,1,1,1.815221307372766,1.815221307372766
C07831,12.9335943,77.6108114,3,8,3.3124677023349864,9.93740310700496
C07832,12.9140663,77.6778241,6,4,2.9455394241199966,17.67323654471998
C07833,13.0338003,77.5269317,5,5,5.123852302699978,25.619261513499893
C07834,12.970738,77.6105649,3,1,2.23461743638101,6.703852309143031
C07835,12.9731764,77.7105508,4,7,1.7391477338789083,6.956590935515633
C07836,13.008301,77.5668108,2,5,1.3140800950299634,2.6281601900599267
C07837,12.9729604,77.7104561,5,7,1.7347773103156785,8.673886551578393
C07838,13.0734449,77.503117,3,2,9.126052729759296,27.37815818927789
C07839,13.0468096,77.5690797,3,2,4.074152933637716,12.222458800913149
C07840,12.8580977,77.538998,3,8,8.30950281529693,24.92850844589079
C07841,12.9706249,77.6196167,3,1,1.4494434102851959,4.348330230855588
C07842,12.9306773,77.5474666,2,8,4.2421523793587586,8.484304758717517
C07843,12.9695947,77.5769459,5,5,3.8620635299831827,19.310317649915913
C07844,12.9606488,77.7202352,3,7,0.5885448952987988,1.7656346858963965
C07845,12.9655446,77.601164,10,1,3.405686509253651,34.05686509253651
C07846,12.9595311,77.7480711,9,7,2.6790774555111945,24.11169709960075
C07847,13.0553708,77.6029726,2,2,3.1497651331694354,6.299530266338871
C07848,13.0291377,77.5638132,3,5,3.3254373555172596,9.97631206655178
C07849,12.9517777,77.4997562,2,3,2.3466200986113024,4.693240197222605
C07850,13.0231635,77.5263171,3,5,4.378375668075251,13.135127004225755
C07851,13.0328036,77.633289,13,1,5.848583684631233,76.03158790020603
C07852,12.891396,77.6340809,3,4,2.7836712579778955,8.351013773933687
C07853,12.9738061,77.643948,4,1,1.7912413363720439,7.164965345488175
C07854,12.9743509,77.6075148,5,1,2.39542650159473,11.97713250797365
C07855,12.9410125,77.5471954,2,8,4.75784867540528,9.51569735081056
C07856,13.0257078,77.6517029,2,1,5.623457135936887,11.246914271873774
C07857,12.9118035,77.6698033,1,4,2.224154533243552,2.224154533243552
C07858,12.9973719,77.5859279,2,5,2.9694481466447393,5.938896293289479
C07859,12.9424578,77.5851229,1,8,2.657819019656348,2.657819019656348
C07860,12.9713834,77.6158386,5,1,1.7071179399288985,8.535589699644493
C07861,12.9583738,77.6884769,14,7,3.909352559942456,54.73093583919439
C07862,12.9834239,77.7675566,4,7,5.177488922011856,20.709955688047422
C07863,13.0040647,77.6192601,1,1,2.840913478862421,2.840913478862421
C07864,13.0210072,77.6434284,2,1,4.7938860090496656,9.587772018099331
C07865,12.9543065,77.5444531,2,5,5.237312044579802,10.474624089159605
C07866,12.9149661,77.5208319,2,3,3.535265057775173,7.070530115550346
C07867,12.9810881,77.639041,6,1,1.119604726545997,6.717628359275982
C07868,12.902777,77.5073782,6,3,3.551734587258225,21.31040752354935
C07869,12.9872315,77.5788262,1,5,2.5774565584504248,2.5774565584504248
C07870,12.97196,77.6011648,6,1,3.1313003200228255,18.787801920136953
C07871,12.9571608,77.7390545,10,7,1.8340152426025922,18.340152426025924
C07872,12.945333,77.5814591,13,8,2.993432112797113,38.914617466362465
C07873,13.0681288,77.6287561,25,2,4.6903573697007515,117.25893424251879
C07874,13.0554481,77.6031972,2,2,3.1561131109917744,6.312226221983549
C07875,12.862565,77.5430321,24,8,7.651651489196512,183.6396357407163
C07876,12.9615281,77.5751736,3,5,4.571908198849213,13.71572459654764
C07877,12.9557117,77.7277054,2,7,1.0596447196209784,2.119289439241957
C07878,12.9169845,77.5933628,4,8,0.9763946452138925,3.90557858085557
C07879,13.000939,77.5714485,2,5,1.3969899272519455,2.793979854503891
C07880,12.8705684,77.5830835,4,8,5.302930305914187,21.21172122365675
C07881,12.93777,77.7462086,1,7,3.825362259960615,3.825362259960615
C07882,12.8262067,77.712425,3,4,9.488933085933745,28.466799257801235
C07883,13.1220989,77.6278814,8,2,6.501569375798205,52.01255500638564
C07884,12.9783586,77.6363142,3,1,0.8426448865918752,2.5279346597756254
C07885,12.9708386,77.6941903,4,7,3.303394284627581,13.213577138510324
C07886,12.9201189,77.5177655,5,3,2.9702556866150736,14.851278433075368
C07887,12.9798054,77.5955024,8,1,3.611842051546104,28.894736412368832
C07888,12.9899954,77.5372124,1,5,2.5557704963931664,2.5557704963931664
C07889,12.8924692,77.6423147,5,4,1.8817243117855655,9.408621558927827
C07890,13.0031628,77.553654,3,5,0.676374344525717,2.029123033577151
C07891,12.9586061,77.6623373,4,1,4.355451846422068,17.421807385688272
C07892,12.9170404,77.5934403,7,8,0.983689035237342,6.885823246661394
C07893,13.0844634,77.4167289,1,5,18.045122604146655,18.045122604146655
C07894,12.9717604,77.6275714,2,1,0.938440343781854,1.876880687563708
C07895,12.95148,77.5863456,1,8,3.6611575708566964,3.6611575708566964
C07896,12.8810223,77.6490068,2,4,1.872486054728506,3.744972109457012
C07897,12.8757108,77.5956993,8,8,4.8853973504434665,39.08317880354773
C07898,12.972478,77.750091,3,7,2.9732335632054534,8.91970068961636
C07899,12.9721532,77.5824183,1,5,3.978759827816341,3.978759827816341
C07900,12.9215008,77.5836636,2,8,0.349066904074579,0.698133808149158
C07901,12.8923066,77.5976171,1,8,3.226115028136447,3.226115028136447
C07902,12.9676657,77.5746839,2,5,3.9320940640233193,7.864188128046639
C07903,13.0149162,77.6466021,4,1,4.3072910328387115,17.229164131354846
C07904,13.0470701,77.5539052,1,2,5.051342388412277,5.051342388412277
C07905,12.9682424,77.5886088,7,1,4.555152687365807,31.886068811560648
C07906,12.9164567,77.5859615,3,8,0.2724593540597574,0.8173780621792722
C07907,12.8008988,77.5738423,4,8,13.063913750096344,52.255655000385374
C07908,12.9808365,77.5981459,3,1,3.3255112770263837,9.976533831079152
C07909,12.9606776,77.5286519,6,3,5.028064350664606,30.168386103987636
C07910,13.0379292,77.6234376,6,2,6.035935291626797,36.21561174976078
C07911,12.9719137,77.5772021,4,5,3.6594769360308526,14.63790774412341
C07912,12.8857556,77.5823701,5,8,3.6269522719148157,18.134761359574078
C07913,13.0782503,77.5908847,3,2,0.43091756598088404,1.2927526979426522
C07914,13.1432965,77.4846123,5,2,13.186110781547388,65.93055390773694
C07915,12.9859543,77.6448902,3,1,1.8638259107468795,5.591477732240639
C07916,12.9447626,77.5717734,3,8,3.2231073469428986,9.669322040828696
C07917,12.9246981,77.5508112,3,8,3.7222446314947377,11.166733894484214
C07918,12.9722075,77.6184168,2,1,1.427514394762185,2.85502878952437
C07919,13.0068889,77.5488656,2,5,1.3397027298317354,2.679405459663471
C07920,12.9647601,77.5068685,5,3,3.9627395724375183,19.813697862187592
C07921,12.9461685,77.588169,8,8,3.0935089041612405,24.748071233289924
C07922,12.9362945,77.6149366,8,8,3.850165123026976,30.80132098421581
C07923,12.9234317,77.5923374,1,8,1.0140625260814122,1.0140625260814122
C07924,12.94845,77.7079149,8,7,2.489178673435653,19.913429387485223
C07925,12.9393183,77.5831962,3,8,2.313736435664873,6.941209306994619
C07926,12.9127254,77.6798404,5,4,2.995132742102493,14.975663710512466
C07927,13.0311563,77.5778161,2,5,4.072320840976898,8.144641681953797
C07928,12.9974138,77.6969243,4,7,4.673529372132298,18.69411748852919
C07929,12.9999864,77.6110398,4,1,2.919572068554863,11.678288274219453
C07930,12.9972705,77.6967381,1,7,4.673928172777577,4.673928172777577
C07931,12.9697087,77.6097259,5,1,2.3690568004110224,11.845284002055113
C07932,12.9346521,77.6297029,9,1,5.038152006393866,45.343368057544794
C07933,12.9677106,77.644613,3,1,2.2035420867801117,6.610626260340335
C07934,12.9735045,77.607562,9,1,2.4173651723828886,21.756286551445996
C07935,12.9872008,77.556077,3,5,1.3925276609453356,4.177582982836007
C07936,13.0453218,77.6269445,6,2,5.726108760207796,34.356652561246776
C07937,12.9975064,77.5499528,1,5,0.9710945218310599,0.9710945218310599
C07938,13.0665886,77.5963966,18,2,1.722317376937297,31.001712784871348
C07939,12.9204402,77.5956155,9,8,1.2271637645828153,11.044473881245338
C07940,12.9783314,77.6448308,3,1,1.7550476944954723,5.265143083486417
C07941,12.9258745,77.5501431,1,8,3.8194080009813303,3.8194080009813303
C07942,12.9798386,77.6027906,4,1,2.82066871565874,11.28267486263496
C07943,13.0696459,77.6016015,1,2,1.8997110934449544,1.8997110934449544
C07944,12.9818715,77.6094935,5,1,2.1013924765877503,10.506962382938752
C07945,12.9457917,77.7105538,4,7,2.5330911182739517,10.132364473095807
C07946,12.9911127,77.5507508,2,5,1.2663875739151895,2.532775147830379
C07947,12.9548569,77.6608219,7,1,4.466601857009206,31.26621299906444
C07948,13.0044793,77.6603632,6,1,4.360157969112838,26.16094781467703
C07949,12.9768117,77.5449094,7,5,2.923684869073093,20.465794083511653
C07950,12.9604369,77.638565,3,1,2.4280037286069667,7.2840111858209
C07951,13.0209593,77.5844241,1,5,3.6675093314649727,3.6675093314649727
C07952,12.9730613,77.6469104,7,1,2.1200041892172936,14.840029324521055
C07953,12.9893195,77.5567369,3,5,1.1486163283159687,3.445848984947906
C07954,12.9777748,77.574757,1,5,2.9747226197193446,2.9747226197193446
C07955,12.9022414,77.6978441,9,4,4.25021909285937,38.25197183573433
C07956,12.9913252,77.5713263,14,5,1.6474184261238618,23.063857965734066
C07957,12.9386739,77.6902173,3,7,4.647346673755091,13.94204002126527
C07958,12.9403012,77.5764705,15,8,2.570445549936962,38.55668324905443
C07959,12.9549596,77.6532881,4,1,3.8553724453318265,15.421489781327306
C07960,12.9359771,77.615876,3,8,3.9205774172659877,11.761732251797962
C07961,12.9085181,77.6505464,2,4,1.8399608817636115,3.679921763527223
C07962,13.1067513,77.5708194,10,2,3.5256599241178415,35.256599241178414
C07963,12.9227412,77.5846644,2,8,0.47480268115155966,0.9496053623031193
C07964,12.9781863,77.5876929,6,5,3.9383965294851753,23.630379176911052
C07965,12.9270937,77.669922,2,4,3.788627826894404,7.577255653788808
C07966,12.9507267,77.6234214,2,1,3.309094365219247,6.618188730438494
C07967,12.9470578,77.5714933,7,8,3.4666390136643472,24.26647309565043
C07968,13.0124799,77.6526379,3,1,4.417662888557597,13.252988665672792
C07969,12.979801,77.635713,3,1,0.7545766588731184,2.2637299766193553
C07970,12.9514379,77.6220795,7,1,3.26095232960347,22.82666630722429
C07971,12.9039915,77.603131,10,8,2.5802372256198893,25.802372256198893
C07972,12.9336915,77.583999,5,8,1.6874413915732602,8.437206957866302
C07973,13.1089445,77.5919121,2,2,3.3414839212621446,6.682967842524289
C07974,12.9785967,77.5979887,2,1,3.346191474944822,6.692382949889644
C07975,12.879171,77.5673463,4,8,4.730456951303835,18.92182780521534
C07976,13.0412642,77.5895455,4,2,4.2017731776502085,16.807092710600834
C07977,12.9848397,77.5965237,2,1,3.538917401882221,7.077834803764442
C07978,12.867378,77.6162668,6,4,5.57103720674484,33.42622324046904
C07979,12.919647,77.6506868,4,4,2.9526109624624577,11.81044384984983
C07980,12.9044427,77.6958632,1,4,4.0989400275424765,4.0989400275424765
C07981,13.0249894,77.6198504,2,1,5.0565453205792945,10.113090641158589
C07982,13.0299644,77.5640792,2,5,3.4205241810896556,6.841048362179311
C07983,12.9677845,77.535901,3,5,4.294862297906425,12.884586893719275
C07984,12.976046,77.5987712,12,1,3.28843019265374,39.46116231184488
C07985,12.852699,77.667688,4,4,4.70318547514204,18.81274190056816
C07986,12.9784045,77.568007,2,5,2.5484110032219784,5.096822006443957
C07987,12.9240986,77.6497423,4,4,3.4525478111954078,13.810191244781631
C07988,12.8960028,77.5542251,3,8,4.120832578453542,12.362497735360627
C07989,12.9654174,77.53478,4,5,4.5794779688385985,18.317911875354394
C07990,13.0418661,77.4482852,5,5,12.86329409297112,64.3164704648556
C07991,12.9482178,77.588168,8,8,3.3185764205142183,26.548611364113746
C07992,12.9994495,77.6247073,3,1,2.1808524502102,6.5425573506306005
C07993,12.9398043,77.5755209,10,8,2.556271180730813,25.562711807308133
C07994,13.0291141,77.5433251,6,5,3.674029672882895,22.04417803729737
C07995,12.991965,77.5710415,2,5,1.5831630224508533,3.1663260449017065
C07996,12.9349664,77.5469781,16,8,4.4648549026029345,71.43767844164695
C07997,12.9497919,77.5738082,4,8,3.657743070522348,14.630972282089392
C07998,12.9708605,77.6410649,2,1,1.6851968768150014,3.370393753630003
C07999,13.0333592,77.5740914,11,5,4.102818637350493,45.131005010855425
C08000,12.9574628,77.6550258,14,1,3.7993039610379853,53.190255454531794
C08001,12.9536798,77.6419151,3,1,3.259745665427309,9.779236996281927
C08002,13.0301366,77.5712239,2,5,3.652747478718014,7.305494957436028
C08003,12.9645437,77.7487198,3,7,2.691506419082198,8.074519257246592
C08004,13.0082375,77.566471,5,5,1.2842476595841719,6.421238297920859
C08005,13.02502,77.6035096,8,5,5.627036753689165,45.01629402951332
C08006,13.0846766,77.5595449,5,2,3.043533795604256,15.21766897802128
C08007,12.9944997,77.7578876,4,7,4.959205113805651,19.836820455222604
C08008,12.9464756,77.6725164,9,7,5.929644363796586,53.366799274169274
C08009,12.940921,77.5457658,3,8,4.885489019488929,14.656467058466788
C08010,13.029007,77.5433374,7,5,3.6628586344558527,25.64001044119097
C08011,12.9074344,77.5468204,3,8,4.268992272210415,12.806976816631245
C08012,12.9594138,77.4808374,4,3,3.3495615857971126,13.39824634318845
C08013,12.9408587,77.627609,3,1,4.351912062440273,13.055736187320818
C08014,12.9725129,77.6488871,3,1,2.341936707486798,7.025810122460394
C08015,12.95802,77.7009796,3,7,2.594256090100454,7.782768270301362
C08016,13.0010451,77.6618257,9,1,4.268793262694187,38.419139364247684
C08017,12.9672322,77.5891929,2,1,4.528578327121227,9.057156654242455
C08018,12.9898441,77.7326897,2,7,2.958499943462111,5.916999886924222
C08019,12.9812188,77.6367811,15,1,0.8774298349674476,13.161447524511715
C08020,13.0096341,77.5432274,7,5,2.0145145569922294,14.101601898945606
C08021,12.9984887,77.5504219,1,5,0.901464763985821,0.901464763985821
C08022,12.9893348,77.5543801,2,5,1.2197218537179197,2.4394437074358395
C08023,13.0744584,77.7469875,1,6,12.081919251673208,12.081919251673208
C08024,12.9557234,77.7276504,2,7,1.0561522717010308,2.1123045434020615
C08025,12.9530737,77.5842339,1,8,3.8321639045243288,3.8321639045243288
C08026,12.879981,77.752909,3,7,9.875835742680993,29.62750722804298
C08027,12.9446671,77.6289233,1,1,3.928539062396726,3.928539062396726
C08028,12.907279,77.5777041,3,8,1.4402785215806533,4.32083556474196
C08029,13.0838355,77.6409036,1,2,5.870251811625816,5.870251811625816
C08030,13.0090828,77.6235594,4,1,3.2517397535887,13.0069590143548
C08031,12.9341641,77.6166913,2,8,3.9043392918745043,7.808678583749009
C08032,12.9695445,77.5154183,10,3,4.849220979861368,48.49220979861368
C08033,12.9391778,77.6258972,9,1,4.546870760094392,40.92183684084953
C08034,13.0119992,77.529111,6,5,3.4918978054524636,20.951386832714782
C08035,12.9798731,77.6403726,3,1,1.2597884400645867,3.77936532019376
C08036,12.9788781,77.6944035,13,7,3.5772525033032228,46.504282542941894
C08037,12.975596,77.5564839,1,5,2.659079536655958,2.659079536655958
C08038,13.0171237,77.5622974,1,5,1.9878100663067402,1.9878100663067402
C08039,12.972492,77.6489834,3,1,2.352521681973467,7.0575650459204
C08040,12.9517481,77.4939886,16,3,2.229861599059997,35.67778558495995
C08041,12.9198254,77.6127816,3,8,3.075030226746365,9.225090680239095
C08042,13.0311539,77.5707749,3,5,3.7400347562712923,11.220104268813877
C08043,12.9824083,77.5885244,1,5,3.7548185031088703,3.7548185031088703
C08044,12.9944028,77.657986,6,1,3.5419351600003828,21.251610960002296
C08045,12.910476,77.5822027,6,8,0.91766754357035,5.5060052614221
C08046,12.9821489,77.638143,6,1,1.040998082156273,6.245988492937638
C08047,12.8599776,77.5424451,2,8,7.92160094944906,15.84320189889812
C08048,13.0659006,77.6199862,2,2,3.866102721111954,7.732205442223908
C08049,12.9789373,77.6355642,1,1,0.7496368249461753,0.7496368249461753
C08050,12.9750597,77.602857,4,1,2.869270881252465,11.47708352500986
C08051,13.0704343,77.5553668,2,2,3.5673574869791898,7.1347149739583795
C08052,13.0292739,77.5636598,1,5,3.337551733815098,3.337551733815098
C08053,12.9118831,77.5528805,2,8,3.509168396493589,7.018336792987178
C08054,12.9491302,77.501359,2,3,2.137459784311137,4.274919568622274
C08055,13.063868,77.5897493,2,2,1.7164646376728654,3.432929275345731
C08056,12.9168689,77.6007004,5,8,1.7682124391008862,8.841062195504431
C08057,12.9823686,77.6082193,4,1,2.244519537151571,8.978078148606285
C08058,12.9969253,77.5689234,3,5,1.1506187832111703,3.451856349633511
C08059,12.9128181,77.6351088,4,4,3.3432928980196714,13.373171592078686
C08060,12.9583613,77.5713274,2,8,4.642977043133798,9.285954086267596
C08061,12.9967644,77.6113781,4,1,2.6353830081618894,10.541532032647558
C08062,12.9667546,77.765345,4,7,4.503286863808453,18.013147455233813
C08063,12.9703581,77.63022,1,1,1.095921535917759,1.095921535917759
C08064,13.037202,77.6411602,7,1,6.456497892878929,45.1954852501525
C08065,12.9437412,77.7472692,2,7,3.4238419711812687,6.847683942362537
C08066,12.9231573,77.6712019,4,4,3.4241523178771556,13.696609271508622
C08067,12.8604915,77.7802604,8,7,13.042415742785074,104.3393259422806
C08068,13.0491178,77.5333275,6,5,6.139634412639162,36.837806475834974
C08069,13.0225774,77.5567554,3,5,2.560230566735498,7.680691700206493
C08070,13.0961377,77.5782858,3,2,2.1065574755108547,6.319672426532565
C08071,12.9622425,77.6448007,6,1,2.638253886703855,15.82952332022313
C08072,12.9577479,77.6382507,5,1,2.6855053085823295,13.427526542911647
C08073,13.0479288,77.5785318,2,2,3.575723927693303,7.151447855386606
C08074,12.9727841,77.6381267,2,1,1.3028245749908174,2.6056491499816348
C08075,12.9783705,77.6374326,1,1,0.9607818675821683,0.9607818675821683
C08076,13.1038688,77.5748633,4,2,3.0383824204342074,12.15352968173683
C08077,13.0031618,77.7059531,3,7,4.700169538797065,14.100508616391194
C08078,13.0022886,77.5691885,7,5,1.183135137846452,8.281945964925164
C08079,12.9861507,77.6702891,4,1,4.555714948854858,18.22285979541943
C08080,13.0153124,77.7619563,8,7,6.974152126666127,55.79321701332901
C08081,12.9072691,77.6059652,2,8,2.6396271238698144,5.279254247739629
C08082,12.9860915,77.4776166,7,3,6.257293484075695,43.80105438852986
C08083,12.9710711,77.6144452,2,1,1.852089449748604,3.704178899497208
C08084,12.9212413,77.6494174,6,4,3.1651674788719903,18.991004873231944
C08085,12.9812365,77.6467545,1,1,1.9558780174156976,1.9558780174156976
C08086,12.9042683,77.6967012,4,4,4.181552575093367,16.726210300373467
C08087,12.980585,77.5485031,1,5,2.368549133748102,2.368549133748102
C08088,13.0116348,77.5553857,3,5,1.386915674979404,4.160747024938212
C08089,13.0367124,77.6547535,5,1,6.866646608530823,34.333233042654115
C08090,12.9530877,77.5365485,2,3,5.286451704718238,10.572903409436476
C08091,12.9288251,77.6916298,2,4,5.162931515901397,10.325863031802793
C08092,12.9968977,77.6967815,6,7,4.639011586551659,27.834069519309953
C08093,12.954627,77.5905488,3,8,4.0575724139354925,12.172717241806478
C08094,12.9760905,77.5525048,2,5,2.678490761372493,5.356981522744986
C08095,12.9931034,77.5391257,3,5,2.236237916266683,6.708713748800049
C08096,12.9191136,77.670829,21,4,2.9960788280107002,62.9176553882247
C08097,12.9793264,77.6410206,7,1,1.3329141312929762,9.330398919050833
C08098,12.9674859,77.7143632,7,7,1.0887884887444135,7.621519421210895
C08099,13.0642384,77.6051608,5,2,2.568508831584617,12.842544157923086
C08100,12.918707,77.5964054,4,8,1.2934031081586688,5.173612432634675
C08101,12.8707266,77.6589309,1,4,2.6240573241050775,2.6240573241050775
C08102,12.9336553,77.6315409,2,1,5.156256967194317,10.312513934388633
C08103,12.9726301,77.6791685,2,7,4.941684362583751,9.883368725167502
C08104,12.9366466,77.618124,1,8,4.169745649426787,4.169745649426787
C08105,12.9509475,77.6229392,1,1,3.29469339492849,3.29469339492849
C08106,12.9387019,77.5524477,1,8,4.139018131247895,4.139018131247895
C08107,13.124683,77.5486118,3,2,6.540545288479748,19.621635865439245
C08108,12.9908478,77.6800019,6,7,5.588187102654736,33.529122615928415
C08109,12.9334854,77.6210369,7,8,4.302307588679729,30.116153120758103
C08110,12.9800466,77.5966246,4,1,3.4898308811064624,13.95932352442585
C08111,12.9119818,77.6254463,2,4,4.180291405810077,8.360582811620153
C08112,12.9567879,77.5332602,1,3,5.178388242666648,5.178388242666648
C08113,13.027771,77.5745407,1,5,3.5704365988092177,3.5704365988092177
C08114,12.9565541,77.5289117,1,3,4.772126558212675,4.772126558212675
C08115,12.9723087,77.6186288,2,1,1.4024964165272646,2.8049928330545293
C08116,12.9559117,77.7167634,3,7,1.2319111232451156,3.695733369735347
C08117,12.8332078,77.4016465,2,3,14.736444993327321,29.472889986654643
C08118,13.0077605,77.5635484,4,5,1.0549458437041073,4.219783374816429
C08119,12.9446046,77.5791252,3,8,2.9527447434456535,8.858234230336961
C08120,13.0192963,77.633699,3,1,4.365651815274654,13.096955445823962
C08121,12.9110469,77.6001538,7,8,1.8875737726130737,13.213016408291516
C08122,12.9200067,77.6493586,1,4,3.0396673234323397,3.0396673234323397
C08123,13.0679426,77.5914641,4,2,1.3302021079444135,5.320808431777654
C08124,12.8623159,77.5544965,3,8,7.016316050322225,21.048948150966677
C08125,12.9130408,77.680195,3,4,3.0471110812955526,9.141333243886658
C08126,12.9121736,77.6471643,6,4,2.3797433195724595,14.278459917434757
C08127,12.9640026,77.7403674,6,7,1.7856255789124285,10.71375347347457
C08128,12.8950664,77.5396295,2,8,5.517056921195245,11.03411384239049
C08129,12.8251148,77.5135674,3,3,11.997724832806155,35.99317449841846
C08130,12.9103115,77.5937865,4,8,1.3528345224373282,5.411338089749313
C08131,12.9789992,77.6424343,3,1,1.4887368659778872,4.466210597933662
C08132,12.9376335,77.5849914,5,8,2.1236104302774006,10.618052151387003
C08133,12.963965,77.6405596,4,1,2.2022801265775884,8.809120506310354
C08134,12.9401924,77.7476735,12,7,3.7296991065464336,44.7563892785572
C08135,13.0311741,77.6353899,1,1,5.693122616254775,5.693122616254775
C08136,13.0448529,77.5012583,3,5,7.999193579564919,23.997580738694758
C08137,12.9563776,77.5326378,2,3,5.0969986402998,10.1939972805996
C08138,12.9649703,77.5389842,5,5,4.380650650309613,21.903253251548065
C08139,13.0791605,77.5778697,1,2,0.992818413205807,0.992818413205807
C08140,12.9094255,77.5655013,4,8,2.29197686243323,9.16790744973292
C08141,12.8679557,77.7741925,2,7,12.005036978917964,24.010073957835928
C08142,13.1982398,77.7137839,2,6,4.787325524064263,9.574651048128526
C08143,12.9166134,77.5947605,1,8,1.1329887896656534,1.1329887896656534
C08144,12.9073134,77.4034803,2,3,10.09001923024788,20.18003846049576
C08145,12.9174015,77.6036834,7,8,2.0866395069509815,14.606476548656872
C08146,12.9627015,77.7173969,3,7,0.737945245198368,2.213835735595104
C08147,12.9188287,77.6703171,5,4,2.944778523073305,14.723892615366525
C08148,13.0373659,77.568022,11,5,4.310351993240542,47.413871925645964
C08149,12.991587,77.5684205,4,5,1.3763563226696478,5.505425290678591
C08150,12.9398397,77.6252767,2,1,4.478978274168895,8.95795654833779
C08151,13.1177735,77.6261222,5,2,6.02412167788835,30.12060838944175
C08152,12.9971262,77.5715091,2,5,1.4197829566021212,2.8395659132042423
C08153,12.9713114,77.7067073,2,7,2.014672176487932,4.029344352975864
C08154,12.93948,77.7213945,1,7,2.7877294325363358,2.7877294325363358
C08155,12.9221378,77.4924543,6,3,1.0518993560144763,6.311396136086858
C08156,12.9787267,77.640527,3,1,1.2859326505744852,3.8577979517234557
C08157,12.9330581,77.584422,4,8,1.6164839842611591,6.4659359370446365
C08158,12.9690246,77.693603,2,7,3.329945281439005,6.65989056287801
C08159,12.9444107,77.5721169,5,8,3.171975069164887,15.859875345824435
C08160,12.9933123,77.5905954,2,5,3.534080152698065,7.06816030539613
C08161,13.0869293,77.520684,3,2,7.249327727967608,21.747983183902825
C08162,12.985164,77.671732,6,1,4.696609453858327,28.179656723149964
C08163,12.8740437,77.5945104,6,8,5.034875076877663,30.209250461265977
C08164,12.9806974,77.6405653,3,1,1.2817198968385135,3.8451596905155405
C08165,13.0097345,77.5515655,1,5,1.3676343333078471,1.3676343333078471
C08166,12.9787017,77.5742352,27,5,2.858451221721722,77.17818298648649
C08167,12.8937841,77.558542,11,8,3.924349741780649,43.16784715958714
C08168,12.9184311,77.6733027,6,4,3.0497167078192335,18.298300246915403
C08169,12.8703135,77.6537185,2,4,2.7425216583776635,5.485043316755327
C08170,13.0141307,77.5704327,3,5,2.060911152601407,6.182733457804221
C08171,12.9232041,77.663273,2,4,3.2118354224916486,6.423670844983297
C08172,12.90306,77.4974982,8,3,3.198234938566909,25.58587950853527
C08173,12.949372,77.5798139,4,8,3.4598568531077563,13.839427412431025
C08174,12.9060151,77.579232,2,8,1.4909496506660853,2.9818993013321706
C08175,13.1983776,77.7137207,2,6,4.794544015800989,9.589088031601978
C08176,12.9162396,77.6380678,7,4,3.3559798930151583,23.491859251106106
C08177,12.9743703,77.6069754,10,1,2.4513250627531002,24.513250627531
C08178,12.9479382,77.5859235,10,8,3.2672696648102413,32.672696648102416
C08179,12.9599222,77.5728426,6,5,4.646070411954031,27.876422471724183
C08180,12.9696095,77.5759104,3,5,3.8040834261688543,11.412250278506562
C08181,13.0115083,77.5553276,1,5,1.3750304924012327,1.3750304924012327
C08182,12.8923531,77.6113104,4,8,4.101975777512645,16.40790311005058
C08183,13.0121881,77.6673811,3,1,5.4899851653609435,16.469955496082832
C08184,12.9652449,77.7134399,4,7,1.1416752552642202,4.566701021056881
C08185,12.9277768,77.6329941,3,4,4.683300763816595,14.049902291449785
C08186,13.1025097,77.5712728,1,2,3.100051833696078,3.100051833696078
C08187,12.9716596,77.6516938,5,1,2.6602806592313235,13.301403296156618
C08188,12.9222709,77.6496746,5,4,3.263041847006941,16.315209235034704
C08189,12.979119,77.6412042,5,1,1.354551639464899,6.772758197324496
C08190,12.9311905,77.5908939,6,8,1.5715812520492227,9.429487512295337
C08191,13.0075192,77.5711141,5,5,1.6158152131267451,8.079076065633725
C08192,13.0013094,77.630483,2,1,2.349006589310773,4.698013178621546
C08193,12.9336643,77.6231619,3,8,4.52330681135434,13.56992043406302
C08194,13.0305521,77.5660376,4,5,3.5267401811053816,14.106960724421526
C08195,12.953689,77.584188,4,8,3.900311275681744,15.601245102726976
C08196,13.0329207,77.6747772,7,1,7.68483860777006,53.79387025439042
C08197,12.9787019,77.6411945,5,1,1.3581982114264015,6.790991057132008
C08198,12.9138636,77.607781,14,8,2.578908002560867,36.10471203585214
C08199,12.8984689,77.6572967,16,4,0.5091057660583252,8.145692256933204
C08200,12.9049863,77.5606059,4,8,2.9920368020942782,11.968147208377113
C08201,12.9181994,77.5958138,1,8,1.2291914226936238,1.2291914226936238
C08202,12.8388772,77.6601784,8,4,6.149366012036949,49.19492809629559
C08203,12.9121563,77.6378046,2,4,3.0688462216324277,6.137692443264855
C08204,12.9849661,77.5963422,2,1,3.5604735350995718,7.1209470701991435
C08205,13.0673288,77.5538666,3,2,3.827764561197299,11.483293683591898
C08206,13.0576725,77.5932444,2,2,2.470666701658287,4.941333403316574
C08207,12.9779433,77.572024,5,5,2.7947681024673,13.9738405123365
C08208,12.8854267,77.5669172,1,8,4.124334484039174,4.124334484039174
C08209,12.993111,77.6666772,2,1,4.357698889169109,8.715397778338218
C08210,12.9138357,77.6114958,4,8,2.9759613470709225,11.90384538828369
C08211,12.9197902,77.4894315,5,3,1.3674004818981034,6.837002409490517
C08212,12.9144151,77.6448888,5,4,2.724770458952612,13.62385229476306
C08213,12.9762285,77.5644702,2,5,2.6545888406729183,5.309177681345837
C08214,12.9668422,77.6499995,2,1,2.735520976222166,5.471041952444332
C08215,12.8954376,77.5818086,2,8,2.5645287067383227,5.129057413476645
C08216,12.9692162,77.7501638,4,7,2.894959139808907,11.579836559235629
C08217,12.9754502,77.6469773,9,1,2.0439182606301607,18.395264345671446
C08218,12.9679568,77.5915472,1,1,4.260745008835027,4.260745008835027
C08219,12.8832559,77.7524455,3,7,9.516377435852386,28.54913230755716
C08220,13.0636066,77.5886894,1,2,1.7291629720834272,1.7291629720834272
C08221,12.9721558,77.6421739,1,1,1.7032925498991571,1.7032925498991571
C08222,12.8402692,77.6599865,7,4,5.995073359466863,41.96551351626804
C08223,13.0364837,77.5895892,5,2,4.730223672131999,23.651118360659993
C08224,12.9992623,77.5496684,5,5,0.9763729139125008,4.881864569562504
C08225,12.9600755,77.6448826,6,1,2.82848672637219,16.970920358233137
C08226,13.0276122,77.5764397,2,5,3.6594376675694607,7.318875335138921
C08227,12.9735702,77.6134692,2,1,1.8141479160280771,3.6282958320561542
C08228,12.9517746,77.4997107,15,3,2.3447657225363416,35.17148583804512
C08229,13.0707363,77.591228,3,2,1.036475414541998,3.109426243625994
C08230,12.9774564,77.6593253,6,1,3.3303722621523666,19.9822335729142
C08231,12.921398,77.6632963,3,4,3.0139597801609335,9.0418793404828
C08232,12.9543777,77.6209764,1,1,2.9764070969857097,2.9764070969857097
C08233,12.9474841,77.7544752,1,7,3.8162744145977503,3.8162744145977503
C08234,13.011525,77.5505497,2,5,1.5936357964048,3.1872715928096
C08235,12.9583199,77.6049603,7,1,3.5390673571022524,24.773471499715768
C08236,12.956256,77.6953953,6,7,3.2310185020045257,19.386111012027154
C08237,12.9760549,77.6547944,6,1,2.861304944998978,17.167829669993868
C08238,12.9896302,77.5560208,2,5,1.1319441378027215,2.263888275605443
C08239,12.9162354,77.6518661,10,4,2.5538344978399827,25.538344978399827
C08240,13.0042943,77.7122219,2,7,4.581067392177191,9.162134784354382
C08241,12.9400923,77.7468721,4,7,3.678235889205503,14.712943556822012
C08242,12.9750242,77.5520533,3,5,2.8050726877523817,8.415218063257145
C08243,12.9700147,77.7502291,3,7,2.919002001001054,8.757006003003161
C08244,12.987324,77.5783227,8,5,2.525712785894787,20.205702287158296
C08245,12.9485766,77.5806648,2,8,3.3601083334227093,6.720216666845419
C08246,13.0175676,77.5614253,1,5,2.019767808446751,2.019767808446751
C08247,12.9693581,77.5775277,3,5,3.917202843793385,11.751608531380155
C08248,13.1038749,77.5716206,3,2,3.2074005579641205,9.622201673892361
C08249,12.9949932,77.6635028,35,1,4.1125544823669395,143.9394068828429
C08250,12.954162,77.5673708,5,8,4.368023763845288,21.84011881922644
C08251,12.9298982,77.6854473,2,4,4.831601641710976,9.663203283421952
C08252,13.0179838,77.5531675,2,5,2.1285744066264676,4.257148813252935
C08253,12.9593836,77.7164443,1,7,0.9931313253575741,0.9931313253575741
C08254,12.9701662,77.7498036,2,7,2.8774108459387153,5.754821691877431
C08255,13.0333714,77.5689251,4,5,3.908860772056687,15.635443088226747
C08256,12.8984621,77.6077509,9,8,3.357696841299754,30.21927157169779
C08257,13.0156449,77.5710444,7,5,2.2341793045207923,15.639255131645546
C08258,12.9758159,77.5757621,4,5,3.214536490978495,12.85814596391398
C08259,12.8918025,77.5835797,3,8,2.951926553121355,8.855779659364066
C08260,12.9103731,77.6328115,4,4,3.3961692285498604,13.584676914199441
C08261,12.9445341,77.5946219,2,8,3.0890483207512442,6.1780966415024885
C08262,12.9207698,77.6503946,11,4,3.080484193959259,33.88532613355185
C08263,13.0008959,77.6755521,3,1,5.573209211883227,16.71962763564968
C08264,12.9887062,77.5808767,3,5,2.692527954905975,8.077583864717925
C08265,12.9990289,77.5692984,1,5,1.1560929528235928,1.1560929528235928
C08266,12.9064253,77.5981787,3,8,1.9951105217878224,5.9853315653634676
C08267,12.9868722,77.7362988,6,7,2.8136069095243235,16.88164145714594
C08268,12.8682145,77.4518927,2,3,8.320337345269902,16.640674690539804
C08269,12.9721967,77.6523513,2,1,2.7072359145380216,5.414471829076043
C08270,12.9737273,77.5098419,6,3,5.004203711106392,30.02522226663835
C08271,12.975403,77.6470594,1,1,2.0538705390969136,2.0538705390969136
C08272,12.9781539,77.6394005,7,1,1.1749603131256192,8.224722191879334
C08273,12.9250705,77.5799496,2,8,0.8831705107706662,1.7663410215413324
C08274,12.9874041,77.5387106,3,5,2.5472707062525206,7.641812118757562
C08275,13.0223907,77.6379343,2,1,4.779938198443604,9.559876396887208
C08276,13.0070581,77.6126039,4,1,3.4566819578117802,13.826727831247121
C08277,12.9608001,77.6372345,19,1,2.331309440380548,44.294879367230415
C08278,12.9236239,77.6403133,6,4,3.8473148734071376,23.083889240442826
C08279,13.0983668,77.5733927,2,2,2.5913426028996187,5.182685205799237
C08280,12.860166,77.7836393,7,7,13.249933292106558,92.7495330447459
C08281,12.9577094,77.5696701,3,8,4.633771451930307,13.90131435579092
C08282,12.8856117,77.6036643,9,8,4.189226658532389,37.703039926791504
C08283,12.9792978,77.5859562,6,5,3.713775053136043,22.28265031881626
C08284,13.0629571,77.592948,1,2,1.9035614350109795,1.9035614350109795
C08285,12.9713194,77.6964768,2,7,3.073754911971327,6.147509823942654
C08286,12.9537691,77.7152697,6,7,1.5184315194098816,9.11058911645929
C08287,13.0503583,77.5157328,4,5,7.30532622399198,29.22130489596792
C08288,12.956173,77.6949671,2,7,3.278209205229919,6.556418410459838
C08289,12.896052,77.4618775,2,3,5.191980338909395,10.38396067781879
C08290,12.9455956,77.5952641,1,8,3.223756908068876,3.223756908068876
C08291,12.8951016,77.5396128,3,8,5.516831202395652,16.550493607186958
C08292,12.9243033,77.597266,16,8,1.530216475832401,24.483463613318417
C08293,12.9567998,77.7410638,6,7,2.048070398734852,12.28842239240911
C08294,13.0266474,77.6040449,15,5,5.76903378712231,86.53550680683465
C08295,13.0935598,77.5895277,6,2,1.6190715458428717,9.714429275057231
C08296,12.8629979,77.763056,7,4,11.770174018608762,82.39121813026134
C08297,12.9919183,77.6022398,13,1,3.160817442933365,41.090626758133745
C08298,12.9973999,77.6967169,4,7,4.686492983165416,18.745971932661664
C08299,12.8437224,77.6447875,3,4,5.8364075331145155,17.509222599343545
C08300,12.9421664,77.4904481,7,3,1.2006668579518993,8.404668005663295
C08301,12.9257654,77.5824151,9,8,0.8401763457989692,7.561587112190723
C08302,12.906053,77.5890997,2,8,1.4609841108634534,2.9219682217269067
C08303,12.8405409,77.651351,2,4,6.030508066195155,12.06101613239031
C08304,13.0041718,77.6602519,4,1,4.329678344536647,17.318713378146587
C08305,12.8619368,77.4385339,6,3,9.72277715132459,58.33666290794754
C08306,12.9828866,77.7518975,6,7,3.653202461468571,21.91921476881143
C08307,12.9570712,77.5703413,1,8,4.542423837632882,4.542423837632882
C08308,12.8359981,77.6571688,13,4,6.472734956988291,84.14555444084779
C08309,12.9998657,77.6196688,2,1,2.395162719022048,4.790325438044096
C08310,12.9947371,77.6993007,3,7,4.280957525963013,12.842872577889038
C08311,12.9746882,77.628026,2,1,0.6106401269822216,1.2212802539644432
C08312,13.029998,77.5705549,22,5,3.6119308260824554,79.46247817381402
C08313,12.9254648,77.5775504,4,8,1.0820837697957628,4.328335079183051
C08314,13.1025052,77.595543,2,2,2.7466531132374414,5.493306226474883
C08315,13.0190802,77.5202194,6,5,4.700411495751986,28.202468974511916
C08316,13.0833759,77.6436934,6,2,6.167790551669082,37.00674331001449
C08317,12.9796016,77.5107812,3,5,5.645550561224478,16.936651683673432
C08318,12.9651732,77.6412777,6,1,2.143388056135827,12.860328336814963
C08319,13.0008336,77.6327495,2,1,2.3293561233603532,4.6587122467207065
C08320,12.9420816,77.6220418,2,1,4.277561520495043,8.555123040990086
C08321,13.0181973,77.5581675,1,5,2.0677247135231283,2.0677247135231283
C08322,13.0328608,77.6230689,1,1,5.867047217196107,5.867047217196107
C08323,12.9881787,77.5526874,12,5,1.4132262789479826,16.95871534737579
C08324,12.9014685,77.6504016,10,4,1.261049335475615,12.61049335475615
C08325,13.043384,77.5999701,3,2,4.200301597808419,12.600904793425258
C08326,12.9649402,77.5761878,11,5,4.274905272647577,47.02395799912335
C08327,12.8986874,77.5577817,3,8,3.6335525934264887,10.900657780279467
C08328,13.0247023,77.5487874,3,5,2.985956896905339,8.957870690716017
C08329,12.9403258,77.5247379,3,3,3.5726388929278343,10.717916678783503
C08330,12.9399342,77.6157295,3,8,4.1416997919804786,12.425099375941436
C08331,12.9946162,77.7185937,3,7,3.379805699713758,10.139417099141275
C08332,12.9961908,77.5640237,7,5,0.6892808875527646,4.824966212869352
C08333,12.9635168,77.5580738,4,5,3.9861433839945226,15.94457353597809
C08334,12.986314,77.7458263,5,7,3.3856664670254353,16.928332335127177
C08335,13.0277599,77.5738956,7,5,3.536077677084255,24.752543739589786
C08336,12.9782425,77.5825221,4,5,3.5012402231472053,14.004960892588821
C08337,13.020731,77.70227,2,7,6.650385077538888,13.300770155077776
C08338,12.908506,77.6836249,1,4,3.0460783732133256,3.0460783732133256
C08339,12.9239053,77.6183201,4,8,3.7218763851856336,14.887505540742534
C08340,13.0103911,77.5548848,3,5,1.270812946720434,3.8124388401613025
C08341,12.9433767,77.6076357,4,8,3.7312923151446067,14.925169260578427
C08342,12.9353555,77.6148616,3,8,3.7908223193045023,11.372466957913506
C08343,13.0600394,77.5876573,20,2,2.1156393684711876,42.31278736942375
C08344,13.0505862,77.6494896,1,2,7.480104878232455,7.480104878232455
C08345,12.8771394,77.5444517,1,8,6.3106163062429586,6.3106163062429586
C08346,12.9770963,77.6371837,4,1,0.9739980770573607,3.895992308229443
C08347,12.9447767,77.624409,3,1,3.9449013952094956,11.834704185628487
C08348,12.9610686,77.71376,4,7,1.1691517251679817,4.676606900671927
C08349,12.9922626,77.6381761,5,1,1.6847554342356865,8.423777171178433
C08350,12.9247336,77.565329,8,8,2.1941830452209428,17.553464361767542
C08351,12.9660676,77.6034676,1,1,3.1588403441072037,3.1588403441072037
C08352,13.0051689,77.5718284,2,5,1.5600274708090331,3.1200549416180663
C08353,12.9314469,77.6853072,4,4,4.96334800730062,19.85339202920248
C08354,12.9740883,77.5832262,6,5,3.877949681553297,23.267698089319783
C08355,12.9589736,77.6628578,15,1,4.380929232882207,65.7139384932331
C08356,12.9566538,77.7440931,6,7,2.3567937267603587,14.140762360562153
C08357,12.9242998,77.499047,3,3,1.039735521489732,3.119206564469196
C08358,12.9319376,77.6860759,2,4,5.055431110986181,10.110862221972361
C08359,12.9171118,77.5927033,2,8,0.9034388255718736,1.8068776511437472
C08360,12.9144145,77.5208702,2,3,3.5710067197732274,7.142013439546455
C08361,13.0084832,77.5692697,5,5,1.5198427172940583,7.599213586470292
C08362,12.9263972,77.502667,4,3,1.193673829982404,4.774695319929616
C08363,12.9857652,77.55176,1,5,1.6971156459330614,1.6971156459330614
C08364,12.9478623,77.5921306,2,8,3.359073334698055,6.71814666939611
C08365,13.0250118,77.5875048,6,5,4.214563655560699,25.287381933364195
C08366,12.924922,77.6281634,4,8,4.795205543162634,19.180822172650537
C08367,12.9720317,77.6009309,5,1,3.1533384657717733,15.766692328858866
C08368,12.923222,77.6364709,4,4,4.053568536171956,16.214274144687824
C08369,13.04116,77.5580795,10,5,4.609249064688194,46.092490646881934
C08370,12.9873761,77.5387076,4,5,2.5491810702352105,10.196724280940842
C08371,13.0251271,77.7625783,3,7,7.911769414762709,23.735308244288127
C08372,12.8947315,77.6615482,2,4,0.22211566508480193,0.44423133016960387
C08373,13.0008968,77.6618893,4,1,4.26574080072559,17.06296320290236
C08374,13.0345353,77.5342727,1,5,4.693107718404348,4.693107718404348
C08375,12.9195713,77.6682583,3,4,2.9408656490186194,8.822596947055859
C08376,12.9729863,77.5398479,3,5,3.5774648635623945,10.732394590687184
C08377,12.9331601,77.5833173,1,8,1.6327814433897938,1.6327814433897938
C08378,12.9176987,77.6515426,2,4,2.7184978544370706,5.436995708874141
C08379,12.9995622,77.5496994,6,5,0.9725887040010264,5.835532224006158
C08380,12.9463745,77.5298582,4,3,4.316887840190842,17.267551360763367
C08381,12.9656038,77.5363115,4,5,4.470127337760242,17.880509351040967
C08382,12.9411184,77.5737183,4,8,2.768205808965316,11.072823235861264
C08383,12.8886588,77.5821115,4,8,3.308383195266215,13.23353278106486
C08384,12.8484849,77.6550459,8,4,5.1086229085223565,40.86898326817885
C08385,12.8387166,77.6777338,4,4,6.476072186022979,25.904288744091915
C08386,13.004739,77.4873051,1,5,7.766370367612858,7.766370367612858
C08387,13.0482487,77.6185279,10,2,4.835950949768333,48.35950949768333
C08388,12.9592625,77.5168068,4,3,4.001419039010355,16.00567615604142
C08389,13.0555615,77.6044933,2,2,3.226300103998848,6.452600207997696
C08390,12.8747558,77.7665878,1,7,10.966037660786524,10.966037660786524
C08391,12.9570197,77.5660532,4,8,4.715151623565266,18.860606494261063
C08392,12.911533,77.6764094,3,4,2.6359774684979183,7.907932405493755
C08393,12.9223314,77.6652505,10,4,3.1512658018024684,31.512658018024684
C08394,13.0232902,77.5501455,3,5,2.788356668948163,8.365070006844489
C08395,12.973066,77.647824,2,1,2.2122506991942923,4.424501398388585
C08396,12.9937268,77.7008262,6,7,4.090604497297585,24.54362698378551
C08397,12.8610746,77.7825773,6,7,13.105860544086,78.635163264516
C08398,12.9477324,77.5847176,4,8,3.2409005730996028,12.963602292398411
C08399,12.9414186,77.7470153,5,7,3.5824446204582956,17.912223102291478
C08400,12.9742892,77.5778952,3,5,3.487430154180246,10.46229046254074
C08401,12.9307369,77.5926549,4,8,1.6226601896515132,6.490640758606053
C08402,12.9015806,77.6328786,8,4,3.0004125038436054,24.003300030748843
C08403,12.9122001,77.6489032,5,4,2.281084329578651,11.405421647893254
C08404,13.1806055,77.6409278,3,6,5.0967372786224665,15.2902118358674
C08405,12.9131399,77.6799856,9,4,3.0378711237103055,27.34084011339275
C08406,13.0598775,77.6425707,1,2,6.3944619822185595,6.3944619822185595
C08407,12.9460609,77.5949139,14,8,3.25841551294118,45.61781718117652
C08408,13.0225676,77.5847474,1,5,3.8111168692149175,3.8111168692149175
C08409,12.9288159,77.580007,2,8,1.246176262707818,2.492352525415636
C08410,12.9105706,77.6324633,3,4,3.4398349836443964,10.31950495093319
C08411,12.9072177,77.5784721,3,8,1.405411092061069,4.216233276183207
C08412,12.9591817,77.7193501,7,7,0.7739408499335713,5.417585949534999
C08413,12.9141593,77.4816613,2,3,2.294645724593149,4.589291449186298
C08414,12.9231702,77.6126406,4,8,3.100208270929951,12.400833083719805
C08415,13.0053573,77.5711059,2,5,1.4973763243295104,2.994752648659021
C08416,12.8757154,77.6568415,4,4,2.0914377805232305,8.365751122092922
C08417,12.8626506,77.610033,3,4,6.423698968543094,19.271096905629282
C08418,13.1024337,77.5955808,4,2,2.740589687902148,10.962358751608592
C08419,13.0028703,77.612152,2,1,3.0946956507026306,6.189391301405261
C08420,12.8052422,77.6979088,2,4,10.716626928422938,21.433253856845877
C08421,13.0641199,77.5868748,4,2,1.662889560377468,6.651558241509872
C08422,13.0720352,77.6333905,6,2,5.093158003661999,30.558948021971993
C08423,13.171378,77.6365594,2,6,5.322733106303173,10.645466212606346
C08424,12.9077038,77.5847444,2,8,1.1903895562145825,2.380779112429165
C08425,12.9169158,77.5607423,5,8,2.5848888200263587,12.924444100131794
C08426,13.0191025,77.5069252,3,5,6.018882745339515,18.056648236018546
C08427,12.9212875,77.6514,6,4,3.1019868927976004,18.6119213567856
C08428,12.9470899,77.7089263,2,7,2.5268935163949324,5.053787032789865
C08429,12.9744109,77.6385723,1,1,1.2395427849219365,1.2395427849219365
C08430,12.9165,77.6013893,2,8,1.8470007727975972,3.6940015455951944
C08431,12.9981123,77.5406402,2,5,1.9621333447518163,3.9242666895036327
C08432,12.8353022,77.6925178,3,4,7.461483264768337,22.384449794305013
C08433,13.0730482,77.592515,2,2,0.9003510507100275,1.800702101420055
C08434,12.8808502,77.6370167,6,4,2.8695008557495103,17.21700513449706
C08435,12.9484948,77.6987857,3,7,3.257007701809601,9.771023105428803
C08436,13.0021664,77.5742095,4,5,1.7130314617192939,6.8521258468771755
C08437,12.9707264,77.5377251,4,5,3.914667553014185,15.65867021205674
C08438,12.8956472,77.7020757,4,4,4.622778300070418,18.49111320028167
C08439,13.0161215,77.5438434,3,5,2.4416527344443897,7.3249582033331695
C08440,12.8994138,77.6221123,5,4,4.100484541084227,20.502422705421136
C08441,12.9853101,77.6069879,2,1,2.4326341086550234,4.865268217310047
C08442,12.9526755,77.4841408,9,3,2.5229305636791173,22.706375073112056
C08443,12.9604348,77.6375467,3,1,2.3818811091651164,7.14564332749535
C08444,12.9365435,77.5176752,1,3,2.7284623734589295,2.7284623734589295
C08445,12.9615359,77.6364148,4,1,2.2219340109483454,8.887736043793382
C08446,12.9474363,77.5801089,2,8,3.2432079621130327,6.4864159242260655
C08447,13.1490964,77.49677,5,2,12.483278002247848,62.416390011239244
C08448,13.0048018,77.572048,16,5,1.5662905069595128,25.060648111352204
C08449,13.1836643,77.6811451,2,6,2.084120427652638,4.168240855305276
C08450,12.9740805,77.6787512,4,7,5.017564376627049,20.070257506508195
C08451,12.9812222,77.646495,1,1,1.9276625776154304,1.9276625776154304
C08452,12.9384683,77.7432438,5,7,3.5675401315159876,17.837700657579937
C08453,12.9061242,77.5912854,2,8,1.5512858584304692,3.1025717168609384
C08454,12.9516696,77.5212224,2,3,3.7786654548494356,7.557330909698871
C08455,12.9553263,77.592815,2,8,4.180157393449539,8.360314786899078
C08456,12.973032,77.6409124,6,1,1.5359201010105676,9.215520606063405
C08457,13.0041656,77.5533333,7,5,0.7734802347686264,5.414361643380385
C08458,12.9482023,77.5808428,3,8,3.316631778359343,9.949895335078029
C08459,12.9124015,77.5856011,2,8,0.6807323507171094,1.3614647014342187
C08460,12.9773092,77.7395617,10,7,2.2088571151742955,22.088571151742954
C08461,12.901616,77.5822469,2,8,1.879898699433236,3.759797398866472
C08462,12.9782913,77.5870713,1,5,3.877555061403275,3.877555061403275
C08463,13.0297739,77.5678793,5,5,3.494814097985248,17.474070489926238
C08464,12.9701608,77.6098414,2,1,2.3339841397976433,4.667968279595287
C08465,13.084548,77.6347166,7,2,5.210302058748065,36.472114411236454
C08466,12.9643641,77.7134437,3,7,1.138745994882183,3.416237984646549
C08467,12.9255977,77.6086431,5,8,2.7385021467343695,13.692510733671847
C08468,12.9245828,77.5649697,9,8,2.2260787566769027,20.034708810092123
C08469,12.9785777,77.5149648,1,5,5.279313629597282,5.279313629597282
C08470,12.9576576,77.6143934,2,1,2.939225229337051,5.878450458674102
C08471,12.9716605,77.5439313,3,5,3.4739341791353806,10.421802537406142
C08472,12.9778349,77.6465268,10,1,1.9445575314347836,19.445575314347835
C08473,12.8876505,77.5507441,2,8,5.0059589415995625,10.011917883199125
C08474,12.9524185,77.7178296,2,7,1.4963416762290707,2.9926833524581413
C08475,12.9652764,77.6069478,5,1,2.885509020576332,14.42754510288166
C08476,13.038,77.562,2,5,4.274442535075907,8.548885070151814
C08477,12.9744474,77.6394513,4,1,1.3204200514348354,5.281680205739342
C08478,12.8993305,77.4721107,1,3,4.236090083079528,4.236090083079528
C08479,12.9811045,77.5888137,16,5,3.8562918731458384,61.700669970333415
C08480,12.9214989,77.6703679,1,4,3.220122860752515,3.220122860752515
C08481,12.892659,77.6106015,3,8,4.023593979209015,12.070781937627046
C08482,12.801957,77.5746827,3,8,12.939410121308494,38.81823036392548
C08483,12.9730151,77.6155463,13,1,1.6389552109186714,21.306417741942727
C08484,12.9578557,77.5338926,1,3,5.300205656904323,5.300205656904323
C08485,12.9121632,77.6098276,13,8,2.8373764324228823,36.88589362149747
C08486,12.9795023,77.6357866,6,1,0.764972606084281,4.589835636505686
C08487,12.9735176,77.6028192,4,1,2.91163293613383,11.64653174453532
C08488,12.9831667,77.5604758,2,5,1.821263829616382,3.642527659232764
C08489,12.9790194,77.6438034,5,1,1.6366929318808852,8.183464659404425
C08490,13.0069665,77.5789097,2,5,2.347366745197917,4.694733490395834
C08491,12.8805375,77.5055475,8,3,5.815043486229492,46.52034788983594
C08492,12.9434469,77.5830527,2,8,2.7708712254148113,5.541742450829623
C08493,12.9141671,77.6383274,3,4,3.174363675244368,9.523091025733104
C08494,12.9683152,77.6004368,2,1,3.343651015437722,6.687302030875444
C08495,13.0219385,77.6385853,2,1,4.74634833102184,9.49269666204368
C08496,12.9690232,77.6064416,6,1,2.719415117814156,16.316490706884935
C08497,12.9685368,77.6934867,5,7,3.334838224839219,16.674191124196096
C08498,13.0162368,77.5708332,8,5,2.273450320280008,18.187602562240063
C08499,13.0635756,77.5855555,1,2,1.7303699368648706,1.7303699368648706
C08500,12.9386225,77.6291616,7,1,4.597819602161865,32.184737215133055
C08501,13.099548,77.5767124,19,2,2.520561684313976,47.89067200196554
C08502,12.9600685,77.6433729,2,1,2.73080432264341,5.46160864528682
C08503,13.0088366,77.5634201,13,5,1.1531365740953552,14.990775463239618
C08504,12.9609007,77.6406632,3,1,2.4919801430796884,7.475940429239065
C08505,12.970219,77.6442137,1,1,2.0050848506881658,2.0050848506881658
C08506,12.9728004,77.6165455,3,1,1.5571134991934843,4.671340497580453
C08507,12.9757739,77.6022519,7,1,2.9195303652651114,20.43671255685578
C08508,12.9900587,77.5661228,2,5,1.3243526398112588,2.6487052796225177
C08509,12.9271168,77.5861609,2,8,0.9756858739556733,1.9513717479113466
C08510,12.9822657,77.6391993,5,1,1.155863418132366,5.77931709066183
C08511,13.0461913,77.5559023,3,2,4.970482233230723,14.91144669969217
C08512,12.9636165,77.7081858,5,7,1.7124943745159185,8.562471872579593
C08513,13.1193618,77.6098163,4,2,5.09322046193229,20.37288184772916
C08514,13.0074665,77.7330159,5,7,4.8536803378344135,24.268401689172066
C08515,12.9107078,77.5843154,2,8,0.8577882013797729,1.7155764027595457
C08516,12.9395771,77.7361182,4,7,3.063890983666315,12.25556393466526
C08517,12.9358495,77.6248941,2,8,4.79038695197226,9.58077390394452
C08518,12.9618327,77.5211334,8,3,4.5250950227286815,36.20076018182945
C08519,12.898871,77.566199,2,8,2.940563319817982,5.881126639635964
C08520,12.9067912,77.5122943,7,3,3.452623490345808,24.168364432420656
C08521,13.1006488,77.5822735,3,2,2.435784318234085,7.307352954702255
C08522,13.1996652,77.7097558,4,6,4.645335839219062,18.581343356876246
C08523,12.9255274,77.6870456,2,4,4.559128759317993,9.118257518635986
C08524,12.9757157,77.6407135,2,1,1.386465159879177,2.772930319758354
C08525,12.9713645,77.6052916,1,1,2.7284455610354024,2.7284455610354024
C08526,12.9256704,77.625097,2,8,4.480268604556507,8.960537209113014
C08527,12.9758029,77.6062514,3,1,2.4918081636294334,7.4754244908883
C08528,12.9377472,77.7009815,4,7,3.8736924916219957,15.494769966487983
C08529,12.9157857,77.5694773,7,8,1.6573669998077236,11.601568998654065
C08530,12.9226321,77.5935954,2,8,1.0908206743564852,2.1816413487129704
C08531,12.914658,77.5225028,2,3,3.708423834062328,7.416847668124656
C08532,12.9569798,77.564357,1,5,4.74967643033228,4.74967643033228
C08533,12.9573521,77.5676114,5,8,4.6796629803602094,23.398314901801047
C08534,12.9595468,77.6560186,9,1,3.735620868052087,33.620587812468784
C08535,12.9878709,77.7319773,8,7,2.7267880726703773,21.814304581363018
C08536,12.9796219,77.5478668,5,5,2.495079482585247,12.475397412926235
C08537,13.074144,77.566703,5,2,2.27290037942747,11.364501897137348
C08538,12.9604467,77.7176996,11,7,0.8141567761840832,8.955724538024915
C08539,12.9834197,77.5958254,4,1,3.5947467083704203,14.378986833481681
C08540,13.0267603,77.5798301,5,5,3.7907514739736987,18.953757369868494
C08541,13.047724,77.5761271,3,2,3.673110273937898,11.019330821813694
C08542,13.0410176,77.624008,1,2,5.824350550221971,5.824350550221971
C08543,12.9601639,77.5945806,2,1,4.3214906102838615,8.642981220567723
C08544,12.9429247,77.6543887,3,1,4.9720443805968095,14.916133141790429
C08545,12.9604109,77.7183512,3,7,0.758775645258405,2.276326935775215
C08546,12.9541309,77.7175389,13,7,1.3450181381934492,17.48523579651484
C08547,12.9573761,77.7086858,4,7,1.8353008210025943,7.341203284010377
C08548,12.8759616,77.5332439,8,8,7.286892007832824,58.29513606266259
C08549,13.0656732,77.6505851,2,2,7.057343483101843,14.114686966203687
C08550,12.9218801,77.5837308,3,8,0.3881429891060466,1.1644289673181398
C08551,13.0085772,77.5439447,1,5,1.885561815769574,1.885561815769574
C08552,12.9982481,77.5706369,2,5,1.3077294905667691,2.6154589811335383
C08553,13.0402806,77.5812569,5,2,4.346895951451599,21.734479757257997
C08554,12.9450065,77.5714721,3,8,3.2615699929453363,9.784709978836009
C08555,12.9755693,77.60349,6,1,2.7911142506351547,16.74668550381093
C08556,12.9884957,77.7478041,4,7,3.7084472635383023,14.83378905415321
C08557,13.0239276,77.6923621,3,7,7.414213776693425,22.242641330080275
C08558,12.9867193,77.7465407,15,7,3.4721558596310205,52.082337894465304
C08559,12.9593998,77.7482732,3,7,2.703571709543854,8.110715128631561
C08560,12.9647292,77.582038,7,5,4.612405221481157,32.2868365503681
C08561,12.9596032,77.5112481,3,3,3.673515727408094,11.02054718222428
C08562,12.9656404,77.6017608,5,1,3.34370248954355,16.71851244771775
C08563,12.9876486,77.7462077,6,7,3.520722694049152,21.124336164294913
C08564,12.916898,77.6515929,4,4,2.6328499915110366,10.531399966044146
C08565,12.9642587,77.5418338,1,5,4.309667902799258,4.309667902799258
C08566,12.9738948,77.5785146,3,5,3.5627637405453325,10.688291221635998
C08567,13.0698267,77.5638554,8,2,2.7168364970024546,21.734691976019636
C08568,12.920788,77.5936239,5,8,1.0241680178480228,5.120840089240114
C08569,13.0341673,77.568676,5,5,3.9859250281560827,19.929625140780413
C08570,13.0041527,77.5711188,1,5,1.4462017574448236,1.4462017574448236
C08571,12.9237402,77.5882005,2,8,0.7099445008201999,1.4198890016403998
C08572,12.9736907,77.6412647,4,1,1.533506127626755,6.13402451050702
C08573,12.9173053,77.6330233,4,4,3.8339820122036743,15.335928048814697
C08574,12.9898647,77.5545636,8,5,1.1579075299714041,9.263260239771233
C08575,12.9223745,77.6756791,3,4,3.556724364944265,10.670173094832794
C08576,12.9662613,77.5350611,4,5,4.485283057664247,17.941132230656986
C08577,13.1039483,77.5733134,3,2,3.1228077109076247,9.368423132722874
C08578,13.1728534,77.5643389,2,2,10.661180447116829,21.322360894233658
C08579,12.9844842,77.749381,1,7,3.537096247115487,3.537096247115487
C08580,12.9729515,77.6480638,4,1,2.2410892417609074,8.96435696704363
C08581,12.9728112,77.6172247,4,1,1.4941100252745607,5.976440101098243
C08582,12.9716416,77.7176798,2,7,1.0387120350338992,2.0774240700677984
C08583,12.8626957,77.7970661,1,7,13.791478467673786,13.791478467673786
C08584,12.9600702,77.6448451,5,1,2.8264325001703776,14.132162500851887
C08585,13.015234,77.6174535,3,1,4.072777634656759,12.218332903970275
C08586,13.066162,77.5565834,5,2,3.6016753662796015,18.008376831398007
C08587,12.8473634,77.6908708,12,4,6.22325643144567,74.67907717734805
C08588,12.9121236,77.6508737,1,4,2.1730475423271227,2.1730475423271227
C08589,13.0141168,77.5090508,2,5,5.621602310658017,11.243204621316034
C08590,13.0994918,77.7148543,3,6,7.959661656192725,23.878984968578173
C08591,13.0938786,77.594727,9,2,1.8332310641965448,16.499079577768903
C08592,12.8610769,77.5294007,1,8,8.725487161156908,8.725487161156908
C08593,12.9372193,77.619574,13,8,4.338272186212264,56.39753842075943
C08594,12.9856809,77.5652513,4,5,1.6910944453823198,6.764377781529279
C08595,12.9401246,77.5945482,3,8,2.635307229550044,7.905921688650132
C08596,12.93869,77.6261024,3,1,4.599285851668468,13.797857555005404
C08597,12.9437456,77.5402044,2,3,5.292420012457915,10.58484002491583
C08598,12.8899226,77.6398609,7,4,2.1930855741174176,15.351599018821922
C08599,12.9728463,77.7504688,2,7,3.024590227330722,6.049180454661444
C08600,12.998,77.620755,4,1,2.1585010604885615,8.634004241954246
C08601,12.9759272,77.6381679,3,1,1.12234140934059,3.3670242280217697
C08602,12.90523,77.4889203,2,3,2.9555634656224696,5.911126931244939
C08603,12.9397408,77.5829526,20,8,2.36214826409143,47.2429652818286
C08604,12.9298938,77.6838388,4,4,4.7315672125394235,18.926268850157694
C08605,12.9113058,77.6001591,5,8,1.875822039682341,9.379110198411706
C08606,12.9156379,77.6491451,7,4,2.6049926474471485,18.23494853213004
C08607,13.0552023,77.6021755,1,2,3.118893872481245,3.118893872481245
C08608,12.9586044,77.5641861,11,5,4.56896446009435,50.25860906103785
C08609,12.9956506,77.5510696,1,5,0.9287214341538617,0.9287214341538617
C08610,12.9281325,77.6692427,2,4,3.8778333431558907,7.755666686311781
C08611,13.0016175,77.5713543,2,5,1.3973074929075733,2.7946149858151466
C08612,12.9958327,77.6068007,5,1,2.9495734176404103,14.747867088202051
C08613,13.0210815,77.6432227,4,1,4.794292722903311,19.177170891613244
C08614,13.1935284,77.5017894,3,2,15.678232959562228,47.03469887868668
C08615,12.9239996,77.6814433,3,4,4.047669413322985,12.143008239968953
C08616,12.952526,77.5774328,2,8,3.8486115520033635,7.697223104006727
C08617,12.9693187,77.5767288,1,5,3.876324157863201,3.876324157863201
C08618,12.9213881,77.6686263,6,4,3.1442453192758983,18.86547191565539
C08619,12.9756471,77.5360648,5,5,3.605602054970609,18.028010274853045
C08620,12.97193,77.68042,10,7,4.794297002833467,47.94297002833467
C08621,12.9546117,77.4967995,2,3,2.576852432065536,5.153704864131072
C08622,13.0928523,77.5872557,5,2,1.5179236308698614,7.589618154349306
C08623,13.0289918,77.539552,3,5,3.8653418493318257,11.596025547995477
C08624,12.9048915,77.5624233,8,8,2.8282115316635568,22.625692253308454
C08625,12.9722076,77.600877,7,1,3.153458165352409,22.074207157466866
C08626,12.9312166,77.6233097,4,8,4.44483636578568,17.77934546314272
C08627,12.9756449,77.6066901,3,1,2.4486074634072375,7.345822390221713
C08628,12.99519,77.7578215,7,7,5.005359221618134,35.037514551326936
C08629,13.0196337,77.6342441,5,1,4.410302737196348,22.05151368598174
C08630,13.0523847,77.4879224,2,5,9.652699155940978,19.305398311881955
C08631,12.9118085,77.6512869,1,4,2.122344470525095,2.122344470525095
C08632,12.9703065,77.6168978,3,1,1.6882920240032202,5.06487607200966
C08633,12.9737814,77.6359277,10,1,1.0494987669950546,10.494987669950547
C08634,13.0012233,77.629344,7,1,2.3329441016642583,16.33060871164981
C08635,12.875925,77.5471883,2,8,6.210918132470077,12.421836264940154
C08636,13.0393283,77.5385885,1,5,4.9151456957607484,4.9151456957607484
C08637,12.9159817,77.4153475,8,3,8.61191552415431,68.89532419323449
C08638,12.9702217,77.546174,1,5,3.5152300039187696,3.5152300039187696
C08639,13.1978387,77.7136591,5,6,4.744747193101359,23.723735965506798
C08640,13.0207254,77.593135,2,5,4.417091145447366,8.834182290894733
C08641,12.9571969,77.7384633,10,7,1.7749373879620052,17.74937387962005
C08642,12.959944,77.6441379,2,1,2.7908743831696525,5.581748766339305
C08643,12.9839881,77.6416769,7,1,1.4638034751811866,10.246624326268305
C08644,12.8762879,77.6133473,4,4,5.4020669588381045,21.608267835352418
C08645,12.9143782,77.5210809,4,3,3.5925115236666034,14.370046094666414
C08646,12.9432335,77.5700564,1,8,3.1592873578323375,3.1592873578323375
C08647,13.1111353,77.6059377,1,2,4.093486495951002,4.093486495951002
C08648,12.9999029,77.619368,3,1,2.412548015071936,7.2376440452158075
C08649,12.9830373,77.7087311,4,7,2.630031756369798,10.520127025479193
C08650,12.924971,77.549831,2,8,3.8324416892733453,7.6648833785466906
C08651,13.0379112,77.7598089,2,7,9.008454454881562,18.016908909763124
C08652,13.0291853,77.5611297,5,5,3.2942482142570566,16.471241071285284
C08653,12.9578594,77.5926986,5,8,4.451798305705627,22.258991528528135
C08654,12.9322759,77.5858767,3,8,1.5372028678660918,4.611608603598276
C08655,12.9571802,77.5030641,6,3,3.0305261624689774,18.183156974813866
C08656,12.9728986,77.640896,1,1,1.542034341867063,1.542034341867063
C08657,12.9516961,77.7064343,3,7,2.372751846332944,7.118255538998831
C08658,12.9994204,77.6226779,11,1,2.23277556142514,24.560531175676537
C08659,12.9171996,77.6896564,3,4,4.130650071569477,12.39195021470843
C08660,12.9523954,77.5838654,4,8,3.7575987475423394,15.030394990169357
C08661,12.9822201,77.537201,17,5,3.0156316316905563,51.26573773873945
C08662,13.0833281,77.6429308,1,2,6.08487393938906,6.08487393938906
C08663,12.9327614,77.5849863,6,8,1.5845141960827795,9.507085176496677
C08664,12.8956428,77.6265101,11,4,3.588094541770017,39.46903995947019
C08665,12.9795526,77.4982841,3,3,5.335456060863897,16.00636818259169
C08666,12.9571208,77.6416523,6,1,2.908198683263746,17.449192099582476
C08667,12.8751219,77.766578,2,7,10.928862615479217,21.857725230958433
C08668,13.0632769,77.6487414,2,2,6.924418358967279,13.848836717934558
C08669,13.017793,77.556767,4,5,2.032687623962883,8.130750495851531
C08670,13.0287244,77.6638803,6,1,6.590204988417371,39.54122993050423
C08671,12.9684449,77.6361007,7,1,1.52107058444737,10.64749409113159
C08672,12.9532625,77.7151999,10,7,1.567424100245919,15.67424100245919
C08673,12.8767868,77.5953714,3,8,4.7611776781703234,14.28353303451097
C08674,13.0511064,77.621253,8,2,4.840732781299851,38.725862250398805
C08675,12.9587679,77.7156816,3,7,1.100102492596866,3.3003074777905983
C08676,12.9683121,77.5287383,6,5,4.741831159642584,28.450986957855505
C08677,12.9534315,77.6430523,4,1,3.3399710271190126,13.35988410847605
C08678,12.9873104,77.5933754,5,1,3.9232452080598246,19.61622604029912
C08679,12.9936274,77.5390358,4,5,2.2278134851361022,8.911253940544409
C08680,12.917953,77.5571384,1,8,2.9710944699381296,2.9710944699381296
C08681,12.9750684,77.680533,2,7,4.853714721432757,9.707429442865514
C08682,12.9563884,77.6960146,4,7,3.1623871307250115,12.649548522900046
C08683,12.9721761,77.5368763,1,5,3.8411674751097067,3.8411674751097067
C08684,12.9850923,77.5232649,6,5,4.16082138047771,24.96492828286626
C08685,13.0595565,77.5903055,6,2,2.1970997041523592,13.182598224914155
C08686,13.099335,77.5772599,4,2,2.4734435545138815,9.893774218055526
C08687,12.970057,77.5358963,2,5,4.091958866642116,8.183917733284233
C08688,12.8737507,77.6259345,9,4,4.30657576444533,38.759181880007965
C08689,12.8840897,77.5664029,14,8,4.281415848296472,59.93982187615061
C08690,12.9756469,77.5358203,4,5,3.6237236531541384,14.494894612616553
C08691,12.9727488,77.7189026,5,7,1.06025876869426,5.301293843471299
C08692,12.9734985,77.6106666,4,1,2.09909162950131,8.39636651800524
C08693,12.9504876,77.6999864,5,7,3.0295585104089815,15.147792552044908
C08694,12.959253,77.7462166,3,7,2.4894856084453703,7.46845682533611
C08695,12.9872243,77.5558262,3,5,1.3957248711194319,4.187174613358295
C08696,12.9810372,77.7087623,6,7,2.459277167736887,14.755663006421322
C08697,12.9219011,77.6765701,17,4,3.5605524460016826,60.5293915820286
C08698,13.0185202,77.5613079,1,5,2.1223360131300493,2.1223360131300493
C08699,13.0578944,77.6440562,3,2,6.621446117466657,19.86433835239997
C08700,12.9486713,77.6853423,1,7,4.54305565535146,4.54305565535146
C08701,12.9215801,77.5804942,10,8,0.5554448137810646,5.554448137810645
C08702,13.0604648,77.5895297,2,2,2.0852917800748108,4.1705835601496215
C08703,12.997555,77.5445911,1,5,1.5425282507640405,1.5425282507640405
C08704,12.9705013,77.6447301,5,1,2.03560775075245,10.178038753762252
C08705,12.9778503,77.5722059,11,5,2.813840318146792,30.95224349961471
C08706,13.000026,77.5349139,5,5,2.5780489069028873,12.890244534514437
C08707,12.9568705,77.7391916,4,7,1.8617882284985532,7.447152913994213
C08708,12.8507304,77.6573836,4,4,4.842415694583976,19.369662778335904
C08709,12.8939257,77.6011614,9,8,3.2630113622996992,29.367102260697294
C08710,13.0215753,77.6297995,2,1,4.586393215820454,9.172786431640908
C08711,13.0554849,77.5942147,3,2,2.7326121176890097,8.197836353067029
C08712,12.9934221,77.7167666,2,7,3.2908068810892317,6.581613762178463
C08713,12.9571645,77.5717017,1,8,4.504425200679721,4.504425200679721
C08714,12.9643591,77.5551587,3,5,3.910904440359393,11.73271332107818
C08715,12.947666,77.5846436,7,8,3.2335009690363377,22.634506783254363
C08716,12.9959058,77.6135401,5,1,2.4028352394037378,12.014176197018688
C08717,13.0585216,77.5877269,5,2,2.28380967485339,11.41904837426695
C08718,13.0996791,77.5304733,4,2,6.54315927226588,26.17263708906352
C08719,12.935471,77.5608687,5,8,3.1826472021041967,15.913236010520983
C08720,13.0592878,77.5904071,2,2,2.2282468604232277,4.4564937208464555
C08721,12.933433,77.6216889,3,8,4.365475096433939,13.096425289301816
C08722,12.9217846,77.6616311,4,4,3.0374374931358883,12.149749972543553
C08723,13.0101501,77.549804,4,5,1.5190562850840117,6.076225140336047
C08724,12.9807404,77.680094,4,7,5.086022585186214,20.344090340744856
C08725,12.9803099,77.5956181,3,1,3.5991105329208204,10.797331598762462
C08726,12.8432408,77.6602741,3,4,5.666494086822268,16.999482260466802
C08727,12.9685315,77.6514828,30,1,2.7811779273120667,83.435337819362
C08728,12.9496935,77.6174553,6,1,3.5889122318662183,21.53347339119731
C08729,12.9696817,77.573717,4,5,3.685528874737497,14.742115498949987
C08730,12.9398459,77.6256078,3,1,4.4753926361691265,13.42617790850738
C08731,13.1042735,77.5943727,2,2,2.894149586470892,5.788299172941784
C08732,12.9840625,77.580813,3,5,2.951560067271064,8.854680201813192
C08733,13.0193741,77.7630557,4,7,7.409156095190044,29.636624380760175
C08734,12.9561079,77.7280809,1,7,1.036404395540682,1.036404395540682
C08735,13.1857363,77.6106042,1,6,8.406005453552913,8.406005453552913
C08736,12.9727077,77.6347589,2,1,1.0498881525072132,2.0997763050144265
C08737,12.9785581,77.5490005,4,5,2.5465469298819787,10.186187719527915
C08738,13.0424215,77.6215126,3,2,5.52581441961764,16.57744325885292
C08739,12.8416139,77.6443624,9,4,6.073559619675294,54.66203657707764
C08740,13.0028473,77.635349,1,1,2.6114019719525143,2.6114019719525143
C08741,12.9772383,77.5752995,2,5,3.0574035424353765,6.114807084870753
C08742,13.0239995,77.6585299,10,1,5.8301511442252245,58.30151144225225
C08743,12.9133573,77.6491178,4,4,2.3813191348043565,9.525276539217426
C08744,12.9416336,77.5767895,6,8,2.6987196533346007,16.192317920007604
C08745,12.9684421,77.6365392,14,1,1.5467644836748045,21.654702771447262
C08746,13.0994189,77.5891274,2,2,2.2562245589798575,4.512449117959715
C08747,13.0797112,77.5591265,3,2,3.0273126852972885,9.081938055891865
C08748,12.9148654,77.6384313,3,4,3.220033338198535,9.660100014595605
C08749,12.96737,77.5993941,1,1,3.4891923077087155,3.4891923077087155
C08750,13.0011186,77.5255326,3,5,3.6000436015188764,10.800130804556629
C08751,12.9766063,77.6023999,6,1,2.8897194003306805,17.338316401984084
C08752,13.0687529,77.5547173,5,2,3.6889902943841415,18.444951471920707
C08753,12.9673907,77.6420498,5,1,2.0185969198263787,10.092984599131894
C08754,13.0554196,77.6027913,3,2,3.1344670789704017,9.403401236911204
C08755,13.0949471,77.5383791,2,2,5.5602069195269,11.1204138390538
C08756,12.88809,77.5802594,8,8,3.392535109909803,27.140280879278425
C08757,12.8903278,77.6462926,2,4,1.5070824914278904,3.014164982855781
C08758,13.0722173,77.5561443,4,2,3.4368617757797497,13.747447103118999
C08759,12.8923922,77.5817134,4,8,2.9007551851881703,11.603020740752681
C08760,12.9284049,77.5179223,9,3,2.723826026501261,24.51443423851135
C08761,12.8780308,77.7621095,7,7,10.435908940687229,73.0513625848106
C08762,12.930259,77.57615,1,8,1.590141594304746,1.590141594304746
C08763,12.9658004,77.6000096,1,1,3.50354181253152,3.50354181253152
C08764,12.9112304,77.6760618,5,4,2.585657859050344,12.92828929525172
C08765,12.9605462,77.5303143,3,3,5.159054267880185,15.477162803640555
C08766,12.9318838,77.5840243,2,8,1.487360279951088,2.974720559902176
C08767,12.9981587,77.5465007,7,5,1.3284012209905551,9.298808546933886
C08768,12.9140156,77.6092776,4,8,2.7353432881452853,10.941373152581141
C08769,12.9796435,77.634709,3,1,0.6470501062724493,1.941150318817348
C08770,12.9848975,77.611694,6,1,1.926773586617086,11.560641519702516
C08771,12.9690441,77.5688544,3,5,3.5506915614770267,10.65207468443108
C08772,12.9235173,77.6823783,10,4,4.065771553003444,40.65771553003444
C08773,12.9238866,77.6195995,2,8,3.8587041051670328,7.7174082103340655
C08774,12.949147,77.5011403,5,3,2.1292416368232905,10.646208184116453
C08775,13.0192355,77.5189908,9,5,4.826913210013747,43.442218890123726
C08776,13.0022519,77.634193,1,1,2.5157885579861077,2.5157885579861077
C08777,12.9731876,77.6121868,3,1,1.9587248786923668,5.8761746360771
C08778,12.9534349,77.5858064,7,8,3.874653750360878,27.122576252526144
C08779,12.9137948,77.6091679,7,8,2.7281430854253355,19.097001597977346
C08780,12.9398542,77.6251855,3,1,4.478228741487024,13.434686224461073
C08781,12.9732593,77.6055206,2,1,2.637044567205355,5.27408913441071
C08782,12.945679,77.5711812,6,8,3.34234536156704,20.05407216940224
C08783,12.9189411,77.5958321,8,8,1.2320265407878,9.8562123263024
C08784,12.9354729,77.5396693,1,3,5.079394684144045,5.079394684144045
C08785,12.9696997,77.6387029,1,1,1.5818225507640307,1.5818225507640307
C08786,12.9821438,77.6379452,4,1,1.0199010217315496,4.0796040869261985
C08787,13.0728173,77.6033215,5,2,1.9025344260650283,9.512672130325141
C08788,12.9351451,77.611553,3,8,3.470427185917473,10.41128155775242
C08789,13.0978966,77.6157367,5,2,3.7444009919193593,18.722004959596795
C08790,12.9394891,77.721305,2,7,2.7877038157534217,5.5754076315068435
C08791,12.9787383,77.5913043,1,1,4.070398269192753,4.070398269192753
C08792,13.002725,77.6610961,2,1,4.307553373944861,8.615106747889723
C08793,12.9591844,77.7181933,3,7,0.8598420300310274,2.5795260900930823
C08794,12.9871688,77.5946714,3,1,3.782314096221538,11.346942288664614
C08795,12.9690348,77.7496245,1,7,2.833772802427857,2.833772802427857
C08796,12.9332872,77.5679132,1,8,2.436731481969709,2.436731481969709
C08797,12.9004465,77.5319694,2,3,5.455811106917234,10.911622213834468
C08798,12.9921317,77.569768,6,5,1.4571868747005776,8.743121248203465
C08799,13.0706514,77.591623,8,2,1.0643539599947052,8.514831679957641
C08800,12.9977909,77.6968282,8,7,4.71261737511363,37.70093900090904
C08801,12.9918958,77.5940293,2,5,3.931060224832508,7.862120449665016
C08802,12.9431166,77.6218102,1,1,4.169203962211794,4.169203962211794
C08803,13.0065732,77.5542349,5,5,0.9162924121648641,4.581462060824321
C08804,13.023088,77.637015,5,1,4.836008084864306,24.180040424321533
C08805,12.957199,77.642917,4,1,2.969243858131742,11.876975432526969
C08806,12.9793697,77.7119958,1,7,2.0915999010054827,2.0915999010054827
C08807,12.9003782,77.6309033,2,4,3.17756009413546,6.35512018827092
C08808,13.0621975,77.5741087,3,2,2.341075020662319,7.023225061986957
C08809,12.9890454,77.7186025,5,7,2.7740345185747692,13.870172592873846
C08810,12.9410968,77.5853528,6,8,2.508019119877771,15.048114719266625
C08811,12.9003193,77.6008061,4,8,2.677045836290665,10.70818334516266
C08812,12.9540062,77.5673571,4,8,4.353060494574836,17.412241978299345
C08813,12.9780369,77.633104,4,1,0.5255684342322824,2.1022737369291296
C08814,12.9643869,77.7152721,5,7,0.9402168266618717,4.701084133309358
C08815,12.9375303,77.7462676,4,7,3.849989381243871,15.399957524975484
C08816,12.9063719,77.563376,3,8,2.6548752499456376,7.964625749836912
C08817,12.8774812,77.6025003,3,8,4.938974407973929,14.816923223921787
C08818,12.982924,77.7512245,4,7,3.595041627055866,14.380166508223464
C08819,13.0089953,77.5406188,5,5,2.221198428638203,11.105992143191015
C08820,12.9589664,77.6569874,4,1,3.8581712287246615,15.432684914898646
C08821,12.910823,77.5207892,4,3,3.79099266752705,15.1639706701082
C08822,12.9794922,77.6061321,8,1,2.4588055824716397,19.670444659773118
C08823,12.9025398,77.6253423,4,4,3.819491802690189,15.277967210760757
C08824,12.9262563,77.5694193,2,8,1.8508756567813072,3.7017513135626143
C08825,13.0665115,77.6385623,6,2,5.765425167219193,34.59255100331516
C08826,13.000358,77.5701424,1,5,1.2498235614923907,1.2498235614923907
C08827,12.9789802,77.6413252,2,1,1.3690160996831875,2.738032199366375
C08828,12.971289,77.6059404,4,1,2.6658296437765223,10.66331857510609
C08829,12.9013273,77.6187939,5,8,4.179086467511971,20.895432337559857
C08830,12.9668493,77.6068628,1,1,2.7976213645208023,2.7976213645208023
C08831,12.9056206,77.6014402,3,8,2.3245199179906613,6.973559753971983
C08832,12.9248398,77.4985018,2,3,0.9561068697541201,1.9122137395082401
C08833,12.8405853,77.6511955,2,4,6.028158381192406,12.056316762384812
C08834,13.0195923,77.707355,6,7,6.3548304021524835,38.1289824129149
C08835,12.8836101,77.5828978,5,8,3.8609918764905666,19.304959382452832
C08836,12.9952391,77.5388279,3,5,2.2042529510441873,6.612758853132561
C08837,13.0395765,77.6048698,2,2,4.7889640236863125,9.577928047372625
C08838,12.980813,77.6373961,1,1,0.9390908699336008,0.9390908699336008
C08839,12.9662292,77.7141268,9,7,1.0807448839496656,9.726703955546991
C08840,12.966625,77.6483403,5,1,2.59937202416865,12.99686012084325
C08841,13.0119715,77.5558983,2,5,1.4101088206136245,2.820217641227249
C08842,13.0297527,77.5552304,5,5,3.3667561455201596,16.833780727600796
C08843,12.8003448,77.5989017,3,4,12.321401220530834,36.96420366159251
C08844,12.9865073,77.7451468,3,7,3.3497835135215506,10.049350540564651
C08845,13.0075667,77.5780609,5,5,2.286366859318333,11.431834296591665
C08846,12.9857078,77.6718602,2,1,4.717888860730257,9.435777721460514
C08847,12.9449932,77.594988,3,8,3.150745120061936,9.452235360185808
C08848,13.0146758,77.4203834,4,3,12.11280501488581,48.45122005954324
C08849,12.922034,77.6815582,2,4,3.8814615801657113,7.762923160331423
C08850,13.0713032,77.6518044,5,2,7.083646087708322,35.41823043854161
C08851,12.953865,77.5686754,12,8,4.279505024212384,51.35406029054862
C08852,12.9598095,77.7483757,2,7,2.7053086240663915,5.410617248132783
C08853,12.9860833,77.5383466,1,5,2.6598720193766052,2.6598720193766052
C08854,12.9775682,77.5707662,1,5,2.76284478094069,2.76284478094069
C08855,12.9988718,77.5498125,3,5,0.9630099217925815,2.8890297653777446
C08856,13.0448787,77.6216681,2,2,5.340772588619845,10.68154517723969
C08857,12.9673775,77.5418993,4,5,3.996412071790535,15.98564828716214
C08858,12.8244971,77.6844177,4,4,8.199408420967494,32.797633683869975
C08859,12.9886175,77.7320534,1,7,2.8077928795936486,2.8077928795936486
C08860,12.8748547,77.6399437,1,4,3.035786045914477,3.035786045914477
C08861,13.019726,77.5552398,4,5,2.266843204884708,9.067372819538832
C08862,12.9269753,77.5643645,4,8,2.380704511531481,9.522818046125924
C08863,13.0057693,77.6236686,2,1,2.8889481429156327,5.7778962858312655
C08864,12.9711631,77.5364993,1,5,3.954898530279305,3.954898530279305
C08865,12.9472067,77.5879731,5,8,3.204931379607476,16.024656898037378
C08866,13.0034478,77.5673384,8,5,1.0373660458465666,8.298928366772532
C08867,12.989866,77.554497,4,5,1.1605699799660465,4.642279919864186
C08868,12.961084,77.5877158,2,8,4.731679682167364,9.463359364334728
C08869,12.9214585,77.6642458,3,4,3.0362872912663383,9.108861873799015
C08870,13.0087274,77.625714,1,1,3.180166132459309,3.180166132459309
C08871,12.839432,77.6771361,7,4,6.380946206109926,44.666623442769485
C08872,12.9673983,77.5239973,4,5,5.177061062673706,20.708244250694825
C08873,13.0017936,77.5488666,1,5,1.0922669609443794,1.0922669609443794
C08874,12.9103984,77.5914952,3,8,1.171689705677825,3.515069117033475
C08875,12.9947971,77.6086523,5,1,2.7197221694055003,13.598610847027501
C08876,13.1475251,77.6375739,3,6,5.5303488728807375,16.591046618642213
C08877,12.9703686,77.5970335,3,1,3.6118080529436294,10.835424158830888
C08878,12.9710711,77.605488,1,1,2.7203771366635907,2.7203771366635907
C08879,12.9589736,77.5683791,5,5,4.610886305052177,23.054431525260885
C08880,12.9440943,77.6077504,2,8,3.798662575900796,7.597325151801592
C08881,13.0341497,77.5993799,1,2,5.157863396746999,5.157863396746999
C08882,13.1715241,77.5990487,3,6,9.37420252748611,28.12260758245833
C08883,12.9296475,77.7124354,7,7,4.0592462858909135,28.414724001236394
C08884,12.9547408,77.6612636,3,1,4.5120628887347625,13.536188666204287
C08885,12.9898562,77.5556318,11,5,1.1194212713751377,12.313633985126515
C08886,12.9509673,77.623189,4,1,3.2874350784763045,13.149740313905218
C08887,12.9810232,77.637136,4,1,0.9130944577990484,3.6523778311961936
C08888,12.9009152,77.4875726,3,3,3.450573579964752,10.351720739894256
C08889,12.9664807,77.7195618,3,7,0.5207800396101063,1.562340118830319
C08890,13.0422794,77.6248577,3,2,5.788988749336728,17.366966248010183
C08891,12.9585663,77.7028132,3,7,2.386209223360957,7.15862767008287
C08892,12.9822844,77.6395739,5,1,1.1961252390955013,5.980626195477506
C08893,12.9263141,77.5146268,2,3,2.4152255000492966,4.830451000098593
C08894,13.1070864,77.575818,2,2,3.3235321790913024,6.647064358182605
C08895,12.947529,77.6192363,2,1,3.757118718096396,7.514237436192792
C08896,12.9651903,77.5346826,14,5,4.606189506974876,64.48665309764826
C08897,12.9786515,77.5872891,5,5,3.872465070175136,19.36232535087568
C08898,12.9387045,77.5523961,4,8,4.14388497717861,16.57553990871444
C08899,12.9568148,77.7433686,2,7,2.27715625457063,4.55431250914126
C08900,12.9076043,77.6408154,5,4,2.5015819508425174,12.507909754212587
C08901,12.9313338,77.6163534,3,8,3.74130856487477,11.22392569462431
C08902,12.8963841,77.5407118,4,8,5.345331494626444,21.381325978505775
C08903,12.9931607,77.5394749,2,5,2.198291410611997,4.396582821223994
C08904,12.8443617,77.5980706,4,8,8.333070613794057,33.33228245517623
C08905,12.9647773,77.5986103,2,1,3.6904378133271893,7.380875626654379
C08906,12.9061058,77.5876799,2,8,1.410002626221621,2.820005252443242
C08907,12.9302526,77.5845789,6,8,1.3059444645071672,7.835666787043003
C08908,12.9750793,77.6952133,1,7,3.329052133471911,3.329052133471911
C08909,12.9175061,77.6741949,5,4,3.0110251143334157,15.055125571667078
C08910,13.0329535,77.5691722,5,5,3.872362272359645,19.361811361798225
C08911,13.0810953,77.5886994,2,2,0.28287670665292397,0.5657534133058479
C08912,12.9630399,77.7131382,2,7,1.1834395601700662,2.3668791203401325
C08913,12.9141014,77.4429542,3,3,5.774356983423879,17.32307095027164
C08914,12.9101748,77.5992052,4,8,1.8414545815280003,7.365818326112001
C08915,12.9466259,77.6465188,3,1,4.181997022891308,12.545991068673924
C08916,12.8965674,77.7201192,4,4,6.584637478807048,26.338549915228192
C08917,12.9170177,77.5947337,11,8,1.1229159071307193,12.352074978437912
C08918,12.9741511,77.5957681,2,1,3.643967831011057,7.287935662022114
C08919,13.1717023,77.4359968,1,2,19.323524095882433,19.323524095882433
C08920,12.9641677,77.7143381,6,7,1.0422833171786003,6.2536999030716025
C08921,12.991257,77.5384096,11,5,2.3809055030776674,26.18996053385434
C08922,12.9551211,77.5663064,4,8,4.513671645488964,18.054686581955856
C08923,12.9906435,77.6008786,2,1,3.2428768350059642,6.4857536700119285
C08924,12.9944317,77.6090256,3,1,2.6630904908236603,7.989271472470981
C08925,13.011968,77.6659168,2,1,5.3535555825979015,10.707111165195803
C08926,12.9974496,77.5487807,5,5,1.0966009373417696,5.483004686708847
C08927,12.8649685,77.5200222,1,3,7.9378649288902805,7.9378649288902805
C08928,12.9159877,77.6326621,3,4,3.76950403162514,11.30851209487542
C08929,12.9791647,77.6313885,2,1,0.30453799518715924,0.6090759903743185
C08930,13.0042369,77.6170601,4,1,2.953342938658768,11.813371754635073
C08931,12.9902518,77.6869517,3,7,4.921433684981444,14.764301054944333
C08932,12.8696102,77.5432087,4,8,7.023817103914669,28.095268415658676
C08933,13.002035,77.5695036,3,5,1.2094468037685095,3.628340411305529
C08934,12.9160465,77.6531026,2,4,2.493219655352313,4.986439310704626
C08935,12.8728736,77.4401625,5,3,8.67527060225514,43.3763530112757
C08936,12.9731666,77.6470466,3,1,2.1294822920480594,6.388446876144178
C08937,13.0199738,77.5837071,2,5,3.537745938252157,7.075491876504314
C08938,12.9792765,77.6431666,16,1,1.5657475610660962,25.05196097705754
C08939,12.9782986,77.7339188,5,7,1.8699157946046165,9.349578973023082
C08940,12.9972788,77.5466831,3,5,1.3235189650171804,3.970556895051541
C08941,12.9874647,77.4924724,9,3,6.181177892685802,55.630601034172216
C08942,12.9675523,77.6896575,12,7,3.736004870091734,44.83205844110081
C08943,12.9484774,77.5705547,3,8,3.6517727431537046,10.955318229461113
C08944,12.9564797,77.5772696,4,8,4.281580856432533,17.12632342573013
C08945,12.8766497,77.6088757,2,8,5.331357527479491,10.662715054958982
C08946,12.972722,77.5356919,3,5,3.875164708354732,11.625494125064197
C08947,12.9969382,77.5682496,3,5,1.0795771308071627,3.2387313924214878
C08948,12.9975291,77.5416325,4,5,1.8613376743130385,7.445350697252154
C08949,12.9347706,77.6110968,4,8,3.406439126781303,13.625756507125212
C08950,12.9072223,77.6965443,5,4,4.262346062727055,21.311730313635273
C08951,12.9670358,77.7177562,4,7,0.725131779682971,2.900527118731884
C08952,13.0383248,77.5890628,1,2,4.523633344399446,4.523633344399446
C08953,12.9365279,77.6148198,2,8,3.852634704644104,7.705269409288208
C08954,13.015404,77.762784,2,7,7.035831714270197,14.071663428540393
C08955,12.8957719,77.5702769,3,8,2.9476222875436604,8.84286686263098
C08956,12.9718121,77.5372486,7,5,3.8484605048737577,26.939223534116305
C08957,12.9063732,77.5600795,1,8,2.969490865104667,2.969490865104667
C08958,12.9394505,77.5839294,3,8,2.3248748321343293,6.974624496402988
C08959,13.0552316,77.6012225,6,2,3.0628114898265224,18.376868938959134
C08960,12.9693722,77.5793304,3,5,4.021688311592544,12.06506493477763
C08961,12.9682168,77.6366325,5,1,1.573202895230329,7.866014476151645
C08962,13.0229751,77.5496866,3,5,2.772574652589089,8.317723957767267
C08963,13.0128408,77.5746897,4,5,2.280454903351247,9.121819613404988
C08964,12.9887657,77.5918664,3,5,3.7961633809118585,11.388490142735575
C08965,13.0272204,77.593535,5,5,4.871207964079086,24.35603982039543
C08966,12.9565679,77.6970278,1,7,3.051307406725664,3.051307406725664
C08967,12.8543999,77.6662466,3,4,4.490323013069405,13.470969039208216
C08968,12.9717482,77.6470434,4,1,2.191107995060107,8.764431980240428
C08969,12.9787461,77.6414747,5,1,1.3878484175974986,6.939242087987493
C08970,12.9168099,77.6293825,9,4,4.105693153957196,36.951238385614765
C08971,13.1598735,77.566521,3,2,9.20910981948515,27.62732945845545
C08972,12.9878328,77.5376138,9,5,2.6255058482413127,23.629552634171816
C08973,12.9866689,77.5558296,2,5,1.4556769259898303,2.9113538519796607
C08974,12.9859441,77.7452695,8,7,3.314093640130139,26.51274912104111
C08975,13.0409027,77.6240616,6,2,5.837577827541264,35.02546696524759
C08976,12.9514854,77.5703564,2,8,3.9654732120929705,7.930946424185941
C08977,13.0636222,77.5878034,4,2,1.7200163122689647,6.880065249075859
C08978,12.987884,77.5802023,3,5,2.6698745613429438,8.009623684028831
C08979,12.9130791,77.6662145,5,4,2.189108543559078,10.945542717795389
C08980,12.9561944,77.7276653,3,7,1.0088197472967113,3.0264592418901337
C08981,13.1005731,77.5881723,3,2,2.375657467812493,7.126972403437479
C08982,12.9997867,77.5495464,9,5,0.9896150243905756,8.906535219515181
C08983,12.9249638,77.681639,3,4,4.146750284669005,12.440250854007015
C08984,12.9797044,77.6462553,6,1,1.8986863327747248,11.392117996648349
C08985,12.9066822,77.5851367,3,8,1.3050223171590343,3.915066951477103
C08986,12.9522093,77.5677528,11,8,4.155141559523742,45.706557154761164
C08987,12.9756527,77.5553548,2,5,2.666534319246418,5.333068638492836
C08988,13.0562745,77.4884163,2,5,9.878130956586462,19.756261913172924
C08989,12.9200268,77.5838198,10,8,0.18886510653841312,1.8886510653841313
C08990,12.9153185,77.6367517,2,4,3.3863035351186443,6.772607070237289
C08991,12.9866737,77.5408083,10,5,2.4037039194874517,24.037039194874517
C08992,12.8771953,77.5853233,6,8,4.56804617613117,27.40827705678702
C08993,12.8602534,77.5423015,3,8,7.905700955801697,23.71710286740509
C08994,12.9489084,77.5810973,1,8,3.391125831577686,3.391125831577686
C08995,12.9976458,77.547388,3,5,1.2410018221339534,3.72300546640186
C08996,12.9405589,77.6962167,4,7,4.012700228735396,16.050800914941583
C08997,12.8957727,77.5254951,8,3,5.3063247771975615,42.45059821758049
C08998,12.9769023,77.7253279,10,7,1.377135765186803,13.77135765186803
C08999,12.9152101,77.6325371,2,4,3.726261383019924,7.452522766039848
C09000,12.9738683,77.652254,6,1,2.6425907184098705,15.855544310459223
C09001,12.9779079,77.5723936,6,5,2.819127946131873,16.914767676791236
C09002,13.0693019,77.5916545,7,2,1.1997405359424511,8.398183751597157
C09003,12.9526616,77.61503,5,1,3.3894890187230162,16.94744509361508
C09004,12.8927777,77.611033,1,8,4.047503842180121,4.047503842180121
C09005,12.9034969,77.6037245,3,8,2.6647517848278492,7.994255354483547
C09006,12.9674571,77.5997967,1,1,3.445343584799031,3.445343584799031
C09007,13.0679383,77.6113853,3,2,2.920509728316689,8.761529184950067
C09008,12.997442,77.6739055,7,1,5.2600321330025315,36.82022493101772
C09009,13.1500745,77.7811249,4,6,10.538935354174324,42.155741416697296
C09010,13.009888,77.5560845,7,5,1.1808199163365596,8.265739414355917
C09011,13.0965485,77.583904,4,2,1.9562763736905466,7.8251054947621865
C09012,12.8393621,77.659193,1,4,6.095386912268282,6.095386912268282
C09013,12.9511489,77.5652571,1,8,4.178571512027123,4.178571512027123
C09014,12.9254591,77.6698872,4,4,3.6151209493812835,14.460483797525134
C09015,12.9188356,77.6097993,3,8,2.747784169034226,8.243352507102678
C09016,13.021405,77.6575435,2,1,5.5321814302386665,11.064362860477333
C09017,12.9434017,77.5771336,1,8,2.874814793235066,2.874814793235066
C09018,12.968924,77.6064233,2,1,2.726177211574914,5.452354423149828
C09019,13.0050199,77.5711666,3,5,1.4876639589462661,4.462991876838799
C09020,12.9407571,77.6025842,5,8,3.154607455405033,15.773037277025166
C09021,12.9718453,77.6815943,4,7,4.667092717340269,18.668370869361077
C09022,13.0019219,77.6317445,10,1,2.43096845753853,24.3096845753853
C09023,12.9900587,77.6545382,2,1,3.0043123430537255,6.008624686107451
C09024,12.9687951,77.6488597,6,1,2.5174448295915486,15.104668977549291
C09025,12.9754747,77.602054,3,1,2.9463634446335365,8.839090333900609
C09026,12.9567585,77.6983837,5,7,2.9043659053720967,14.521829526860483
C09027,12.8598841,77.7104562,2,4,6.724244585132862,13.448489170265724
C09028,13.1148963,77.6358856,7,2,6.616655270363281,46.316586892542965
C09029,12.9127423,77.6353557,4,4,3.3169317842633466,13.267727137053386
C09030,12.975197,77.6938832,2,7,3.4690768075751772,6.9381536151503544
C09031,12.9860194,77.5881341,3,5,3.5314043806740654,10.594213142022197
C09032,12.9960418,77.6692897,3,1,4.737053834825676,14.211161504477026
C09033,12.948416,77.6995832,5,7,3.1896501376527757,15.94825068826388
C09034,12.9397862,77.5483625,1,8,4.579018017309554,4.579018017309554
C09035,13.120977,77.6176084,3,2,5.69760071869939,17.09280215609817
C09036,12.9576037,77.5685697,4,8,4.665747355243931,18.662989420975723
C09037,12.9243881,77.650437,3,4,3.460786624650051,10.382359873950152
C09038,12.9782505,77.6405667,9,1,1.2977296993344698,11.679567294010228
C09039,12.9841919,77.5815976,6,5,3.0132627129730674,18.079576277838406
C09040,12.9533282,77.6978119,3,7,3.0954878635741836,9.286463590722551
C09041,13.0165353,77.5101111,4,5,5.595764449933555,22.38305779973422
C09042,13.1038871,77.5745656,4,2,3.0543599790649782,12.217439916259913
C09043,13.0784775,77.4225682,4,5,17.16084389440091,68.64337557760363
C09044,12.9289537,77.486678,1,3,0.7522469506218417,0.7522469506218417
C09045,12.916813,77.6052477,3,8,2.260558117322155,6.7816743519664655
C09046,12.8895775,77.6394582,1,4,2.2445209805644604,2.2445209805644604
C09047,12.9699181,77.6413837,8,1,1.77736985660754,14.21895885286032
C09048,12.9854732,77.7269512,3,7,2.3406908288748247,7.022072486624474
C09049,13.0838254,77.484473,3,2,11.139071604468985,33.41721481340696
C09050,12.9556523,77.6916169,6,7,3.6437315978682587,21.862389587209552
C09051,12.930842,77.633114,4,4,4.947631344720831,19.790525378883324
C09052,13.0001758,77.6869647,2,7,5.62762569320431,11.25525138640862
C09053,12.9216804,77.5801411,3,8,0.5925508119408224,1.7776524358224672
C09054,12.9179183,77.5567127,3,8,3.0173824566830323,9.052147370049097
C09055,12.9786625,77.5739751,1,5,2.845362530798488,2.845362530798488
C09056,12.9762391,77.5939686,2,1,3.802960201126455,7.60592040225291
C09057,12.9166044,77.6148886,3,8,3.3064466980572678,9.919340094171803
C09058,12.9141661,77.590697,3,8,0.8238254968428227,2.471476490528468
C09059,12.9863991,77.5707542,1,5,1.958088531274191,1.958088531274191
C09060,12.9701735,77.638341,7,1,1.516680752169809,10.616765265188663
C09061,12.9734621,77.6019267,3,1,3.0069926700759892,9.020978010227967
C09062,12.9677633,77.7183822,3,7,0.7002361163455052,2.1007083490365157
C09063,13.0057354,77.5763934,4,5,2.0440323851720317,8.176129540688127
C09064,12.9724783,77.6491054,2,1,2.365424468462173,4.730848936924346
C09065,12.915965,77.6489855,5,4,2.645135921599803,13.225679607999014
C09066,13.1669517,77.6312211,3,6,5.86168563273298,17.585056898198943
C09067,12.9812255,77.6368206,2,1,0.8817786700088934,1.7635573400177869
C09068,12.9532162,77.5844072,5,8,3.8478441299224753,19.239220649612378
C09069,12.9974413,77.6889476,9,7,5.262310693576735,47.36079624219062
C09070,12.9486492,77.605889,6,8,4.070156788438984,24.420940730633905
C09071,12.9706278,77.5258392,6,5,4.787765087729776,28.726590526378654
C09072,12.9854964,77.5964219,2,1,3.5611887063182475,7.122377412636495
C09073,13.0267584,77.6040579,1,5,5.776640661270426,5.776640661270426
C09074,12.9591233,77.661584,9,1,4.255665872513111,38.300992852618
C09075,12.8775236,77.638837,14,4,2.923849248314304,40.93388947640025
C09076,12.9288004,77.6353345,10,4,4.624171039828778,46.24171039828778
C09077,13.0978476,77.5968473,3,2,2.3291588578129,6.9874765734387
C09078,12.9208307,77.6201778,1,8,3.8833064846025205,3.8833064846025205
C09079,13.1660238,77.6435805,2,6,4.518776868328905,9.03755373665781
C09080,12.9848686,77.5881046,1,5,3.584333048950159,3.584333048950159
C09081,12.9857937,77.5884792,3,5,3.575926609969577,10.72777982990873
C09082,12.9844166,77.5928213,10,1,3.931045213575458,39.31045213575458
C09083,12.9438501,77.6189683,3,1,4.157469124615493,12.47240737384648
C09084,13.102027,77.5732547,4,2,2.94077480367309,11.76309921469236
C09085,12.9695571,77.6358305,9,1,1.4013490275271958,12.612141247744763
C09086,12.9666245,77.5919645,3,1,4.267318702255818,12.801956106767456
C09087,13.0564626,77.5068874,14,5,8.44357958222811,118.21011415119355
C09088,12.9723434,77.650478,13,1,2.510165515475253,32.63215170117829
C09089,12.985053,77.5791058,3,5,2.737058508277686,8.211175524833058
C09090,13.1040018,77.5715488,2,2,3.2234493469191974,6.446898693838395
C09091,12.9127486,77.6325388,5,4,3.564308611417833,17.821543057089166
C09092,12.9713618,77.6062443,3,1,2.632192797554315,7.896578392662945
C09093,12.9683679,77.6388822,1,1,1.7051513725529732,1.7051513725529732
C09094,12.9508415,77.5664705,8,8,4.084398055332335,32.67518444265868
C09095,13.0097161,77.6237297,8,1,3.317697792355302,26.541582338842417
C09096,12.9098429,77.6857975,4,4,3.3245197607039465,13.298079042815786
C09097,13.0003789,77.756831,1,7,5.338738448120497,5.338738448120497
C09098,12.9385162,77.742893,1,7,3.5409679927860584,3.5409679927860584
C09099,12.9874717,77.5385173,4,5,2.5612253056298937,10.244901222519575
C09100,13.0685272,77.5783963,2,2,1.502007444734937,3.004014889469874
C09101,12.9583897,77.4797902,3,3,3.2938492137907356,9.881547641372206
C09102,12.8830421,77.569638,7,8,4.239013014958091,29.673091104706636
C09103,12.9614166,77.5486757,6,5,4.355101068845241,26.130606413071447
C09104,12.9758932,77.6520407,9,1,2.5698095181084666,23.1282856629762
C09105,13.0389419,77.7399628,2,7,8.41881654489362,16.83763308978724
C09106,12.9881243,77.5939577,3,1,3.8808312379908942,11.642493713972684
C09107,12.891927,77.5943529,6,8,3.1254487183862505,18.752692310317503
C09108,12.9376734,77.5802836,5,8,2.1759660286308478,10.879830143154239
C09109,12.9075864,77.6402268,10,4,2.5526426970818394,25.526426970818395
C09110,12.9065707,77.5875216,4,8,1.3559036485617049,5.4236145942468195
C09111,12.9160985,77.6516245,12,4,2.5482265941902122,30.578719130282547
C09112,13.0433838,77.5206908,5,5,6.368041013869678,31.84020506934839
C09113,12.9639156,77.6423423,7,1,2.3243245021557946,16.270271515090563
C09114,12.9573744,77.6359739,3,1,2.640285948094936,7.920857844284807
C09115,12.9514973,77.7174226,3,7,1.6073585141357516,4.822075542407255
C09116,13.0329046,77.5335945,6,5,4.588451517510579,27.530709105063476
C09117,13.1971662,77.7195125,10,6,5.128462564082091,51.28462564082091
C09118,12.9592397,77.7015645,6,7,2.4982065097177015,14.98923905830621
C09119,13.0584262,77.6327057,3,2,5.46249081622098,16.38747244866294
C09120,12.8609956,77.6651798,9,4,3.7510598376142226,33.759538538528005
C09121,12.8747878,77.7666653,1,7,10.966385895818078,10.966385895818078
C09122,12.9349175,77.5829015,1,8,1.830496483571829,1.830496483571829
C09123,12.9559247,77.7215365,5,7,0.9883729807352469,4.941864903676235
C09124,13.0131149,77.5544165,3,5,1.5733678119252978,4.7201034357758935
C09125,13.0420496,77.6248696,5,2,5.807861918963375,29.039309594816874
C09126,12.9557425,77.5344068,3,3,5.223687929170092,15.671063787510276
C09127,13.0500016,77.5975254,5,2,3.421215538972593,17.106077694862964
C09128,12.9359062,77.5178788,2,3,2.7370338719648353,5.4740677439296705
C09129,13.0016951,77.6236518,5,1,2.448256135471518,12.24128067735759
C09130,12.9784108,77.6370964,7,1,0.9241520292796287,6.469064204957401
C09131,13.1991422,77.7096814,8,6,4.593330451535876,36.74664361228701
C09132,13.0050579,77.623362,14,1,2.818445758266379,39.45824061572931
C09133,12.9287707,77.5824139,4,8,1.164051207307331,4.656204829229324
C09134,12.865466,77.6543682,4,4,3.254192126306245,13.01676850522498
C09135,12.973198,77.6801887,1,7,4.844841129255383,4.844841129255383
C09136,12.9750675,77.5869566,2,5,4.094341377271613,8.188682754543226
C09137,12.9757512,77.5730887,3,5,3.062282699230768,9.186848097692305
C09138,13.0636348,77.5832498,7,2,1.7645713304829025,12.351999313380318
C09139,13.0724567,77.6041563,2,2,2.0014601039899214,4.002920207979843
C09140,12.9109528,77.5516022,6,8,3.6670122687526945,22.002073612516167
C09141,13.0311884,77.5753526,3,5,3.9456620674409617,11.836986202322885
C09142,12.9557318,77.6601889,3,1,4.352455409648857,13.05736622894657
C09143,12.8984204,77.5625859,4,8,3.2524697497334127,13.009878998933651
C09144,12.994746,77.6611413,3,1,3.867370844528853,11.602112533586558
C09145,12.9617173,77.7479186,2,7,2.6231882522297405,5.246376504459481
C09146,12.943282,77.5852421,1,8,2.7493744137333587,2.7493744137333587
C09147,12.871405,77.5941368,3,8,5.312298254277534,15.936894762832603
C09148,13.0020334,77.5690756,2,5,1.1642400668036632,2.3284801336073264
C09149,12.9198566,77.5142588,2,3,2.6455239033843716,5.291047806768743
C09150,12.9015167,77.6008228,4,8,2.5803845259778306,10.321538103911323
C09151,12.9821372,77.5665358,5,5,2.105882250971744,10.52941125485872
C09152,13.0591909,77.5875414,4,2,2.209156882524265,8.83662753009706
C09153,12.9377734,77.6946701,7,7,4.344301565167707,30.41011095617395
C09154,13.0765576,77.6809788,5,6,9.8313659233243,49.1568296166215
C09155,12.9714764,77.6389942,3,1,1.4679008948593615,4.403702684578084
C09156,12.9824546,77.7491971,2,7,3.3851677816020773,6.770335563204155
C09157,13.0459291,77.5006967,4,5,8.121555659447777,32.48622263779111
C09158,12.9691872,77.6361242,5,1,1.4530740788440752,7.265370394220376
C09159,13.0339172,77.622515,9,1,5.989865476864194,53.90878929177775
C09160,12.9361338,77.5738973,8,8,2.27023040462924,18.16184323703392
C09161,12.9724579,77.6500589,2,1,2.4630879958519185,4.926175991703837
C09162,13.1506153,77.411755,3,2,20.594520524219284,61.78356157265785
C09163,12.9793422,77.6323235,5,1,0.39597024088827004,1.97985120444135
C09164,12.912357,77.6429444,7,4,2.680261513767679,18.761830596373752
C09165,12.9855428,77.6019699,6,1,2.9699901393550956,17.819940836130574
C09166,13.0454262,77.626711,3,2,5.699383381884152,17.098150145652454
C09167,12.975632,77.5553523,1,5,2.6688413088977914,2.6688413088977914
C09168,12.9380577,77.6261445,2,1,4.668861187215567,9.337722374431134
C09169,12.9212255,77.6637104,4,4,3.001518668909607,12.006074675638429
C09170,13.0092904,77.5614979,4,5,1.1241548401870385,4.496619360748154
C09171,13.0576155,77.5913588,2,2,2.4289130328788353,4.857826065757671
C09172,12.8918378,77.5795358,3,8,2.9951724040904595,8.985517212271379
C09173,12.9385877,77.6970018,5,7,4.099060228595008,20.49530114297504
C09174,13.115486,77.635823,1,2,6.650493593908999,6.650493593908999
C09175,13.0038706,77.6226005,7,1,2.7092848218265053,18.96499375278554
C09176,13.0000914,77.5500488,3,5,0.9367644460234428,2.8102933380703283
C09177,12.861953,77.4393989,8,3,9.664453624952165,77.31562899961732
C09178,12.941685,77.621969,2,1,4.322168702474248,8.644337404948496
C09179,13.04165,77.5967025,2,2,4.281101513874369,8.562203027748739
C09180,12.9017851,77.5563991,2,8,3.565547324984217,7.131094649968434
C09181,12.9757062,77.5973383,3,1,3.4477284103187444,10.343185230956234
C09182,12.9658991,77.5348151,3,5,4.53344503017466,13.600335090523979
C09183,12.9759889,77.6151466,3,1,1.5493786090434631,4.648135827130389
C09184,12.9781152,77.6369674,4,1,0.9179620552452585,3.671848220981034
C09185,12.9148275,77.63836,3,4,3.2226045464025397,9.667813639207619
C09186,13.0704861,77.5907399,3,2,1.0397155832898648,3.1191467498695946
C09187,13.0138137,77.5694411,1,5,1.967642970571187,1.967642970571187
C09188,12.8790241,77.6372193,4,4,2.9623178863333632,11.849271545333453
C09189,12.9549381,77.5916832,3,8,4.113138386756455,12.339415160269365
C09190,13.0038472,77.5495336,10,5,1.100126193259309,11.001261932593088
C09191,12.9244193,77.601276,2,8,1.937878236385874,3.875756472771748
C09192,12.9930628,77.6621635,1,1,3.896367177064204,3.896367177064204
C09193,12.9704001,77.6171095,5,1,1.6640679304434076,8.320339652217038
C09194,12.8504871,77.4241787,4,3,11.686411043634456,46.74564417453782
C09195,12.9604798,77.7194142,2,7,0.665071929823491,1.330143859646982
C09196,12.9790704,77.693907,1,7,3.63500737357327,3.63500737357327
C09197,12.9571016,77.5639451,10,5,4.730677462285799,47.306774622857986
C09198,12.9257906,77.5640961,9,8,2.359209716793145,21.232887451138307
C09199,12.9568142,77.7399271,1,7,1.9359507431620913,1.9359507431620913
C09200,12.8962312,77.5963832,2,8,2.7780925798397296,5.556185159679459
C09201,13.1011285,77.4057263,11,2,19.820323975205675,218.02356372726243
C09202,12.9172545,77.631759,2,4,3.9344752860967422,7.8689505721934845
C09203,13.0333587,77.5581786,2,5,3.745642016922443,7.491284033844886
C09204,12.945121,77.6289356,3,1,3.878300003815378,11.634900011446135
C09205,12.9061075,77.5862616,2,8,1.3801585843807243,2.7603171687614485
C09206,13.0077699,77.5794951,1,5,2.4388385118533153,2.4388385118533153
C09207,12.912674,77.6524696,7,4,2.160771362935404,15.125399540547829
C09208,12.9435227,77.5590375,1,8,3.916691395059416,3.916691395059416
C09209,12.9164193,77.6047377,4,8,2.2093843379520712,8.837537351808285
C09210,13.098633,77.5773144,6,2,2.4008491318679677,14.405094791207805
C09211,12.929944,77.5687446,1,8,2.1313264406782975,2.1313264406782975
C09212,12.9656547,77.6018918,2,1,3.3304745168002503,6.660949033600501
C09213,12.9702244,77.6388413,8,1,1.5503868689575748,12.403094951660599
C09214,12.9169721,77.5977608,5,8,1.4496047890115262,7.248023945057631
C09215,12.9213694,77.5182487,2,3,2.9619836620860243,5.9239673241720485
C09216,12.9262321,77.5479944,8,8,4.055776623034066,32.44621298427253
C09217,12.9716103,77.657149,8,1,3.2226781517198937,25.78142521375915
C09218,12.9819252,77.6010923,4,1,3.0111766441630485,12.044706576652194
C09219,12.9265193,77.6828966,2,4,4.36623140891553,8.73246281783106
C09220,12.8744332,77.6470699,2,4,2.593716254767972,5.187432509535944
C09221,12.801233,77.574211,4,8,13.023572320920719,52.094289283682876
C09222,12.9321619,77.6860272,3,4,5.072845043928719,15.218535131786158
C09223,13.0334148,77.6364061,6,1,5.953614817830674,35.72168890698404
C09224,13.1234777,77.6394543,1,6,6.787045850074036,6.787045850074036
C09225,13.0055704,77.5713507,1,5,1.5315538507150261,1.5315538507150261
C09226,12.9447201,77.6074518,4,8,3.829511467011134,15.318045868044535
C09227,13.0145459,77.582214,2,5,3.0498591118751177,6.099718223750235
C09228,12.9604446,77.504936,2,3,3.4412277608298916,6.882455521659783
C09229,12.9897517,77.7278678,1,7,2.8238002224828187,2.8238002224828187
C09230,12.9535544,77.5678415,3,8,4.285447860098122,12.856343580294366
C09231,12.9371565,77.6194335,3,8,4.32155096389576,12.96465289168728
C09232,12.9345803,77.5893442,5,8,1.8609548542566683,9.30477427128334
C09233,13.1146253,77.5789648,3,2,4.02389948086449,12.071698442593469
C09234,12.8677078,77.543301,3,8,7.180933088569242,21.54279926570773
C09235,13.0227998,77.6374429,8,1,4.813527257348008,38.50821805878407
C09236,12.9617837,77.7089394,1,7,1.6559585617642751,1.6559585617642751
C09237,13.0201071,77.7209598,5,7,6.160210774339823,30.801053871699114
C09238,13.0063748,77.5693297,1,5,1.3843842571356424,1.3843842571356424
C09239,12.9823745,77.6378264,2,1,1.0131970910636339,2.0263941821272677
C09240,12.8935005,77.6442533,1,4,1.6618579457226978,1.6618579457226978
C09241,12.9406356,77.5948929,6,8,2.702313809668307,16.21388285800984
C09242,12.9782608,77.5729,3,5,2.8158479384592265,8.44754381537768
C09243,12.9590061,77.6585621,3,1,3.9926806957233527,11.978042087170058
C09244,12.9409643,77.618331,2,8,4.438976668255047,8.877953336510094
C09245,12.983973,77.5870015,3,5,3.52531272739735,10.57593818219205
C09246,13.0085607,77.5268696,2,5,3.5926149806029026,7.185229961205805
C09247,13.0360606,77.5261271,4,5,5.368792878784708,21.475171515138832
C09248,13.1026581,77.6297932,2,2,5.321568204978288,10.643136409956576
C09249,13.103924,77.5837862,8,2,2.7656192431945827,22.124953945556662
C09250,12.9307125,77.5779663,1,8,1.5309139818600626,1.5309139818600626
C09251,12.9731634,77.5410962,2,5,3.4854621303400926,6.970924260680185
C09252,12.9373897,77.56002,11,8,3.3846217769031472,37.23083954593462
C09253,12.9805726,77.7160131,2,7,1.9722468271103797,3.9444936542207594
C09254,12.9580965,77.593251,1,8,4.489830752507185,4.489830752507185
C09255,12.9653878,77.6417316,4,1,2.156875192097799,8.627500768391196
C09256,12.861657,77.5861144,2,8,6.289598906527711,12.579197813055423
C09257,13.0075028,77.5635659,2,5,1.0313715632442277,2.0627431264884555
C09258,12.9235231,77.6805805,2,4,3.950165374686401,7.900330749372802
C09259,12.9993902,77.6160619,23,1,2.537122909840894,58.35382692634056
C09260,13.0006924,77.6326046,3,1,2.3111145835161446,6.933343750548434
C09261,12.9641916,77.6395453,1,1,2.119205694964364,2.119205694964364
C09262,12.9835537,77.6406446,9,1,1.3426802786978647,12.084122508280782
C09263,12.9702157,77.609592,5,1,2.3550125859583946,11.775062929791973
C09264,12.9914936,77.538699,2,5,2.341870326034684,4.683740652069368
C09265,13.0977026,77.5917658,2,2,2.1181885677472705,4.236377135494541
C09266,13.1204919,77.4231509,5,2,18.358872830758422,91.79436415379212
C09267,12.9393363,77.5824542,3,8,2.3220291501276473,6.9660874503829415
C09268,12.9819128,77.5963739,1,1,3.5223854314101626,3.5223854314101626
C09269,12.9806166,77.5874405,12,5,3.760389303403218,45.12467164083861
C09270,13.0002142,77.6181157,2,1,2.503646388489441,5.007292776978882
C09271,12.942169,77.5855049,9,8,2.6272632519330616,23.645369267397555
C09272,13.1693422,77.7939056,8,6,11.798639735021643,94.38911788017315
C09273,12.9397911,77.6222423,2,1,4.524132747796441,9.048265495592881
C09274,12.9544584,77.5733572,7,8,4.164793198080312,29.153552386562183
C09275,12.9351043,77.600767,2,8,2.5529556549294585,5.105911309858917
C09276,13.1904539,77.6276853,1,6,6.836351614771322,6.836351614771322
C09277,13.0578821,77.5873552,2,2,2.3535890497417484,4.707178099483497
C09278,12.9244905,77.5653351,4,8,2.1851790541192972,8.740716216477189
C09279,12.9596115,77.7473085,2,7,2.596239965468067,5.192479930936134
C09280,12.9261952,77.585063,3,8,0.858992390775435,2.576977172326305
C09281,12.9485625,77.5976727,7,8,3.6267992858566136,25.387595000996296
C09282,12.9494647,77.6154126,4,1,3.694023739237779,14.776094956951116
C09283,12.9188948,77.6058905,2,8,2.323537462828096,4.647074925656192
C09284,12.9786535,77.5017455,5,3,5.290501309473523,26.452506547367616
C09285,13.0042636,77.5751704,4,5,1.867388670836647,7.469554683346588
C09286,12.9748508,77.6151564,1,1,1.5904508825785928,1.5904508825785928
C09287,12.9365495,77.6113287,4,8,3.535519966382924,14.142079865531697
C09288,12.9075461,77.6490336,4,4,1.8462673503073161,7.385069401229265
C09289,12.948499,77.5805392,3,8,3.353304703175016,10.059914109525048
C09290,12.9370632,77.6269756,6,1,4.7742142018216605,28.645285210929963
C09291,12.9285463,77.584396,2,8,1.1170910633519824,2.2341821267039648
C09292,12.9084589,77.6836162,4,4,3.042601111936811,12.170404447747243
C09293,12.9855486,77.5961594,1,1,3.590248079373514,3.590248079373514
C09294,13.0206843,77.5886129,4,5,4.0070918701597344,16.028367480638938
C09295,12.9819801,77.599455,13,1,3.188939314621656,41.456211090081524
C09296,13.0153898,77.7093102,2,7,5.848978763253767,11.697957526507533
C09297,12.9152154,77.4819735,2,3,2.178179603887793,4.356359207775586
C09298,12.9695435,77.6411125,2,1,1.7818524423788757,3.5637048847577515
C09299,12.9877704,77.5781496,4,5,2.4836157576887916,9.934463030755166
C09300,12.9702144,77.6051485,2,1,2.7906778223416064,5.581355644683213
C09301,12.9348468,77.7433697,4,7,3.9063909771459566,15.625563908583826
C09302,13.0062575,77.5837835,6,5,2.8271016383959577,16.962609830375747
C09303,12.9724885,77.6507419,5,1,2.531649558218382,12.65824779109191
C09304,13.0081407,77.6462314,1,1,3.6316796361433945,3.6316796361433945
C09305,12.9210658,77.6807407,7,4,3.7423467450811803,26.196427215568264
C09306,12.8351292,77.6944783,6,4,7.582625576563762,45.49575345938257
C09307,12.9121865,77.6379811,6,4,3.0562876479950956,18.337725887970574
C09308,12.9285357,77.5453297,4,8,4.396625611524197,17.586502446096787
C09309,12.997183,77.5484972,4,5,1.1330914872395486,4.532365948958194
C09310,13.0701876,77.6011884,7,2,1.8293635511480628,12.80554485803644
C09311,12.9757116,77.5567775,13,5,2.643681044852216,34.36785358307881
C09312,12.9225142,77.6683721,2,4,3.2545697576611103,6.509139515322221
C09313,12.979429,77.6142741,7,1,1.5758862030865084,11.031203421605559
C09314,12.8800977,77.6530592,3,4,1.7344806075114703,5.203441822534411
C09315,13.0666195,77.6372598,3,2,5.6254427729408,16.8763283188224
C09316,12.956801,77.7419198,1,7,2.1327915491088234,2.1327915491088234
C09317,12.9333552,77.6224709,3,8,4.44093601377384,13.322808041321519
C09318,13.0061885,77.6593709,2,1,4.397540884272293,8.795081768544586
C09319,12.9978333,77.6075801,2,1,3.0201313810293193,6.040262762058639
C09320,12.905101,77.6119457,2,8,3.3270312314434745,6.654062462886949
C09321,13.0126247,77.5750928,2,5,2.298847497608525,4.59769499521705
C09322,12.9083807,77.6912574,2,4,3.776352254105661,7.552704508211322
C09323,12.8216944,77.6870991,4,4,8.590094435731991,34.360377742927966
C09324,13.0051977,77.5693485,1,5,1.3193200902646778,1.3193200902646778
C09325,12.947907,77.5327064,1,3,4.667461375826344,4.667461375826344
C09326,12.8569364,77.5407065,4,8,8.30561468869329,33.22245875477316
C09327,12.9555812,77.7214813,2,7,1.0266465668066584,2.053293133613317
C09328,12.8868411,77.5969514,7,8,3.751717826184707,26.26202478329295
C09329,12.984955,77.6022466,4,1,2.9280722906933168,11.712289162773267
C09330,13.0628197,77.5922136,5,2,1.892637004524128,9.46318502262064
C09331,12.9412148,77.4253589,9,3,7.425111798120925,66.82600618308832
C09332,12.8245919,77.411626,3,3,14.782257803139357,44.34677340941807
C09333,13.1696762,77.4516328,2,2,17.78068636042748,35.56137272085496
C09334,13.094328,77.5945392,6,2,1.8686467510826885,11.211880506496131
C09335,12.9616307,77.7134248,5,7,1.1851917014773192,5.925958507386596
C09336,12.9865133,77.5830766,3,5,3.0164224579260788,9.049267373778235
C09337,13.0015778,77.5482141,9,5,1.1563733617898446,10.407360256108602
C09338,12.9744109,77.6382219,3,1,1.207048755034718,3.621146265104154
C09339,13.014501,77.5734712,3,5,2.3093876249501313,6.928162874850393
C09340,12.8971942,77.6454983,3,4,1.5540582424202045,4.662174727260614
C09341,13.1145776,77.6369895,2,2,6.692291448100339,13.384582896200678
C09342,12.9199338,77.5805785,4,8,0.4558273160142118,1.8233092640568471
C09343,12.9035841,77.6011747,9,8,2.4473475001938634,22.02612750174477
C09344,12.9808553,77.6019476,5,1,2.9129870073585526,14.564935036792763
C09345,12.9769835,77.5933333,3,1,3.8631188729006656,11.589356618701997
C09346,13.0079066,77.5639571,3,5,1.0916555122269083,3.274966536680725
C09347,12.9605005,77.5685496,4,5,4.450951299141658,17.803805196566632
C09348,12.9815781,77.6044787,6,1,2.641881084699453,15.851286508196718
C09349,13.0518156,77.4115028,5,3,15.978686233410961,79.89343116705481
C09350,12.9855077,77.5964131,3,1,3.5623384733017254,10.687015419905176
C09351,13.0708173,77.5897796,4,2,0.9689210000975761,3.8756840003903044
C09352,12.9867896,77.5423336,5,5,2.2643409633118847,11.321704816559423
C09353,12.939257,77.555911,2,8,3.864593358106585,7.72918671621317
C09354,12.9751437,77.7509404,4,7,3.1588444362500927,12.63537774500037
C09355,12.805379,77.6274177,1,4,10.455852492905535,10.455852492905535
C09356,12.9530901,77.6746006,5,7,5.503859654221956,27.51929827110978
C09357,13.0299092,77.5705804,5,5,3.6037453933316015,18.018726966658008
C09358,12.9722315,77.6187728,6,1,1.395612507205323,8.373675043231938
C09359,13.1164481,77.6054987,3,2,4.590721558276187,13.772164674828563
C09360,12.9605867,77.7181125,4,7,0.7683772750135478,3.073509100054191
C09361,12.8944811,77.5687665,9,8,3.155912420077166,28.403211780694495
C09362,12.8452422,77.6653606,9,4,5.481112193160251,49.33000973844226
C09363,12.8365378,77.6858336,3,4,7.016126284939158,21.048378854817475
C09364,12.9304642,77.5396411,4,8,5.048455239616792,20.193820958467168
C09365,12.9337842,77.6224798,7,8,4.459681640249501,31.21777148174651
C09366,12.9111796,77.5645732,1,8,2.3083666419227873,2.3083666419227873
C09367,13.1210351,77.6174285,3,2,5.69149021427537,17.07447064282611
C09368,12.9667074,77.5880067,8,1,4.669134625878391,37.353077007027125
C09369,12.940448,77.6938156,7,7,4.21948111010536,29.536367770737524
C09370,12.9886728,77.5931202,4,5,3.9287585282482276,15.71503411299291
C09371,12.9502095,77.7456747,1,7,2.844368689172534,2.844368689172534
C09372,12.9874406,77.5509466,3,5,1.5779019805435852,4.733705941630756
C09373,12.9196629,77.6114297,2,8,2.9275471592375903,5.855094318475181
C09374,13.0724033,77.6229893,4,2,3.9739560196124373,15.895824078449749
C09375,12.9400354,77.6254608,2,1,4.455736526860441,8.911473053720883
C09376,12.9153354,77.6517132,2,4,2.46551936785428,4.93103873570856
C09377,13.029264,77.5366641,1,5,4.066528307638302,4.066528307638302
C09378,13.0242975,77.5928708,8,5,4.616168469621153,36.92934775696922
C09379,12.9180182,77.6521705,3,4,2.731326536038621,8.193979608115864
C09380,12.8600093,77.790927,4,7,13.669430915184753,54.67772366073901
C09381,12.9815612,77.5948108,3,1,3.68997926442895,11.06993779328685
C09382,12.9402157,77.525289,2,3,3.6270780342247964,7.254156068449593
C09383,13.0330373,77.672722,1,1,7.551766921405725,7.551766921405725
C09384,12.975173,77.6051035,2,1,2.6279303558684517,5.255860711736903
C09385,12.9755584,77.6031289,2,1,2.8298863301313157,5.6597726602626315
C09386,12.9920471,77.7178948,4,7,3.1150595600631266,12.460238240252506
C09387,12.9918753,77.7131856,2,7,3.243380169248122,6.486760338496244
C09388,12.979788,77.7504994,11,7,3.342346445637496,36.765810902012454
C09389,12.9264043,77.6695995,7,4,3.7053583521566114,25.93750846509628
C09390,12.8848337,77.5826781,6,8,3.726877537134452,22.36126522280671
C09391,13.0033932,77.6209962,3,1,2.7072503424828467,8.12175102744854
C09392,12.9843792,77.749701,10,7,3.557114527442391,35.57114527442391
C09393,12.9660184,77.7119979,3,7,1.3058722568301482,3.9176167704904445
C09394,13.0393774,77.6240079,3,2,5.957222587735646,17.871667763206936
C09395,13.0214275,77.5270781,4,5,4.1986256590894095,16.794502636357638
C09396,13.0058168,77.6267398,5,1,2.849152926132326,14.24576463066163
C09397,13.1040407,77.5711475,5,2,3.2499880702468595,16.249940351234297
C09398,12.8355112,77.401038,2,3,14.594131855796666,29.188263711593333
C09399,12.9589729,77.593575,2,1,4.48314664544986,8.96629329089972
C09400,12.9662669,77.714526,5,7,1.0388453643673712,5.194226821836856
C09401,12.9969929,77.5613395,5,5,0.40383713123024934,2.0191856561512465
C09402,12.8011511,77.5737759,3,8,13.036737910181468,39.1102137305444
C09403,13.0287619,77.539867,1,5,3.825554251076393,3.825554251076393
C09404,12.9820577,77.6404784,3,1,1.2882001483771517,3.864600445131455
C09405,12.9168805,77.5825015,5,8,0.27802932210485387,1.3901466105242695
C09406,12.9500234,77.593064,12,8,3.616116482285231,43.39339778742277
C09407,12.9702907,77.6393544,1,1,1.585088814161994,1.585088814161994
C09408,13.088688,77.495298,2,2,10.008290763202178,20.016581526404355
C09409,12.9752131,77.6086452,3,1,2.252376534445937,6.757129603337812
C09410,12.9158782,77.636274,9,4,3.4665232269840227,31.198709042856205
C09411,12.9152208,77.573598,3,8,1.2363516400593364,3.7090549201780094
C09412,12.9721872,77.594908,2,1,3.7805625070537725,7.561125014107545
C09413,13.0269891,77.6041517,5,5,5.798674341523796,28.99337170761898
C09414,12.9127356,77.6380054,3,4,3.093748221899454,9.281244665698363
C09415,12.9821556,77.5969868,1,1,3.457569859627372,3.457569859627372
C09416,12.9701135,77.5437369,2,5,3.6361708967765183,7.272341793553037
C09417,12.9078709,77.4769832,11,3,3.155122834617104,34.70635118078814
C09418,13.0918442,77.7416817,4,6,10.1779592452717,40.7118369810868
C09419,13.0626504,77.566659,4,2,2.8659518544313007,11.463807417725203
C09420,13.102292,77.6289175,3,2,5.218880692892294,15.656642078676882
C09421,13.0145862,77.5821249,4,5,3.044197193647217,12.176788774588868
C09422,12.8356079,77.6788813,4,4,6.841845571287846,27.367382285151383
C09423,13.0040737,77.5536459,4,5,0.7415115992407753,2.966046396963101
C09424,12.9073417,77.6108455,4,8,3.114384697933575,12.4575387917343
C09425,13.0612056,77.5749043,6,2,2.381200971409654,14.287205828457923
C09426,12.8313708,77.5004868,3,3,11.125870431478553,33.37761129443566
C09427,12.9721868,77.6008731,2,1,3.1545079548713577,6.309015909742715
C09428,12.9319448,77.6156962,2,8,3.70218745730154,7.40437491460308
C09429,12.943395,77.542448,1,8,5.335187823764125,5.335187823764125
C09430,12.9618971,77.552098,14,5,4.225381273155259,59.15533782417363
C09431,12.8393679,77.6507683,6,4,6.16841339544004,37.01048037264024
C09432,12.9578451,77.5338685,2,3,5.297374073609822,10.594748147219644
C09433,12.9917803,77.6907504,3,7,4.697995359107573,14.093986077322718
C09434,12.986719,77.7447523,2,7,3.3376798592424803,6.675359718484961
C09435,13.0633116,77.5908397,10,2,1.8006733401827,18.006733401827
C09436,12.9708156,77.6506256,1,1,2.588024526928586,2.588024526928586
C09437,12.974963,77.5928561,4,1,3.941089837978031,15.764359351912123
C09438,12.9841871,77.7282341,3,7,2.224840979446926,6.674522938340779
C09439,12.9845421,77.5991446,6,1,3.252662436579491,19.515974619476946
C09440,12.9832756,77.7682509,3,7,5.240020866815517,15.72006260044655
C09441,12.9280307,77.6061242,1,8,2.576497786416261,2.576497786416261
C09442,12.9687739,77.5306387,3,5,4.564745602516555,13.694236807549665
C09443,12.9973171,77.6037642,2,1,3.313340672748645,6.62668134549729
C09444,12.967488,77.7143126,4,7,1.0941003346028746,4.376401338411498
C09445,12.9399274,77.6094872,9,8,3.6072668387443816,32.46540154869943
C09446,12.9698339,77.700326,1,7,2.6289723444497706,2.6289723444497706
C09447,12.9825246,77.6020789,2,1,2.909534372692218,5.819068745384436
C09448,13.0711439,77.5889294,2,2,0.9092446727595209,1.8184893455190418
C09449,12.9522306,77.5897955,3,8,3.7827496806256202,11.34824904187686
C09450,13.0930335,77.6778996,6,6,8.036046385409396,48.216278312456375
C09451,13.0240447,77.6031596,3,5,5.540529295472024,16.621587886416073
C09452,12.974449,77.6067124,4,1,2.476658735839168,9.906634943356671
C09453,13.0228757,77.6509402,2,1,5.306083879791687,10.612167759583373
C09454,12.9674896,77.7142837,4,7,1.0971482056733122,4.388592822693249
C09455,12.9466573,77.7087976,6,7,2.5725917928981197,15.435550757388718
C09456,12.941781,77.5558894,2,8,4.0390898950191065,8.078179790038213
C09457,12.8976922,77.5825743,6,8,2.3077564358382907,13.846538615029743
C09458,12.9602074,77.7222172,3,7,0.5142846221681324,1.5428538665043972
C09459,12.9917048,77.5709199,7,5,1.5874903798989282,11.112432659292498
C09460,13.1723014,77.5031105,3,2,13.755158028681604,41.26547408604481
C09461,12.9258574,77.4924751,4,3,0.641246728835344,2.564986915341376
C09462,13.0395641,77.6247698,3,2,5.99813608522346,17.99440825567038
C09463,12.9760819,77.7285339,3,7,1.372192832969871,4.116578498909613
C09464,13.1287331,77.5879531,4,2,5.490464256085723,21.96185702434289
C09465,12.8419523,77.7742302,5,4,13.746132047224098,68.73066023612049
C09466,13.0450062,77.7606364,1,7,9.758959845868047,9.758959845868047
C09467,13.1005622,77.5992483,9,2,2.7172180262420764,24.454962236178687
C09468,13.1234888,77.7442695,1,6,7.900950001629417,7.900950001629417
C09469,12.9152929,77.6445664,2,4,2.8242562509663744,5.648512501932749
C09470,12.9701153,77.6431839,3,1,1.9192210941729781,5.7576632825189344
C09471,13.0707807,77.5909786,4,2,1.0203775820536554,4.0815103282146215
C09472,13.0025681,77.6120094,10,1,3.076707607737986,30.767076077379862
C09473,12.9088536,77.5644582,1,8,2.4215226705346677,2.4215226705346677
C09474,12.9122982,77.633186,2,4,3.478146636829029,6.956293273658058
C09475,12.9598156,77.7481385,1,7,2.679913726685577,2.679913726685577
C09476,12.9322938,77.6966227,3,7,4.640448606165646,13.921345818496938
C09477,12.982368,77.7087588,4,7,2.5708301961277074,10.28332078451083
C09478,12.9896098,77.6957963,10,7,4.127120178858712,41.27120178858712
C09479,12.9754943,77.6071818,4,1,2.399905659165111,9.599622636660444
C09480,12.9586402,77.566479,7,5,4.604366504059542,32.2305655284168
C09481,12.9068614,77.541664,5,8,4.824684308100578,24.123421540502893
C09482,12.9195592,77.5005615,2,3,1.5646866320949386,3.1293732641898773
C09483,12.8756086,77.5953765,1,8,4.887762762535236,4.887762762535236
C09484,12.9958497,77.6067797,4,1,2.952523855427949,11.810095421711797
C09485,12.8871258,77.5821622,1,8,3.4771744584551207,3.4771744584551207
C09486,12.9814332,77.7292129,8,7,1.9563075107121177,15.650460085696942
C09487,12.972547,77.529541,3,5,4.348236670839692,13.044710012519076
C09488,13.0113802,77.6465207,8,1,3.957211596532579,31.65769277226063
C09489,13.0101171,77.6573914,2,1,4.544497415685843,9.088994831371686
C09490,13.0015902,77.6327951,4,1,2.4125994172901932,9.650397669160773
C09491,12.860915,77.5853472,4,8,6.369946609761768,25.47978643904707
C09492,13.0553493,77.6018546,3,2,3.0867748816059857,9.260324644817956
C09493,12.9867471,77.7447863,2,7,3.3424687289552555,6.684937457910511
C09494,12.8416847,77.6670908,4,4,5.895700857779015,23.58280343111606
C09495,12.8775024,77.5845488,2,8,4.533172168645637,9.066344337291275
C09496,12.984022,77.5875776,1,5,3.577412608464294,3.577412608464294
C09497,12.9356671,77.6144578,8,8,3.770062384635043,30.160499077080345
C09498,13.0654506,77.685891,6,2,10.836052374499136,65.01631424699482
C09499,12.9888226,77.592415,3,5,3.850811063825845,11.552433191477535
C09500,12.9760006,77.602614,11,1,2.876654927958435,31.643204207542784
C09501,12.9570024,77.5648634,3,5,4.754671332608003,14.264013997824009
C09502,13.0134827,77.7090081,8,7,5.655374092443789,45.24299273955031
C09503,12.929433,77.7379793,4,7,4.175038914654768,16.70015565861907
C09504,12.9609947,77.5508936,2,5,4.347320830487765,8.69464166097553
C09505,12.8942703,77.6094497,12,8,3.8090685448890227,45.70882253866827
C09506,12.9643354,77.6381007,7,1,2.023054614441377,14.161382301089638
C09507,12.9885723,77.4725886,3,3,6.68331168646088,20.04993505938264
C09508,13.0578349,77.5875037,6,2,2.3591175643115494,14.154705385869295
C09509,12.9966075,77.5425278,3,5,1.7805242856737826,5.341572857021347
C09510,12.9408398,77.5732596,6,8,2.7619253435189117,16.571552061113472
C09511,12.9537945,77.6173101,1,1,3.1723341459700456,3.1723341459700456
C09512,12.9778564,77.6322647,2,1,0.4567169528426242,0.9134339056852484
C09513,12.996974,77.5678633,7,5,1.038120817037221,7.266845719260546
C09514,12.9170191,77.5972034,3,8,1.388881322187002,4.166643966561006
C09515,12.8985449,77.6582915,4,4,0.47553158221547936,1.9021263288619175
C09516,12.9907873,77.61323,1,1,2.0570506666811346,2.0570506666811346
C09517,12.8967362,77.5633917,12,8,3.321375708761697,39.85650850514037
C09518,12.9559654,77.7177081,8,7,1.1649774230388688,9.31981938431095
C09519,12.9451192,77.6245441,3,1,3.9055139443277795,11.716541832983339
C09520,12.9119183,77.6825843,3,4,3.1654756482908097,9.496426944872429
C09521,13.0003233,77.550144,7,5,0.9285491104595514,6.49984377321686
C09522,13.1070097,77.6002084,13,2,3.400673896699064,44.208760657087836
C09523,12.970383,77.6410648,6,1,1.7179744642681862,10.307846785609117
C09524,12.9378559,77.6990187,15,7,4.00521321342969,60.07819820144535
C09525,13.0100667,77.5552757,2,5,1.2234767053648226,2.446953410729645
C09526,12.999402,77.549169,2,5,1.0302392416530097,2.0604784833060195
C09527,12.986421,77.7458657,1,7,3.397108248671563,3.397108248671563
C09528,12.9187904,77.6698156,5,4,2.919617795227533,14.598088976137664
C09529,13.0222422,77.5538305,4,5,2.5688107909735933,10.275243163894373
C09530,13.0286575,77.543415,3,5,3.6245798820439568,10.87373964613187
C09531,13.0375538,77.5743328,6,5,4.540389662744691,27.24233797646815
C09532,12.918078,77.580926,8,8,0.3899304171973136,3.1194433375785087
C09533,12.9394601,77.7348009,1,7,3.016797613258813,3.016797613258813
C09534,12.9713403,77.6576221,2,1,3.2805797540952204,6.561159508190441
C09535,12.9827818,77.7383003,6,7,2.5520708078508507,15.312424847105104
C09536,12.923857,77.611355,2,8,2.977029401500541,5.954058803001082
C09537,12.9779204,77.662729,2,1,3.6947457068070375,7.389491413614075
C09538,13.0253084,77.5124837,7,5,5.7675232112423815,40.37266247869667
C09539,12.9595145,77.7483651,1,7,2.710692939725468,2.710692939725468
C09540,12.9434331,77.5663121,3,8,3.3974727754050056,10.192418326215016
C09541,12.826249,77.678792,4,4,7.831644351948529,31.326577407794115
C09542,12.9152038,77.6102199,2,8,2.816241919146009,5.632483838292018
C09543,12.9918628,77.6020497,6,1,3.1771221119206223,19.062732671523733
C09544,13.0795856,77.4246072,2,5,17.0342518338885,34.068503667777
C09545,12.9659324,77.5883414,9,1,4.6629807512183135,41.96682676096482
C09546,13.0251702,77.7626681,3,7,7.920986836707882,23.762960510123644
C09547,12.9198847,77.6491762,5,4,3.034369954877881,15.171849774389406
C09548,13.0034927,77.629575,6,1,2.5848054774759817,15.50883286485589
C09549,12.9719476,77.5320111,2,5,4.205322305641125,8.41064461128225
C09550,13.0004061,77.6398487,1,1,2.5438165095782983,2.5438165095782983
C09551,13.1040974,77.5706648,4,2,3.283321263201563,13.133285052806253
C09552,12.9072515,77.5782713,3,8,1.4124048946051235,4.23721468381537
C09553,13.0367624,77.6409616,5,1,6.404421260341861,32.02210630170931
C09554,12.9784769,77.6295389,3,1,0.2036652458825946,0.6109957376477838
C09555,12.9670219,77.6649676,2,1,4.189907518094118,8.379815036188235
C09556,13.0267718,77.5373998,14,5,3.797583157798201,53.166164209174816
C09557,12.9702372,77.6380876,1,1,1.492777512385773,1.492777512385773
C09558,12.9865571,77.6915187,6,7,4.2806724867638035,25.68403492058282
C09559,12.898651,77.6280784,2,4,3.4471341013473964,6.894268202694793
C09560,12.9164962,77.689881,3,4,4.103159228873147,12.309477686619442
C09561,12.9544981,77.6401572,3,1,3.097567969507826,9.292703908523478
C09562,12.9850931,77.6748005,2,1,5.026697386013541,10.053394772027081
C09563,13.0243229,77.5863476,5,5,4.070301770649544,20.35150885324772
C09564,12.9166989,77.6150867,9,8,3.327288209615974,29.94559388654377
C09565,12.9253887,77.5797929,5,8,0.9219036284338874,4.609518142169437
C09566,13.0114964,77.5549008,4,5,1.3866757390262412,5.546702956104965
C09567,12.9782871,77.6426631,2,1,1.5221835762855875,3.044367152571175
C09568,12.9742141,77.6057978,5,1,2.5792957396001457,12.896478698000728
C09569,12.9422555,77.5482906,15,8,4.732235455727741,70.98353183591611
C09570,13.0249984,77.6407176,3,1,5.130563382141499,15.391690146424498
C09571,13.1039745,77.5941829,3,2,2.856676367079663,8.570029101238989
C09572,12.9918978,77.5705614,2,5,1.5432238238546523,3.0864476477093046
C09573,13.0591971,77.5908034,2,2,2.245615391030536,4.491230782061072
C09574,12.9164063,77.6365397,1,4,3.4861135413919575,3.4861135413919575
C09575,12.9968944,77.5683957,4,5,1.096153811666531,4.384615246666124
C09576,12.9820759,77.6090805,2,1,2.1481666540533375,4.296333308106675
C09577,12.9904879,77.4874377,1,3,6.543895592019908,6.543895592019908
C09578,12.9379211,77.7472151,6,7,3.882680635238978,23.296083811433867
C09579,12.9304666,77.6183064,2,8,3.9044821388769546,7.808964277753909
C09580,13.0839841,77.6361579,3,2,5.359102790013851,16.077308370041553
C09581,13.0241537,77.5860736,9,5,4.0357169979874,36.3214529818866
C09582,13.0811012,77.5805678,1,2,0.7328762207472339,0.7328762207472339
C09583,12.9182691,77.6231178,1,8,4.1937031135242435,4.1937031135242435
C09584,12.8358986,77.6887744,4,4,7.215627770693259,28.862511082773036
C09585,13.0947799,77.5846767,7,2,1.7496395570625727,12.24747689943801
C09586,12.99111,77.5777982,1,5,2.2766512399800662,2.2766512399800662
C09587,12.9759367,77.6469418,4,1,2.027108580389658,8.108434321558631
C09588,12.9664848,77.6427254,5,1,2.141271615578784,10.70635807789392
C09589,12.9786915,77.6430065,1,1,1.553818534903288,1.553818534903288
C09590,12.916748,77.6519226,6,4,2.6055978789063325,15.633587273437996
C09591,12.9600398,77.6452145,6,1,2.8539918869715786,17.123951321829473
C09592,12.9107527,77.5824296,3,8,0.8816360386694412,2.6449081160083234
C09593,13.0966734,77.5979322,8,2,2.273444221833851,18.187553774670807
C09594,12.9110743,77.5780949,7,8,1.0726831754643145,7.508782228250201
C09595,12.9365007,77.5811501,4,8,2.0303106915216556,8.121242766086622
C09596,12.9281352,77.6052337,2,8,2.4936333679594527,4.987266735918905
C09597,12.9726552,77.5378281,2,5,3.7360919098236995,7.472183819647399
C09598,13.0260656,77.6370378,3,1,5.1607202682481494,15.48216080474445
C09599,12.9791721,77.5934264,5,1,3.8385465633548193,19.192732816774097
C09600,12.8255799,77.5158098,3,3,11.99495247590709,35.984857427721266
C09601,12.9974732,77.5415977,1,5,1.8658311221495876,1.8658311221495876
C09602,12.9602967,77.5302803,8,3,5.139060567469025,41.1124845397522
C09603,12.9369779,77.5786559,4,8,2.1461856590734425,8.58474263629377
C09604,13.0260169,77.6354154,3,1,5.127690012409047,15.383070037227142
C09605,12.8856424,77.5825719,6,8,3.6381331097004694,21.828798658202818
C09606,12.8818812,77.4630238,10,3,6.398537320868546,63.98537320868546
C09607,13.0219271,77.6026686,1,5,5.382201777223702,5.382201777223702
C09608,12.9894253,77.7277667,4,7,2.7864257784317856,11.145703113727143
C09609,12.9188148,77.5025188,1,3,1.7512497273631065,1.7512497273631065
C09610,12.9517332,77.6994362,5,7,3.0137015262988056,15.068507631494029
C09611,12.9715689,77.6415131,4,1,1.6783606780179114,6.713442712071646
C09612,12.9456961,77.6293342,5,1,3.8150867566847464,19.075433783423733
C09613,12.9857287,77.5524808,2,5,1.667768611556264,3.335537223112528
C09614,13.0068,77.5825497,1,5,2.7153487738444606,2.7153487738444606
C09615,13.0843057,77.6431187,2,2,6.114359998057828,12.228719996115656
C09616,13.0371655,77.5230021,4,5,5.686673057360264,22.746692229441056
C09617,12.8886473,77.5820373,7,8,3.3102923978725545,23.17204678510788
C09618,12.9225658,77.6496506,1,4,3.294746919998934,3.294746919998934
C09619,12.8818799,77.5957811,7,8,4.230011755884166,29.610082291189162
C09620,12.8781189,77.6027377,2,8,4.88462790717665,9.7692558143533
C09621,12.9306091,77.5853075,4,8,1.3482551811675416,5.3930207246701665
C09622,12.9762403,77.6227329,2,1,0.7858932289745041,1.5717864579490082
C09623,12.8638852,77.4326006,4,3,9.96462101482479,39.85848405929916
C09624,13.0162478,77.5648911,6,5,1.9709386658067993,11.825631994840796
C09625,12.9876702,77.5511003,1,5,1.547507554680107,1.547507554680107
C09626,13.0047381,77.5713234,2,5,1.4908600541107757,2.9817201082215514
C09627,12.9715348,77.5439059,4,5,3.487558275774137,13.950233103096547
C09628,12.9844175,77.6033409,18,1,2.800702763960516,50.41264975128929
C09629,12.9327937,77.5677437,2,8,2.4141025085410925,4.828205017082185
C09630,12.9564558,77.7427026,14,7,2.225979642722341,31.163714998112773
C09631,13.1740587,77.5403711,14,2,11.661992091619226,163.26788928266916
C09632,12.9469174,77.6992165,3,7,3.3174884666953264,9.952465400085979
C09633,12.9997111,77.6181673,3,1,2.4517557690437815,7.355267307131344
C09634,12.9721073,77.6528331,2,1,2.7599259012540163,5.5198518025080325
C09635,13.0712216,77.6519754,3,2,7.103173957654414,21.309521872963245
C09636,12.9207382,77.6338341,1,4,4.033582763557725,4.033582763557725
C09637,12.9050379,77.6436802,3,4,2.08376788040179,6.25130364120537
C09638,12.933863,77.5830336,9,8,1.7129402003205885,15.416461802885296
C09639,12.9576641,77.518908,2,3,4.0235486544422985,8.047097308884597
C09640,13.0372971,77.5905991,3,2,4.6482212948683514,13.944663884605054
C09641,12.9653505,77.5346913,1,5,4.591034334403056,4.591034334403056
C09642,12.9730091,77.6082319,4,1,2.3659714105084646,9.463885642033858
C09643,12.9073815,77.7058349,4,4,5.229512323838751,20.918049295355004
C09644,13.0100959,77.5547872,3,5,1.2434673171879262,3.7304019515637785
C09645,12.9851007,77.5708153,3,5,2.0711894284453285,6.2135682853359855
C09646,13.0259163,77.6374163,3,1,5.151771415102332,15.455314245306997
C09647,13.0183846,77.647491,5,1,4.6944385379779145,23.472192689889575
C09648,12.9991338,77.5509354,3,5,0.8395282185399272,2.5185846556197817
C09649,12.881902,77.612665,4,8,5.072316445986289,20.289265783945154
C09650,12.9347724,77.511431,4,3,2.0258458001255972,8.103383200502389
C09651,12.9954289,77.697316,7,7,4.476966870542838,31.338768093799864
C09652,12.9595167,77.5141601,5,3,3.8450820838566733,19.225410419283367
C09653,13.0009598,77.6240983,4,1,2.3581579363549205,9.432631745419682
C09654,13.0670719,77.5752764,10,2,1.8462710518083971,18.46271051808397
C09655,12.99131,77.6878396,4,7,4.912882430354087,19.65152972141635
C09656,12.9870391,77.5744897,8,5,2.205082658693494,17.64066126954795
C09657,12.980979,77.6365966,5,1,0.8543485881451106,4.271742940725553
C09658,13.006205,77.7004289,1,7,5.271298841797596,5.271298841797596
C09659,12.9322271,77.6940849,8,7,4.826643951504687,38.6131516120375
C09660,12.9982979,77.5573209,4,5,0.1987937290058251,0.7951749160233004
C09661,13.0222694,77.6397678,3,1,4.8122746151663,14.4368238454989
C09662,12.881709,77.5759556,4,8,4.1719114512949975,16.68764580517999
C09663,13.0223133,77.6373233,3,1,4.758174101725084,14.274522305175251
C09664,12.9945649,77.589853,4,5,3.4301614954004545,13.720645981601818
C09665,13.0022137,77.6237059,2,1,2.502901997685934,5.005803995371868
C09666,12.948708,77.707873,8,7,2.4720284862948136,19.77622789035851
C09667,13.0837525,77.6437939,3,2,6.1819626373780014,18.545887912134006
C09668,13.0720813,77.5728428,3,2,1.7254561583983758,5.176368475195128
C09669,12.9729937,77.6374046,2,1,1.2275734931121502,2.4551469862243005
C09670,13.0705325,77.6552081,4,2,7.460799166530903,29.84319666612361
C09671,12.993765,77.5393225,4,5,2.193603291377696,8.774413165510785
C09672,12.9103456,77.6097988,4,8,2.8903808683074104,11.561523473229641
C09673,12.9288444,77.5828703,2,8,1.1635107443346406,2.3270214886692813
C09674,12.9708897,77.5229331,1,5,5.008518552885614,5.008518552885614
C09675,13.0578971,77.5644207,5,2,3.397625983591503,16.988129917957515
C09676,12.9370584,77.5819902,9,8,2.077171024247296,18.694539218225664
C09677,12.9568292,77.739353,2,7,1.8794738820385115,3.758947764077023
C09678,12.9979583,77.5419037,10,5,1.8269943147689478,18.269943147689478
C09679,12.9201575,77.684754,4,4,3.952234740527496,15.808938962109984
C09680,13.0610325,77.6420653,3,2,6.300933399578464,18.90280019873539
C09681,12.8156772,77.583174,3,8,11.377664653494877,34.13299396048463
C09682,12.9646629,77.7017825,1,7,2.40470756762644,2.40470756762644
C09683,12.8826955,77.5659769,7,8,4.439862886551704,31.079040205861926
C09684,13.0293165,77.4645099,2,5,10.737453726444755,21.47490745288951
C09685,13.013523,77.5696919,2,5,1.9583952477781748,3.9167904955563495
C09686,12.9738919,77.6099222,7,1,2.1605755288735993,15.124028702115195
C09687,12.9852813,77.4800802,1,3,6.1037637761787575,6.1037637761787575
C09688,12.9848155,77.5707656,1,5,2.0922276902096613,2.0922276902096613
C09689,13.0085466,77.5693751,3,5,1.5330926728772931,4.599278018631879
C09690,12.9021091,77.5857727,4,8,1.8146796009002482,7.258718403600993
C09691,12.8811509,77.5461593,5,8,5.863542887998853,29.317714439994266
C09692,13.0579017,77.6440795,3,2,6.62352287095023,19.87056861285069
C09693,12.8883943,77.5820546,20,8,3.3380574661415734,66.76114932283147
C09694,13.0394495,77.5186809,3,5,6.193447056627218,18.580341169881656
C09695,12.9064098,77.596723,3,8,1.8815793235028688,5.644737970508606
C09696,12.9654005,77.6048081,2,1,3.071762754261286,6.143525508522572
C09697,13.0941941,77.554559,4,2,3.896404999394861,15.585619997579444
C09698,12.9451836,77.5964615,5,8,3.2313416876642127,16.156708438321065
C09699,13.0033773,77.6295176,8,1,2.571834490840123,20.574675926720985
C09700,12.9716124,77.7117564,1,7,1.5363374529977365,1.5363374529977365
C09701,12.99614,77.5431935,3,5,1.7200367373681047,5.160110212104314
C09702,12.9749658,77.606555,5,1,2.4793043474232084,12.396521737116043
C09703,13.0453266,77.6267172,5,2,5.707117791153996,28.53558895576998
C09704,12.9540074,77.5673748,3,8,4.352359441916304,13.057078325748913
C09705,12.9743666,77.6072198,5,1,2.4258329436075794,12.129164718037897
C09706,12.9127707,77.6351127,2,4,3.3397637425670674,6.679527485134135
C09707,13.0154005,77.4434612,10,3,10.721914287914982,107.21914287914983
C09708,13.1221334,77.6305012,7,2,6.701366822015135,46.90956775410595
C09709,12.913749,77.6146127,1,8,3.3113862291450435,3.3113862291450435
C09710,13.0267995,77.5870813,2,5,4.316541667151642,8.633083334303285
C09711,13.0008414,77.5359036,2,5,2.4743238331612885,4.948647666322577
C09712,13.0027573,77.5465737,5,5,1.3598063364734745,6.799031682367373
C09713,12.9458746,77.5877756,1,8,3.0559795821912585,3.0559795821912585
C09714,12.9473301,77.6805927,3,7,5.076435043015122,15.229305129045366
C09715,13.0080917,77.6463237,5,1,3.6322997972890843,18.161498986445423
C09716,12.9016397,77.4876562,3,3,3.37002110146474,10.11006330439422
C09717,12.8987938,77.6512063,4,4,1.0249642975698179,4.0998571902792715
C09718,12.9715246,77.6088542,2,1,2.363927099958947,4.727854199917894
C09719,12.8913095,77.5816605,5,8,3.020556231322839,15.102781156614196
C09720,12.9960796,77.6933786,2,7,4.8160157140223445,9.632031428044689
C09721,12.9137362,77.605835,3,8,2.375173095667015,7.125519287001045
C09722,13.0572169,77.4731579,4,5,11.264470839998573,45.05788335999429
C09723,12.9035614,77.7039581,4,4,4.930041659203151,19.720166636812603
C09724,12.9334731,77.5099571,3,3,1.8470012572810282,5.5410037718430845
C09725,12.8609441,77.5293363,2,8,8.74098454159778,17.48196908319556
C09726,12.9391928,77.494989,3,3,0.8638833469587186,2.591650040876156
C09727,12.9733443,77.6468191,3,1,2.0993453671605145,6.298036101481543
C09728,13.0222132,77.5781101,1,5,3.2810208013182294,3.2810208013182294
C09729,12.949233,77.5835556,2,8,3.408447969266259,6.816895938532518
C09730,12.9214393,77.5933817,4,8,1.019762530868172,4.079050123472688
C09731,12.9662002,77.6416839,1,1,2.0860513872016955,2.0860513872016955
C09732,13.0293894,77.4835383,7,5,8.798016319433806,61.58611423603664
C09733,12.9492483,77.5934342,8,8,3.544069439751948,28.352555518015585
C09734,13.007887,77.5639611,1,5,1.0900410720181308,1.0900410720181308
C09735,12.9081116,77.6486571,9,4,1.920766292034672,17.286896628312046
C09736,12.9978471,77.5407804,3,5,1.9495400113380212,5.848620034014064
C09737,13.0057911,77.6595163,4,1,4.380853695445423,17.523414781781693
C09738,12.9808974,77.6967931,2,7,3.4583715840053415,6.916743168010683
C09739,13.1542879,77.5676595,6,2,8.579345878602595,51.47607527161557
C09740,12.9883253,77.5497463,4,5,1.5724323287544026,6.289729315017611
C09741,12.9721953,77.618389,2,1,1.430723576167814,2.861447152335628
C09742,12.907878,77.6491188,1,4,1.8697037847569349,1.8697037847569349
C09743,12.9726995,77.5973703,1,1,3.507410051613851,3.507410051613851
C09744,13.0100968,77.5551844,4,5,1.2296588652074947,4.918635460829979
C09745,13.0388466,77.6772433,5,1,8.360339848926026,41.80169924463013
C09746,12.949455,77.6171956,5,1,3.623411724912533,18.117058624562667
C09747,12.9822569,77.6393124,3,1,1.1676964702159576,3.5030894106478727
C09748,13.0317411,77.611461,1,2,5.879380383229977,5.879380383229977
C09749,12.992209,77.7229064,2,7,3.0653049178598604,6.130609835719721
C09750,12.975886,77.6026229,7,1,2.877758176443122,20.144307235101852
C09751,12.9619887,77.7014082,2,7,2.4615566494636147,4.9231132989272295
C09752,12.9777949,77.6399308,4,1,1.2393131693289834,4.9572526773159336
C09753,12.963951,77.64308,2,1,2.3729323341664283,4.745864668332857
C09754,13.0228775,77.5649604,4,5,2.6740335868557854,10.696134347423142
C09755,12.989639,77.5732106,2,5,1.9214299591896111,3.8428599183792223
C09756,12.9601577,77.6443247,7,1,2.784197398817279,19.48938179172095
C09757,12.9651869,77.5617183,6,5,3.8152510598654037,22.891506359192423
C09758,12.975699,77.5603955,2,5,2.6438970136457187,5.287794027291437
C09759,13.0577398,77.6439304,3,2,6.614797914237704,19.84439374271311
C09760,12.9754589,77.6067378,2,1,2.4478296536211297,4.895659307242259
C09761,12.9929279,77.5887916,1,5,3.3512520147572977,3.3512520147572977
C09762,12.9247397,77.5798104,2,8,0.8618903281411353,1.7237806562822706
C09763,13.1241224,77.4312152,4,2,17.622132957471756,70.48853182988702
C09764,13.0816353,77.6182669,4,2,3.4020223517739043,13.608089407095617
C09765,12.9794113,77.6406278,4,1,1.289741392215202,5.158965568860808
C09766,12.9338857,77.6194174,3,8,4.158698613660105,12.476095840980316
C09767,12.9713848,77.6067146,6,1,2.583868437576603,15.503210625459616
C09768,12.9713379,77.6493013,3,1,2.4331294841325377,7.299388452397613
C09769,12.8311136,77.4291715,5,3,13.11004431236708,65.5502215618354
C09770,12.9692553,77.7496784,1,7,2.8439138388628664,2.8439138388628664
C09771,13.0080094,77.6833497,1,7,6.524431463178988,6.524431463178988
C09772,12.9740785,77.5498168,4,5,2.975611894187848,11.902447576751392
C09773,12.9163429,77.6112447,1,8,2.9138182430493975,2.9138182430493975
C09774,12.9948336,77.6107384,3,1,2.5440334723963236,7.632100417188971
C09775,12.9170758,77.6290832,3,4,4.149373007007367,12.448119021022102
C09776,12.9126706,77.6061609,10,8,2.4380017513148795,24.380017513148793
C09777,13.0685251,77.5600191,4,2,3.15676173288175,12.627046931527
C09778,12.9480283,77.5849067,4,8,3.2738690530409658,13.095476212163863
C09779,12.8446457,77.6656044,6,4,5.549794447840062,33.29876668704037
C09780,12.9274788,77.5835475,4,8,1.0041730343300552,4.016692137320221
C09781,12.9412355,77.5578065,2,8,3.8414047598093104,7.682809519618621
C09782,13.0988857,77.587211,7,2,2.1856714403351427,15.299700082346
C09783,13.0253668,77.5888342,2,5,4.348584310328935,8.69716862065787
C09784,12.9960196,77.6128413,4,1,2.4646112963708413,9.858445185483365
C09785,12.9874542,77.5495752,1,5,1.6604722280018924,1.6604722280018924
C09786,13.0596934,77.5930734,4,2,2.2508307304835355,9.003322921934142
C09787,12.9749094,77.6054364,4,1,2.5989731155132407,10.395892462052963
C09788,12.9351488,77.621022,11,8,4.375330811953955,48.1286389314935
C09789,12.9536888,77.543512,1,5,5.333298196205234,5.333298196205234
C09790,12.9159911,77.6513702,2,4,2.546508744272173,5.093017488544346
C09791,12.9237747,77.651372,6,4,3.3676479485516793,20.205887691310075
C09792,12.9166635,77.5937037,4,8,1.01922579879841,4.07690319519364
C09793,13.0116374,77.5569977,4,5,1.352985896833314,5.411943587333256
C09794,12.9767494,77.5725371,2,5,2.9367132644770257,5.8734265289540515
C09795,12.9065774,77.6492549,2,4,1.7477043887643577,3.4954087775287155
C09796,12.9440234,77.6088867,8,8,3.8760294727664832,31.008235782131866
C09797,12.9494002,77.5926204,3,8,3.5371806300026525,10.611541890007958
C09798,12.8510856,77.6602398,4,4,4.798125782740659,19.192503130962635
C09799,12.9299126,77.621549,3,8,4.218387908782621,12.655163726347862
C09800,12.9651343,77.7138623,1,7,1.0951208226807883,1.0951208226807883
C09801,13.0441926,77.7566409,6,7,9.506408760418612,57.03845256251167
C09802,13.0224361,77.5847518,5,5,3.8017460244554093,19.008730122277047
C09803,12.937667,77.7479502,17,7,3.9562321231668527,67.2559460938365
C09804,12.9578735,77.5342317,2,5,5.318469545527768,10.636939091055536
C09805,12.98491,77.6793715,6,7,5.337500515825746,32.02500309495448
C09806,12.9261107,77.5898357,1,8,1.0267622149657023,1.0267622149657023
C09807,12.936655,77.750235,4,7,4.205539652906344,16.822158611625376
C09808,12.9520113,77.5806257,7,8,3.7381520658999237,26.167064461299464
C09809,12.9567662,77.6982162,1,7,2.921487700515444,2.921487700515444
C09810,12.9166156,77.5965051,3,8,1.3197347536507509,3.9592042609522524
C09811,12.9434819,77.5263581,2,3,3.8470658516000427,7.694131703200085
C09812,12.9714323,77.6351019,2,1,1.185243692480622,2.370487384961244
C09813,12.9705666,77.6505746,4,1,2.5941075907206033,10.376430362882413
C09814,12.956499,77.7168607,7,7,1.175293805518008,8.227056638626056
C09815,12.9522859,77.6053317,3,1,3.999188142565546,11.997564427696638
C09816,12.9873328,77.5940132,4,1,3.8559697524951675,15.42387900998067
C09817,12.9316792,77.5450887,4,8,4.522272211715268,18.08908884686107
C09818,12.9375475,77.6279931,3,1,4.717379152077115,14.152137456231344
C09819,13.0008128,77.5701799,2,5,1.2585922715205138,2.5171845430410276
C09820,12.9704825,77.6427909,7,1,1.8609165484365133,13.026415839055593
C09821,13.0363437,77.5245042,4,5,5.509379120901319,22.037516483605277
C09822,12.9307552,77.5475178,4,8,4.239644637668767,16.958578550675067
C09823,12.80223,77.574735,2,8,12.90882663686543,25.81765327373086
C09824,13.065917,77.5599037,2,2,3.286435888177998,6.572871776355996
C09825,13.0369268,77.7963184,3,7,11.224147807570509,33.672443422711524
C09826,12.9992577,77.5827274,1,5,2.6126310220671365,2.6126310220671365
C09827,12.988073,77.7338527,1,7,2.8193425398615424,2.8193425398615424
C09828,12.9089912,77.542847,2,8,4.6421518989470965,9.284303797894193
C09829,12.9290329,77.5859122,5,8,1.180948955389315,5.9047447769465755
C09830,12.8193944,77.6883453,2,4,8.876010839751405,17.75202167950281
C09831,12.9149827,77.605687,2,8,2.332830820657664,4.665661641315328
C09832,12.9761448,77.6030051,2,1,2.8322052731220753,5.6644105462441505
C09833,12.9162445,77.6519142,2,4,2.5530908194376654,5.106181638875331
C09834,13.0050334,77.5693747,3,5,1.3132777728508254,3.939833318552476
C09835,12.9898477,77.5551537,15,5,1.1366280773426345,17.049421160139516
C09836,12.8867987,77.5675026,7,8,3.9603121625304265,27.722185137712984
C09837,12.917402,77.6010132,7,8,1.7972212534568397,12.580548774197878
C09838,12.9261989,77.6835446,8,4,4.378963554428601,35.03170843542881
C09839,12.9156177,77.6347321,2,4,3.571314197681817,7.142628395363634
C09840,13.126172,77.6208084,1,2,6.367487066188387,6.367487066188387
C09841,13.0416135,77.5942885,2,2,4.228403004392517,8.456806008785033
C09842,12.8856635,77.5416809,8,8,5.898340274187931,47.18672219350345
C09843,13.0145928,77.6462464,2,1,4.257998154654905,8.51599630930981
C09844,13.0033101,77.607122,1,1,3.4774426064039208,3.4774426064039208
C09845,12.9716134,77.5963504,2,1,3.644450150203671,7.288900300407342
C09846,12.9491363,77.5893864,3,8,3.437469184694963,10.312407554084889
C09847,13.0089378,77.6674347,4,1,5.269414714341316,21.077658857365265
C09848,13.002416,77.7125734,4,7,4.370758785107905,17.48303514043162
C09849,12.9487956,77.6201164,2,1,3.59640500762839,7.19281001525678
C09850,13.0015366,77.5477387,5,5,1.206159393648789,6.030796968243946
C09851,12.9320295,77.6854691,2,4,5.026566490123735,10.05313298024747
C09852,12.9109221,77.5729938,3,8,1.5017615434582738,4.505284630374821
C09853,12.9801411,77.6374953,5,1,0.9470406892963298,4.735203446481649
C09854,12.9771479,77.5700436,2,5,2.7679585983474797,5.535917196694959
C09855,13.0126649,77.6474598,2,1,4.131111454496136,8.262222908992271
C09856,12.9409838,77.5850433,5,8,2.494493140279139,12.472465701395695
C09857,12.9244997,77.5007772,2,3,1.1513397543088775,2.302679508617755
C09858,12.9586066,77.564198,3,5,4.568892873959575,13.706678621878725
C09859,12.9683462,77.5270066,5,5,4.869834451676327,24.349172258381632
C09860,12.9992982,77.7575636,14,7,5.304867366617903,74.26814313265064
C09861,12.9486722,77.5826276,5,8,3.3509879850512734,16.754939925256366
C09862,12.9718697,77.6009513,5,1,3.1563813825717055,15.781906912858528
C09863,12.9140071,77.5993825,5,8,1.6897043971212966,8.448521985606483
C09864,12.9795064,77.606818,2,1,2.384332334131326,4.768664668262652
C09865,12.9685151,77.5371276,4,5,4.152589857156423,16.610359428625692
C09866,12.9290137,77.6276776,3,8,4.832164349531187,14.49649304859356
C09867,12.9592168,77.6551073,4,1,3.6806732075206,14.7226928300824
C09868,13.194356,77.6413545,4,6,5.746201411382755,22.98480564553102
C09869,13.0994756,77.5882426,4,2,2.2547839859656977,9.019135943862791
C09870,13.0573975,77.5909347,3,2,2.4441709710625537,7.332512913187661
C09871,12.9988382,77.5550964,3,5,0.3941342625273103,1.182402787581931
C09872,12.97106,77.5366692,1,5,3.9527990350067586,3.9527990350067586
C09873,12.9487765,77.5822511,3,8,3.365225975818725,10.095677927456176
C09874,12.9550094,77.5857787,9,8,4.048723712557581,36.43851341301823
C09875,13.063603,77.5912381,4,2,1.7799264280367992,7.119705712147197
C09876,12.9486908,77.5808158,3,8,3.370669683129459,10.112009049388377
C09877,12.9477206,77.6192277,13,1,3.7369934213027958,48.58091447693634
C09878,12.9609494,77.5613939,1,5,4.280134807193827,4.280134807193827
C09879,13.1912308,77.7634608,2,6,8.96019106142628,17.92038212285256
C09880,13.0725691,77.6024289,11,2,1.8236067086758365,20.0596737954342
C09881,12.9827335,77.5189304,3,5,4.695901012647844,14.08770303794353
C09882,12.8410319,77.6600262,3,4,5.91068427792877,17.73205283378631
C09883,12.9702025,77.6389092,1,1,1.5573075407939072,1.5573075407939072
C09884,12.9797287,77.7271089,5,7,1.7166941541477676,8.583470770738838
C09885,12.9749842,77.6973784,5,7,3.1060604541924,15.530302270962
C09886,12.9782362,77.5808398,2,5,3.368865311273403,6.737730622546806
C09887,12.923879,77.6728478,3,4,3.5671554202783007,10.701466260834902
C09888,12.9582412,77.6595909,3,1,4.132812638936129,12.398437916808387
C09889,12.9042758,77.6966643,4,4,4.1779004556289845,16.711601822515938
C09890,12.9775958,77.6421858,2,1,1.4835656374451571,2.9671312748903143
C09891,12.9947071,77.689124,8,7,5.043166125699687,40.3453290055975
C09892,12.9845512,77.5528322,6,5,1.7739162982013807,10.643497789208284
C09893,12.8123669,77.6923627,3,4,9.758810159342364,29.27643047802709
C09894,13.006778,77.698644,3,7,5.422371452866849,16.267114358600548
C09895,12.9656534,77.534819,3,5,4.555559825472478,13.666679476417432
C09896,12.9951,77.6963703,2,7,4.516568159036262,9.033136318072524
C09897,13.084113,77.6401931,2,2,5.796290515479923,11.592581030959845
C09898,12.9813023,77.6364984,3,1,0.8483605829866218,2.5450817489598654
C09899,12.9392324,77.5949154,10,8,2.5630895309725825,25.630895309725826
C09900,12.9072425,77.5787712,6,8,1.388136494497022,8.328818966982132
C09901,12.9786398,77.6416352,6,1,1.4065189920167658,8.439113952100595
C09902,12.9481502,77.5806921,4,8,3.31290625637098,13.25162502548392
C09903,13.068829,77.6275063,2,2,4.539413319985129,9.078826639970258
C09904,12.9179404,77.5860042,3,8,0.17333880900179163,0.5200164270053749
C09905,12.9136049,77.606949,7,8,2.496403377317277,17.474823641220937
C09906,12.9180303,77.6521381,1,4,2.733638095355308,2.733638095355308
C09907,12.915939,77.4932278,5,3,1.7361370714356414,8.680685357178207
C09908,12.9604205,77.7201528,17,7,0.6132282588609815,10.424880400636686
C09909,12.9963894,77.612109,7,1,2.54970794679959,17.84795562759713
C09910,12.981703,77.5971992,9,1,3.431698344443307,30.885285099989765
C09911,12.9672279,77.6066828,4,1,2.792544302455234,11.170177209820936
C09912,12.9271131,77.5471291,7,8,4.168961121834988,29.182727852844913
C09913,12.8429136,77.6151227,2,4,7.468028086717739,14.936056173435478
C09914,12.9654268,77.5787874,6,5,4.361064385657183,26.1663863139431
C09915,12.8914338,77.62642,5,4,3.6105733534295226,18.052866767147613
C09916,12.9461645,77.5734435,4,8,3.2936580973385463,13.174632389354185
C09917,12.9920653,77.4944741,8,3,6.691874487822649,53.534995902581194
C09918,12.9231276,77.5860269,2,8,0.5432636006226828,1.0865272012453655
C09919,12.9548113,77.7003014,3,7,2.782352729384536,8.347058188153607
C09920,12.9970678,77.5536547,4,5,0.6074672426921109,2.4298689707684438
C09921,13.0629032,77.5921632,2,2,1.8821860981675151,3.7643721963350303
C09922,13.0255067,77.6392248,4,1,5.146886777301472,20.58754710920589
C09923,13.0575188,77.6327683,1,2,5.5115389698433965,5.5115389698433965
C09924,13.008259,77.5549659,7,5,1.0467680444424987,7.327376311097491
C09925,12.9038928,77.5307716,3,3,5.118215955805758,15.354647867417274
C09926,12.8575245,77.6534136,2,4,4.138322241115686,8.276644482231372
C09927,12.8391693,77.6575573,2,4,6.120358196421654,12.240716392843307
C09928,12.9779859,77.6429555,3,1,1.558428995182118,4.675286985546354
C09929,12.9349444,77.6293498,5,1,5.005173564624101,25.025867823120507
C09930,13.0538127,77.6020437,5,2,3.2433891864524003,16.216945932262
C09931,12.9931212,77.6795196,2,1,5.693013929540935,11.38602785908187
C09932,13.0163724,77.6428346,2,1,4.289910445406483,8.579820890812966
C09933,13.0494009,77.5574312,5,2,4.598604175166971,22.99302087583485
C09934,12.9701216,77.6095142,2,1,2.3673530647770646,4.734706129554129
C09935,12.8714097,77.5383958,3,8,7.223506500144304,21.670519500432913
C09936,13.1264782,77.566199,4,2,5.706087394372389,22.824349577489556
C09937,12.9511478,77.5776467,4,8,3.694494636659613,14.777978546638453
C09938,12.9118526,77.6409371,6,4,2.7924570473749526,16.754742284249716
C09939,12.915607,77.6472892,1,4,2.6953627972816028,2.6953627972816028
C09940,12.9960692,77.540254,1,5,2.0340936979861515,2.0340936979861515
C09941,12.8614576,77.6609162,2,4,3.6524482696701495,7.304896539340299
C09942,12.9518415,77.5874529,12,8,3.7095799031950922,44.51495883834111
C09943,12.9590811,77.661316,14,1,4.2339130322251695,59.274782451152376
C09944,12.9990352,77.5416176,12,5,1.850600865411644,22.207210384939728
C09945,13.0020346,77.5993076,3,1,4.011910418494099,12.035731255482297
C09946,12.8872468,77.5623226,1,8,4.210842126158191,4.210842126158191
C09947,12.9743717,77.5775468,1,5,3.4575605328341257,3.4575605328341257
C09948,12.9690604,77.6024708,2,1,3.1081919678324765,6.216383935664953
C09949,12.9589981,77.5825067,3,8,4.493044149641519,13.479132448924556
C09950,12.8640503,77.5733065,8,8,6.143568751019582,49.148550008156654
C09951,12.9517621,77.5750763,6,8,3.826099802229497,22.956598813376985
C09952,12.9781095,77.6348789,4,1,0.7006355049785913,2.802542019914365
C09953,12.928945,77.5859387,2,8,1.171683581711378,2.343367163422756
C09954,12.9294521,77.5850281,2,8,1.218671841569913,2.437343683139826
C09955,12.8490827,77.5220958,4,3,9.665256959458702,38.66102783783481
C09956,12.969407,77.6377426,5,1,1.5376237759348366,7.688118879674183
C09957,12.9165795,77.6362187,4,4,3.524472665617809,14.097890662471237
C09958,12.9711796,77.6008907,2,1,3.1856747753131116,6.371349550626223
C09959,12.9628641,77.6604996,5,1,3.940659678877652,19.70329839438826
C09960,12.9991513,77.5695657,4,5,1.1845266312059415,4.738106524823766
C09961,12.8947594,77.6150069,2,8,4.225695634403302,8.451391268806605
C09962,12.8369187,77.7851182,2,4,15.053621751333125,30.10724350266625
C09963,12.9197542,77.5812215,5,8,0.3835827491193859,1.9179137455969295
C09964,13.019851,77.6339757,3,1,4.4303297396768695,13.290989219030608
C09965,12.9756198,77.5729864,10,5,3.069148347886354,30.691483478863542
C09966,12.9803441,77.637495,5,1,0.9472356442613005,4.736178221306503
C09967,13.0230548,77.6472679,2,1,5.155843240714569,10.311686481429138
C09968,13.0573972,77.590806,3,2,2.4418143205837395,7.325442961751218
C09969,12.9894635,77.5533365,3,5,1.2545375145128626,3.7636125435385877
C09970,13.0113153,77.6621399,2,1,5.001852261488101,10.003704522976202
C09971,13.0469764,77.5687776,2,2,4.073771410915076,8.147542821830152
C09972,13.0633812,77.5914149,5,2,1.8086288335340985,9.043144167670492
C09973,12.9728208,77.6066762,6,1,2.532373841296237,15.194243047777421
C09974,13.0271281,77.6042299,5,5,5.813974648112018,29.069873240560092
C09975,13.0814685,77.5882534,10,2,0.2903234998230242,2.903234998230242
C09976,13.0728944,77.5978746,2,2,1.3659625894358682,2.7319251788717365
C09977,12.9646622,77.5392138,11,5,4.398443472487964,48.3828781973676
C09978,12.9935838,77.6607658,2,1,3.7779304618331575,7.555860923666315
C09979,12.9477974,77.6259438,2,1,3.5951174965400656,7.190234993080131
C09980,12.955693,77.7204456,1,7,1.0497907460622804,1.0497907460622804
C09981,13.003024,77.5484964,2,5,1.1692206766262965,2.338441353252593
C09982,12.9821863,77.5660957,2,5,2.0819327810671835,4.163865562134367
C09983,12.9648434,77.6439312,5,1,2.3625779579694908,11.812889789847453
C09984,12.9916087,77.5704303,4,5,1.5492009289852255,6.196803715940902
C09985,13.0586705,77.538076,1,2,5.774256181443027,5.774256181443027
C09986,12.9014789,77.5734953,3,8,2.22668504120362,6.68005512361086
C09987,12.871686,77.5425249,3,8,6.897342855934266,20.692028567802797
C09988,12.9220015,77.6193966,1,8,3.8098369449473277,3.8098369449473277
C09989,12.8923027,77.5981823,2,8,3.2540704148323645,6.508140829664729
C09990,12.956735,77.6982165,2,7,2.922475855430115,5.84495171086023
C09991,12.9723435,77.6514754,9,1,2.612079448388011,23.508715035492102
C09992,13.0144093,77.5736842,4,5,2.3183165387560956,9.273266155024382
C09993,12.9761897,77.5331156,5,5,3.789365510632657,18.946827553163285
C09994,12.9690381,77.6483419,1,1,2.4553133942073395,2.4553133942073395
C09995,12.9561944,77.5460348,8,5,4.988101176130192,39.90480940904153
C09996,12.8774214,77.6388932,8,4,2.9264251528863334,23.411401223090667
C09997,12.9790743,77.6357695,1,1,0.7690643200406622,0.7690643200406622
C09998,12.9152285,77.6321683,2,4,3.75909084181376,7.51818168362752
C09999,12.9502567,77.5957807,5,8,3.727365966008706,18.63682983004353
C10000,12.9446183,77.7469154,5,7,3.3304278476434,16.652139238217
